  0
SECTION
  2
HEADER
  9
$ACADVER
  1
AC1021
  9
$ACADMAINTVER
  70
50
  9
$DWGCODEPAGE
  3
ANSI_936
  9
$LASTSAVEDBY
  1
win10
  9
$INSBASE
  10
0
  20
0
  30
0
  9
$EXTMIN
  10
100000000000000000000
  20
100000000000000000000
  30
100000000000000000000
  9
$EXTMAX
  10
-100000000000000000000
  20
-100000000000000000000
  30
-100000000000000000000
  9
$LIMMIN
  10
0
  20
0
  9
$LIMMAX
  10
12
  20
9
  9
$ORTHOMODE
  70
0
  9
$REGENMODE
  70
1
  9
$FILLMODE
  70
1
  9
$QTEXTMODE
  70
0
  9
$MIRRTEXT
  70
0
  9
$LTSCALE
  40
1
  9
$ATTMODE
  70
1
  9
$TEXTSIZE
  40
0.2
  9
$TRACEWID
  40
0.05
  9
$TEXTSTYLE
  7
Standard
  9
$CLAYER
  8
0
  9
$CELTYPE
  6
ByLayer
  9
$CECOLOR
  62
256
  9
$CELTSCALE
  40
1
  9
$DISPSILH
  70
0
  9
$DIMSCALE
  40
1
  9
$DIMASZ
  40
0.18
  9
$DIMEXO
  40
0.0625
  9
$DIMDLI
  40
0.38
  9
$DIMRND
  40
0
  9
$DIMDLE
  40
0
  9
$DIMEXE
  40
0.18
  9
$DIMTP
  40
0
  9
$DIMTM
  40
0
  9
$DIMTXT
  40
0.18
  9
$DIMCEN
  40
0.09
  9
$DIMTSZ
  40
0
  9
$DIMTOL
  70
0
  9
$DIMLIM
  70
0
  9
$DIMTIH
  70
1
  9
$DIMTOH
  70
1
  9
$DIMSE1
  70
0
  9
$DIMSE2
  70
0
  9
$DIMTAD
  70
0
  9
$DIMZIN
  70
0
  9
$DIMBLK
  1

  9
$DIMASO
  70
1
  9
$DIMSHO
  70
1
  9
$DIMPOST
  1

  9
$DIMAPOST
  1

  9
$DIMALT
  70
0
  9
$DIMALTD
  70
2
  9
$DIMALTF
  40
25.4
  9
$DIMLFAC
  40
1
  9
$DIMTOFL
  70
0
  9
$DIMTVP
  40
0
  9
$DIMTIX
  70
0
  9
$DIMSOXD
  70
0
  9
$DIMSAH
  70
0
  9
$DIMBLK1
  1

  9
$DIMBLK2
  1

  9
$DIMSTYLE
  2
Standard
  9
$DIMCLRD
  70
0
  9
$DIMCLRE
  70
0
  9
$DIMCLRT
  70
0
  9
$DIMTFAC
  40
1
  9
$DIMGAP
  40
0.09
  9
$DIMJUST
  70
0
  9
$DIMSD1
  70
0
  9
$DIMSD2
  70
0
  9
$DIMTOLJ
  70
1
  9
$DIMTZIN
  70
0
  9
$DIMALTZ
  70
0
  9
$DIMALTTZ
  70
0
  9
$DIMUPT
  70
0
  9
$DIMDEC
  70
4
  9
$DIMTDEC
  70
4
  9
$DIMALTU
  70
2
  9
$DIMALTTD
  70
2
  9
$DIMTXSTY
  7
Standard
  9
$DIMAUNIT
  70
0
  9
$DIMADEC
  70
0
  9
$DIMALTRND
  40
0
  9
$DIMAZIN
  70
0
  9
$DIMDSEP
  70
46
  9
$DIMATFIT
  70
3
  9
$DIMFRAC
  70
0
  9
$DIMLDRBLK
  1

  9
$DIMLUNIT
  70
2
  9
$DIMLWD
  70
-2
  9
$DIMLWE
  70
-2
  9
$DIMTMOVE
  70
0
  9
$DIMFXL
  40
1
  9
$DIMFXLON
  70
0
  9
$DIMJOGANG
  40
0.7853981633974483
  9
$DIMTFILL
  70
0
  9
$DIMTFILLCLR
  70
0
  9
$DIMARCSYM
  70
0
  9
$DIMLTYPE
  6

  9
$DIMLTEX1
  6

  9
$DIMLTEX2
  6

  9
$LUNITS
  70
2
  9
$LUPREC
  70
4
  9
$SKETCHINC
  40
0.1
  9
$FILLETRAD
  40
0
  9
$AUNITS
  70
0
  9
$AUPREC
  70
0
  9
$MENU
  1
.
  9
$ELEVATION
  40
0
  9
$PELEVATION
  40
0
  9
$THICKNESS
  40
0
  9
$LIMCHECK
  70
0
  9
$CHAMFERA
  40
0
  9
$CHAMFERB
  40
0
  9
$CHAMFERC
  40
0
  9
$CHAMFERD
  40
0
  9
$SKPOLY
  70
0
  9
$TDCREATE
  40
2460560.605914352
  9
$TDUCREATE
  40
2460560.272581019
  9
$TDUPDATE
  40
2460560.629363426
  9
$TDUUPDATE
  40
2460560.296030092
  9
$TDINDWG
  40
0.0234490741
  9
$TDUSRTIMER
  40
0.0234490741
  9
$USRTIMER
  70
1
  9
$ANGBASE
  50
0
  9
$ANGDIR
  70
0
  9
$PDMODE
  70
0
  9
$PDSIZE
  40
0
  9
$PLINEWID
  40
0
  9
$SPLFRAME
  70
0
  9
$SPLINETYPE
  70
6
  9
$SPLINESEGS
  70
8
  9
$HANDSEED
  5
33E
  9
$SURFTAB1
  70
6
  9
$SURFTAB2
  70
6
  9
$SURFTYPE
  70
6
  9
$SURFU
  70
6
  9
$SURFV
  70
6
  9
$UCSBASE
  2

  9
$UCSNAME
  2

  9
$UCSORG
  10
0
  20
0
  30
0
  9
$UCSXDIR
  10
1
  20
0
  30
0
  9
$UCSYDIR
  10
0
  20
1
  30
0
  9
$UCSORTHOREF
  2

  9
$UCSORTHOVIEW
  70
0
  9
$UCSORGTOP
  10
0
  20
0
  30
0
  9
$UCSORGBOTTOM
  10
0
  20
0
  30
0
  9
$UCSORGLEFT
  10
0
  20
0
  30
0
  9
$UCSORGRIGHT
  10
0
  20
0
  30
0
  9
$UCSORGFRONT
  10
0
  20
0
  30
0
  9
$UCSORGBACK
  10
0
  20
0
  30
0
  9
$PUCSBASE
  2

  9
$PUCSNAME
  2

  9
$PUCSORG
  10
0
  20
0
  30
0
  9
$PUCSXDIR
  10
1
  20
0
  30
0
  9
$PUCSYDIR
  10
0
  20
1
  30
0
  9
$PUCSORTHOREF
  2

  9
$PUCSORTHOVIEW
  70
0
  9
$PUCSORGTOP
  10
0
  20
0
  30
0
  9
$PUCSORGBOTTOM
  10
0
  20
0
  30
0
  9
$PUCSORGLEFT
  10
0
  20
0
  30
0
  9
$PUCSORGRIGHT
  10
0
  20
0
  30
0
  9
$PUCSORGFRONT
  10
0
  20
0
  30
0
  9
$PUCSORGBACK
  10
0
  20
0
  30
0
  9
$USERI1
  70
0
  9
$USERI2
  70
0
  9
$USERI3
  70
0
  9
$USERI4
  70
0
  9
$USERI5
  70
0
  9
$USERR1
  40
0
  9
$USERR2
  40
0
  9
$USERR3
  40
0
  9
$USERR4
  40
0
  9
$USERR5
  40
0
  9
$WORLDVIEW
  70
1
  9
$SHADEDGE
  70
3
  9
$SHADEDIF
  70
70
  9
$TILEMODE
  70
1
  9
$MAXACTVP
  70
64
  9
$PINSBASE
  10
0
  20
0
  30
0
  9
$PLIMCHECK
  70
0
  9
$PEXTMIN
  10
0
  20
0
  30
0
  9
$PEXTMAX
  10
0
  20
0
  30
0
  9
$PLIMMIN
  10
0
  20
0
  9
$PLIMMAX
  10
12
  20
9
  9
$UNITMODE
  70
0
  9
$VISRETAIN
  70
1
  9
$PLINEGEN
  70
0
  9
$PSLTSCALE
  70
1
  9
$TREEDEPTH
  70
3020
  9
$CMLSTYLE
  2
Standard
  9
$CMLJUST
  70
0
  9
$CMLSCALE
  40
1
  9
$PROXYGRAPHICS
  70
1
  9
$MEASUREMENT
  70
0
  9
$CELWEIGHT
  370
-1
  9
$ENDCAPS
  280
0
  9
$JOINSTYLE
  280
0
  9
$LWDISPLAY
  290
0
  9
$INSUNITS
  70
4
  9
$HYPERLINKBASE
  1

  9
$STYLESHEET
  1

  9
$XEDIT
  290
0
  9
$CEPSNTYPE
  380
0
  9
$PSTYLEMODE
  290
0
  9
$FINGERPRINTGUID
  2
{FA9A02B2-7E04-C34E-BD13-02980AC2B394}
  9
$VERSIONGUID
  2
{964EB223-33A2-D549-8684-CDE005EE773C}
  9
$EXTNAMES
  290
0
  9
$PSVPSCALE
  40
0
  9
$OLESTARTUP
  290
0
  9
$SORTENTS
  280
127
  9
$INDEXCTL
  280
0
  9
$HIDETEXT
  280
1
  9
$XCLIPFRAME
  290
0
  9
$HALOGAP
  280
0
  9
$OBSCOLOR
  70
257
  9
$OBSLTYPE
  280
0
  9
$INTERSECTIONDISPLAY
  280
0
  9
$INTERSECTIONCOLOR
  70
257
  9
$DIMASSOC
  280
2
  9
$PROJECTNAME
  1

  9
$CAMERADISPLAY
  290
0
  9
$LENSLENGTH
  40
50
  9
$CAMERAHEIGHT
  40
60
  9
$STEPSPERSEC
  40
2
  9
$STEPSIZE
  40
6
  9
$3DDWFPREC
  40
2
  9
$PSOLWIDTH
  40
0.25
  9
$PSOLHEIGHT
  40
4
  9
$LOFTANG1
  40
1.570796326794896
  9
$LOFTANG2
  40
1.570796326794896
  9
$LOFTMAG1
  40
0
  9
$LOFTMAG2
  40
0
  9
$LOFTPARAM
  70
7
  9
$LOFTNORMALS
  280
1
  9
$LATITUDE
  40
37.795
  9
$LONGITUDE
  40
-122.394
  9
$NORTHDIRECTION
  40
0
  9
$TIMEZONE
  70
-8000
  9
$LIGHTGLYPHDISPLAY
  280
1
  9
$TILEMODELIGHTSYNCH
  280
1
  9
$CMATERIAL
  347
92
  9
$SOLIDHIST
  280
0
  9
$SHOWHIST
  280
1
  9
$DWFFRAME
  280
2
  9
$DGNFRAME
  280
0
  9
$REALWORLDSCALE
  290
0
  9
$INTERFERECOLOR
  62
1
  9
$INTERFEREOBJVS
  345
9F
  9
$INTERFEREVPVS
  346
9C
  9
$CSHADOW
  280
0
  9
$SHADOWPLANELOCATION
  40
0
  0
ENDSEC
  0
SECTION
  2
CLASSES
  0
CLASS
  1
ACDBDICTIONARYWDFLT
  2
AcDbDictionaryWithDefault
  3
ObjectDBX Classes
  90
0
  91
1
  280
0
  281
0
  0
CLASS
  1
DICTIONARYVAR
  2
AcDbDictionaryVar
  3
ObjectDBX Classes
  90
0
  91
15
  280
0
  281
0
  0
CLASS
  1
MATERIAL
  2
AcDbMaterial
  3
ObjectDBX Classes
  90
1153
  91
3
  280
0
  281
0
  0
CLASS
  1
VISUALSTYLE
  2
AcDbVisualStyle
  3
ObjectDBX Classes
  90
4095
  91
24
  280
0
  281
0
  0
CLASS
  1
TABLESTYLE
  2
AcDbTableStyle
  3
ObjectDBX Classes
  90
4095
  91
1
  280
0
  281
0
  0
CLASS
  1
SCALE
  2
AcDbScale
  3
ObjectDBX Classes
  90
1153
  91
33
  280
0
  281
0
  0
CLASS
  1
MLEADERSTYLE
  2
AcDbMLeaderStyle
  3
ACDB_MLEADERSTYLE_CLASS
  90
4095
  91
2
  280
0
  281
0
  0
CLASS
  1
CELLSTYLEMAP
  2
AcDbCellStyleMap
  3
ObjectDBX Classes
  90
1152
  91
4
  280
0
  281
0
  0
CLASS
  1
EXACXREFPANELOBJECT
  2
ExAcXREFPanelObject
  3
EXAC_ESW
  90
1025
  91
0
  280
0
  281
0
  0
CLASS
  1
NPOCOLLECTION
  2
AcDbImpNonPersistentObjectsCollection
  3
ObjectDBX Classes
  90
1153
  91
0
  280
0
  281
0
  0
CLASS
  1
LAYER_INDEX
  2
AcDbLayerIndex
  3
ObjectDBX Classes
  90
0
  91
0
  280
0
  281
0
  0
CLASS
  1
SPATIAL_INDEX
  2
AcDbSpatialIndex
  3
ObjectDBX Classes
  90
0
  91
0
  280
0
  281
0
  0
CLASS
  1
IDBUFFER
  2
AcDbIdBuffer
  3
ObjectDBX Classes
  90
0
  91
0
  280
0
  281
0
  0
CLASS
  1
ACDBSECTIONVIEWSTYLE
  2
AcDbSectionViewStyle
  3
ObjectDBX Classes
  90
1025
  91
1
  280
0
  281
0
  0
CLASS
  1
ACDBDETAILVIEWSTYLE
  2
AcDbDetailViewStyle
  3
ObjectDBX Classes
  90
1025
  91
1
  280
0
  281
0
  0
ENDSEC
  0
SECTION
  2
TABLES
  0
TABLE
  2
VPORT
  5
8
  330
0
  100
AcDbSymbolTable
  70
1
  0
VPORT
  5
90
  330
8
  100
AcDbSymbolTableRecord
  100
AcDbViewportTableRecord
  2
*Active
  70
0
  10
0
  20
0
  11
1
  21
1
  12
97.5486911906951
  22
42.51345460271504
  13
0
  23
0
  14
0.5
  24
0.5
  15
0.5
  25
0.5
  16
0
  26
0
  36
1
  17
0
  27
0
  37
0
  40
78.45799938217576
  41
1.945409429280396
  42
50
  43
0
  44
0
  50
0
  51
0
  71
0
  72
1000
  73
1
  74
3
  75
0
  76
1
  77
0
  78
0
  281
0
  65
1
  110
0
  120
0
  130
0
  111
1
  121
0
  131
0
  112
0
  122
1
  132
0
  79
0
  146
0
  348
9B
  60
3
  61
5
  292
0
  282
1
  141
0
  142
0
  63
250
  421
3355443
  1001
ACAD_NAV_VCDISPLAY
  1070
3
  0
ENDTAB
  0
TABLE
  2
LTYPE
  5
5
  330
0
  100
AcDbSymbolTable
  70
1
  0
LTYPE
  5
14
  330
5
  100
AcDbSymbolTableRecord
  100
AcDbLinetypeTableRecord
  2
ByBlock
  70
0
  3

  72
65
  73
0
  40
0
  0
LTYPE
  5
15
  330
5
  100
AcDbSymbolTableRecord
  100
AcDbLinetypeTableRecord
  2
ByLayer
  70
0
  3

  72
65
  73
0
  40
0
  0
LTYPE
  5
16
  330
5
  100
AcDbSymbolTableRecord
  100
AcDbLinetypeTableRecord
  2
Continuous
  70
0
  3
Solid line
  72
65
  73
0
  40
0
  0
ENDTAB
  0
TABLE
  2
LAYER
  5
2
  102
{ACAD_XDICTIONARY
  360
18B
  102
}
  330
0
  100
AcDbSymbolTable
  70
1
  0
LAYER
  5
1024
  100
AcDbSymbolTableRecord
  100
AcDbLayerTableRecord
  2
Top-Layer
  70
0
  420
16711680
  6
Continuous
  370
-3
  390
F
  347
21
  0
LAYER
  5
1025
  100
AcDbSymbolTableRecord
  100
AcDbLayerTableRecord
  2
Bottom-Layer
  70
0
  420
255
  6
Continuous
  370
-3
  390
F
  347
21
  0
LAYER
  5
1026
  100
AcDbSymbolTableRecord
  100
AcDbLayerTableRecord
  2
Top-Silkscreen-Layer
  70
0
  420
16763904
  6
Continuous
  370
-3
  390
F
  347
21
  0
LAYER
  5
1027
  100
AcDbSymbolTableRecord
  100
AcDbLayerTableRecord
  2
Bottom-Silkscreen-Layer
  70
0
  420
6736947
  6
Continuous
  370
-3
  390
F
  347
21
  0
LAYER
  5
1028
  100
AcDbSymbolTableRecord
  100
AcDbLayerTableRecord
  2
Top-Solder-Mask-Layer
  70
0
  420
8388736
  6
Continuous
  370
-3
  390
F
  347
21
  0
LAYER
  5
1029
  100
AcDbSymbolTableRecord
  100
AcDbLayerTableRecord
  2
Bottom-Solder-Mask-Layer
  70
0
  420
11141375
  6
Continuous
  370
-3
  390
F
  347
21
  0
LAYER
  5
1030
  100
AcDbSymbolTableRecord
  100
AcDbLayerTableRecord
  2
Top-Paste-Mask-Layer
  70
0
  420
8421504
  6
Continuous
  370
-3
  390
F
  347
21
  0
LAYER
  5
1031
  100
AcDbSymbolTableRecord
  100
AcDbLayerTableRecord
  2
Bottom-Paste-Mask-Layer
  70
0
  420
8388608
  6
Continuous
  370
-3
  390
F
  347
21
  0
LAYER
  5
1032
  100
AcDbSymbolTableRecord
  100
AcDbLayerTableRecord
  2
Top-Assembly-Layer
  70
0
  420
3394713
  6
Continuous
  370
-3
  390
F
  347
21
  0
LAYER
  5
1033
  100
AcDbSymbolTableRecord
  100
AcDbLayerTableRecord
  2
Bottom-Assembly-Layer
  70
0
  420
5592575
  6
Continuous
  370
-3
  390
F
  347
21
  0
LAYER
  5
1034
  100
AcDbSymbolTableRecord
  100
AcDbLayerTableRecord
  2
Board-Outline-Layer
  70
0
  420
16711935
  6
Continuous
  370
-3
  390
F
  347
21
  0
LAYER
  5
1035
  100
AcDbSymbolTableRecord
  100
AcDbLayerTableRecord
  2
Multi-Layer
  70
0
  420
12632256
  6
Continuous
  370
-3
  390
F
  347
21
  0
LAYER
  5
1036
  100
AcDbSymbolTableRecord
  100
AcDbLayerTableRecord
  2
Document-Layer
  70
0
  420
16777215
  6
Continuous
  370
-3
  390
F
  347
21
  0
LAYER
  5
1037
  100
AcDbSymbolTableRecord
  100
AcDbLayerTableRecord
  2
Mechanical-Layer
  70
0
  420
15737584
  6
Continuous
  370
-3
  390
F
  347
21
  0
LAYER
  5
1038
  100
AcDbSymbolTableRecord
  100
AcDbLayerTableRecord
  2
Hole-Layer
  70
0
  420
2236962
  6
Continuous
  370
-3
  390
F
  347
21
  0
LAYER
  5
1039
  100
AcDbSymbolTableRecord
  100
AcDbLayerTableRecord
  2
3D-Shell-Outline-Layer
  70
0
  420
6750105
  6
Continuous
  370
-3
  390
F
  347
21
  0
LAYER
  5
1040
  100
AcDbSymbolTableRecord
  100
AcDbLayerTableRecord
  2
3D-Shell-Top-Layer
  70
0
  420
16764159
  6
Continuous
  370
-3
  390
F
  347
21
  0
LAYER
  5
1041
  100
AcDbSymbolTableRecord
  100
AcDbLayerTableRecord
  2
3D-Shell-Bottom-Layer
  70
0
  420
26316
  6
Continuous
  370
-3
  390
F
  347
21
  0
LAYER
  5
1042
  100
AcDbSymbolTableRecord
  100
AcDbLayerTableRecord
  2
Drill-Drawing-Layer
  70
0
  420
32896
  6
Continuous
  370
-3
  390
F
  347
21
  0
LAYER
  5
1043
  100
AcDbSymbolTableRecord
  100
AcDbLayerTableRecord
  2
Ratline-Layer
  70
0
  420
6579455
  6
Continuous
  370
-3
  390
F
  347
21
  0
LAYER
  5
1044
  100
AcDbSymbolTableRecord
  100
AcDbLayerTableRecord
  2
User.1
  70
0
  420
9464297
  6
Continuous
  370
-3
  390
F
  347
21
  0
LAYER
  5
10
  102
{ACAD_XDICTIONARY
  360
E1
  102
}
  330
2
  100
AcDbSymbolTableRecord
  100
AcDbLayerTableRecord
  2
0
  70
0
  62
7
  6
Continuous
  370
-3
  390
F
  347
94
  0
ENDTAB
  0
TABLE
  2
STYLE
  5
3
  330
0
  100
AcDbSymbolTable
  70
2
  0
STYLE
  5
11
  330
3
  100
AcDbSymbolTableRecord
  100
AcDbTextStyleTableRecord
  2
Standard
  70
0
  40
0
  41
1
  50
0
  71
0
  42
0.2
  3
arial.ttf
  4

  1001
ACAD
  1000
Arial
  1071
34
  0
STYLE
  5
D7
  330
3
  100
AcDbSymbolTableRecord
  100
AcDbTextStyleTableRecord
  2
Annotative
  70
0
  40
0
  41
1
  50
0
  71
0
  42
0.2
  3
arial.ttf
  4

  1001
AcadAnnotative
  1000
AnnotativeData
  1002
{
  1070
1
  1070
1
  1002
}
  1001
ACAD
  1000
Arial
  1071
34
  0
ENDTAB
  0
TABLE
  2
VIEW
  5
6
  330
0
  100
AcDbSymbolTable
  70
0
  0
ENDTAB
  0
TABLE
  2
UCS
  5
7
  330
0
  100
AcDbSymbolTable
  70
0
  0
ENDTAB
  0
TABLE
  2
APPID
  5
9
  330
0
  100
AcDbSymbolTable
  70
7
  0
APPID
  5
12
  330
9
  100
AcDbSymbolTableRecord
  100
AcDbRegAppTableRecord
  2
ACAD
  70
0
  0
APPID
  5
D8
  330
9
  100
AcDbSymbolTableRecord
  100
AcDbRegAppTableRecord
  2
AcadAnnoPO
  70
0
  0
APPID
  5
D9
  330
9
  100
AcDbSymbolTableRecord
  100
AcDbRegAppTableRecord
  2
AcadAnnotative
  70
0
  0
APPID
  5
DA
  330
9
  100
AcDbSymbolTableRecord
  100
AcDbRegAppTableRecord
  2
ACAD_DSTYLE_DIMJAG
  70
0
  0
APPID
  5
DB
  330
9
  100
AcDbSymbolTableRecord
  100
AcDbRegAppTableRecord
  2
ACAD_DSTYLE_DIMTALN
  70
0
  0
APPID
  5
102
  330
9
  100
AcDbSymbolTableRecord
  100
AcDbRegAppTableRecord
  2
ACAD_MLEADERVER
  70
0
  0
APPID
  5
1A3
  330
9
  100
AcDbSymbolTableRecord
  100
AcDbRegAppTableRecord
  2
ACAD_NAV_VCDISPLAY
  70
0
  0
ENDTAB
  0
TABLE
  2
DIMSTYLE
  5
A
  330
0
  100
AcDbSymbolTable
  70
2
  100
AcDbDimStyleTable
  71
2
  340
DC
  340
27
  0
DIMSTYLE
  105
27
  330
A
  100
AcDbSymbolTableRecord
  100
AcDbDimStyleTableRecord
  2
Standard
  70
0
  340
11
  0
DIMSTYLE
  105
DC
  330
A
  100
AcDbSymbolTableRecord
  100
AcDbDimStyleTableRecord
  2
Annotative
  70
0
  40
0
  340
11
  1001
AcadAnnotative
  1000
AnnotativeData
  1002
{
  1070
1
  1070
1
  1002
}
  1001
ACAD_DSTYLE_DIMJAG
  1070
388
  1040
1.5
  1001
ACAD_DSTYLE_DIMTALN
  1070
392
  1070
0
  0
ENDTAB
  0
TABLE
  2
BLOCK_RECORD
  5
1
  330
0
  100
AcDbSymbolTable
  70
1
  0
BLOCK_RECORD
  5
1F
  102
{ACAD_XDICTIONARY
  360
15A
  102
}
  330
1
  100
AcDbSymbolTableRecord
  100
AcDbBlockTableRecord
  2
*Model_Space
  340
22
  70
0
  280
1
  281
0
  0
BLOCK_RECORD
  5
73
  330
1
  100
AcDbSymbolTableRecord
  100
AcDbBlockTableRecord
  2
*Paper_Space
  340
74
  70
0
  280
1
  281
0
  0
BLOCK_RECORD
  5
78
  330
1
  100
AcDbSymbolTableRecord
  100
AcDbBlockTableRecord
  2
*Paper_Space0
  340
79
  70
0
  280
1
  281
0
  0
ENDTAB
  0
ENDSEC
  0
SECTION
  2
BLOCKS
  0
BLOCK
  5
20
  330
1F
  100
AcDbEntity
  8
0
  100
AcDbBlockBegin
  2
*Model_Space
  70
0
  10
0
  20
0
  3
*Model_Space
  1

  0
ENDBLK
  5
21
  330
1F
  100
AcDbEntity
  8
0
  100
AcDbBlockEnd
  0
BLOCK
  5
75
  330
73
  100
AcDbEntity
  67
1
  8
0
  100
AcDbBlockBegin
  2
*Paper_Space
  70
0
  10
0
  20
0
  3
*Paper_Space
  1

  0
ENDBLK
  5
76
  330
73
  100
AcDbEntity
  67
1
  8
0
  100
AcDbBlockEnd
  0
BLOCK
  5
7A
  330
78
  100
AcDbEntity
  67
1
  8
0
  100
AcDbBlockBegin
  2
*Paper_Space0
  70
0
  10
0
  20
0
  3
*Paper_Space0
  1

  0
ENDBLK
  5
7B
  330
78
  100
AcDbEntity
  67
1
  8
0
  100
AcDbBlockEnd
  0
ENDSEC
  0
SECTION
  2
ENTITIES
  0
LWPOLYLINE
  5
1261
  100
AcDbEntity
  8
Bottom-Layer
  100
AcDbPolyline
  90
2
  70
0
  43
0.25400050800101603
  10
25.0000500001
  20
59.00011800023601
  10
5.850105700211415
  20
59.00011800023601
  0
LWPOLYLINE
  5
1262
  100
AcDbEntity
  8
Bottom-Layer
  100
AcDbPolyline
  90
2
  70
0
  43
0.25400050800101603
  10
5.850105700211415
  20
59.00011800023601
  10
4.350102700205409
  20
60.50012100024201
  0
HATCH
  5
1518
  100
AcDbEntity
  8
Bottom-Layer
  100
AcDbHatch
  10
0
  20
0
  30
0
  210
0
  220
0
  230
1
  2
SOLID
  70
1
  71
0
  91
1
  92
7
  72
1
  73
1
  93
2
  10
39.20507838215676
  20
40.00008000016
  42
1
  10
40.95508193816388
  20
40.00008000016
  42
1
  97
1
  330
1517
  75
0
  76
1
  47
0.8681437583925616
  98
1
  10
3.629517071192367
  20
33.92795499968543
  450
0
  451
0
  460
0
  461
0
  452
1
  462
1
  453
2
  463
0
  63
5
  421
255
  463
1
  63
7
  421
16777215
  470
LINEAR
  1001
ACAD
  1010
0
  1020
0
  1030
0
  0
LWPOLYLINE
  5
1519
  100
AcDbEntity
  8
Bottom-Layer
  100
AcDbPolyline
  90
2
  70
1
  43
0
  10
39.20507838215676
  20
40.00008000016
  42
1
  10
40.95508193816388
  20
40.00008000016
  42
1
  0
HATCH
  5
1548
  100
AcDbEntity
  8
Bottom-Layer
  100
AcDbHatch
  10
0
  20
0
  30
0
  210
0
  220
0
  230
1
  2
SOLID
  70
1
  71
0
  91
1
  92
7
  72
1
  73
1
  93
2
  10
29.045058062116123
  20
40.00008000016
  42
1
  10
30.79506161812324
  20
40.00008000016
  42
1
  97
1
  330
1547
  75
0
  76
1
  47
0.8681437583925616
  98
1
  10
3.629517071192367
  20
33.92795499968543
  450
0
  451
0
  460
0
  461
0
  452
1
  462
1
  453
2
  463
0
  63
5
  421
255
  463
1
  63
7
  421
16777215
  470
LINEAR
  1001
ACAD
  1010
0
  1020
0
  1030
0
  0
LWPOLYLINE
  5
1549
  100
AcDbEntity
  8
Bottom-Layer
  100
AcDbPolyline
  90
2
  70
1
  43
0
  10
29.045058062116123
  20
40.00008000016
  42
1
  10
30.79506161812324
  20
40.00008000016
  42
1
  0
HATCH
  5
1578
  100
AcDbEntity
  8
Bottom-Layer
  100
AcDbHatch
  10
0
  20
0
  30
0
  210
0
  220
0
  230
1
  2
SOLID
  70
1
  71
0
  91
1
  92
7
  72
1
  73
1
  93
2
  10
33.000066063132124
  20
40.00008000016
  42
1
  10
37.000073937147874
  20
40.00008000016
  42
1
  97
1
  330
1577
  75
0
  76
1
  47
0.8681437583925616
  98
1
  10
3.629517071192367
  20
33.92795499968543
  450
0
  451
0
  460
0
  461
0
  452
1
  462
1
  453
2
  463
0
  63
5
  421
255
  463
1
  63
7
  421
16777215
  470
LINEAR
  1001
ACAD
  1010
0
  1020
0
  1030
0
  0
LWPOLYLINE
  5
1579
  100
AcDbEntity
  8
Bottom-Layer
  100
AcDbPolyline
  90
2
  70
1
  43
0
  10
33.000066063132124
  20
40.00008000016
  42
1
  10
37.00007393714788
  20
40.00008000016
  42
1
  0
HATCH
  5
1608
  100
AcDbEntity
  8
Bottom-Layer
  100
AcDbHatch
  10
0
  20
0
  30
0
  210
0
  220
0
  230
1
  2
SOLID
  70
1
  71
0
  91
1
  92
7
  72
1
  73
1
  93
2
  10
29.94005984011968
  20
42.54008508017016
  42
1
  10
32.44006492012984
  20
42.54008508017016
  42
1
  97
1
  330
1607
  75
0
  76
1
  47
0.8681437583925616
  98
1
  10
3.629517071192367
  20
33.92795499968543
  450
0
  451
0
  460
0
  461
0
  452
1
  462
1
  453
2
  463
0
  63
5
  421
255
  463
1
  63
7
  421
16777215
  470
LINEAR
  1001
ACAD
  1010
0
  1020
0
  1030
0
  0
LWPOLYLINE
  5
1609
  100
AcDbEntity
  8
Bottom-Layer
  100
AcDbPolyline
  90
2
  70
1
  43
0
  10
29.94005984011968
  20
42.54008508017016
  42
1
  10
32.44006492012984
  20
42.54008508017016
  42
1
  0
HATCH
  5
1638
  100
AcDbEntity
  8
Bottom-Layer
  100
AcDbHatch
  10
0
  20
0
  30
0
  210
0
  220
0
  230
1
  2
SOLID
  70
1
  71
0
  91
1
  92
7
  72
1
  73
1
  93
2
  10
36.29007254014508
  20
45.08009016018032
  42
1
  10
38.79007762015524
  20
45.08009016018032
  42
1
  97
1
  330
1637
  75
0
  76
1
  47
0.8681437583925616
  98
1
  10
3.629517071192367
  20
33.92795499968543
  450
0
  451
0
  460
0
  461
0
  452
1
  462
1
  453
2
  463
0
  63
5
  421
255
  463
1
  63
7
  421
16777215
  470
LINEAR
  1001
ACAD
  1010
0
  1020
0
  1030
0
  0
LWPOLYLINE
  5
1639
  100
AcDbEntity
  8
Bottom-Layer
  100
AcDbPolyline
  90
4
  70
0
  43
0
  10
36.29007254014508
  20
45.080090160614624
  42
1
  10
38.79007762015524
  20
45.080090160614624
  10
38.79007762015524
  20
45.080090159746014
  42
1
  10
36.29007254014508
  20
45.080090159746014
  0
HATCH
  5
1668
  100
AcDbEntity
  8
Bottom-Layer
  100
AcDbHatch
  10
0
  20
0
  30
0
  210
0
  220
0
  230
1
  2
SOLID
  70
1
  71
0
  91
1
  92
7
  72
1
  73
1
  93
2
  10
59.20511838223677
  20
40.000080000160004
  42
1
  10
60.955121938243884
  20
40.000080000160004
  42
1
  97
1
  330
1667
  75
0
  76
1
  47
0.8681437583925616
  98
1
  10
3.629517071192367
  20
33.92795499968543
  450
0
  451
0
  460
0
  461
0
  452
1
  462
1
  453
2
  463
0
  63
5
  421
255
  463
1
  63
7
  421
16777215
  470
LINEAR
  1001
ACAD
  1010
0
  1020
0
  1030
0
  0
LWPOLYLINE
  5
1669
  100
AcDbEntity
  8
Bottom-Layer
  100
AcDbPolyline
  90
2
  70
1
  43
0
  10
59.20511838223677
  20
40.000080000160004
  42
1
  10
60.955121938243884
  20
40.000080000160004
  42
1
  0
HATCH
  5
1698
  100
AcDbEntity
  8
Bottom-Layer
  100
AcDbHatch
  10
0
  20
0
  30
0
  210
0
  220
0
  230
1
  2
SOLID
  70
1
  71
0
  91
1
  92
7
  72
1
  73
1
  93
2
  10
49.045098062196125
  20
40.000080000160004
  42
1
  10
50.79510161820324
  20
40.000080000160004
  42
1
  97
1
  330
1697
  75
0
  76
1
  47
0.8681437583925616
  98
1
  10
3.629517071192367
  20
33.92795499968543
  450
0
  451
0
  460
0
  461
0
  452
1
  462
1
  453
2
  463
0
  63
5
  421
255
  463
1
  63
7
  421
16777215
  470
LINEAR
  1001
ACAD
  1010
0
  1020
0
  1030
0
  0
LWPOLYLINE
  5
1699
  100
AcDbEntity
  8
Bottom-Layer
  100
AcDbPolyline
  90
2
  70
1
  43
0
  10
49.045098062196125
  20
40.000080000160004
  42
1
  10
50.79510161820324
  20
40.000080000160004
  42
1
  0
HATCH
  5
1728
  100
AcDbEntity
  8
Bottom-Layer
  100
AcDbHatch
  10
0
  20
0
  30
0
  210
0
  220
0
  230
1
  2
SOLID
  70
1
  71
0
  91
1
  92
7
  72
1
  73
1
  93
2
  10
53.00010606321213
  20
40.000080000160004
  42
1
  10
57.00011393722788
  20
40.000080000160004
  42
1
  97
1
  330
1727
  75
0
  76
1
  47
0.8681437583925616
  98
1
  10
3.629517071192367
  20
33.92795499968543
  450
0
  451
0
  460
0
  461
0
  452
1
  462
1
  453
2
  463
0
  63
5
  421
255
  463
1
  63
7
  421
16777215
  470
LINEAR
  1001
ACAD
  1010
0
  1020
0
  1030
0
  0
LWPOLYLINE
  5
1729
  100
AcDbEntity
  8
Bottom-Layer
  100
AcDbPolyline
  90
2
  70
1
  43
0
  10
53.00010606321213
  20
40.000080000160004
  42
1
  10
57.00011393722788
  20
40.000080000160004
  42
1
  0
HATCH
  5
1758
  100
AcDbEntity
  8
Bottom-Layer
  100
AcDbHatch
  10
0
  20
0
  30
0
  210
0
  220
0
  230
1
  2
SOLID
  70
1
  71
0
  91
1
  92
7
  72
1
  73
1
  93
2
  10
49.940099840199686
  20
42.540085080170165
  42
1
  10
52.44010492020984
  20
42.540085080170165
  42
1
  97
1
  330
1757
  75
0
  76
1
  47
0.8681437583925616
  98
1
  10
3.629517071192367
  20
33.92795499968543
  450
0
  451
0
  460
0
  461
0
  452
1
  462
1
  453
2
  463
0
  63
5
  421
255
  463
1
  63
7
  421
16777215
  470
LINEAR
  1001
ACAD
  1010
0
  1020
0
  1030
0
  0
LWPOLYLINE
  5
1759
  100
AcDbEntity
  8
Bottom-Layer
  100
AcDbPolyline
  90
4
  70
0
  43
0
  10
49.940099840199686
  20
42.54008508060447
  42
1
  10
52.44010492020984
  20
42.54008508060447
  10
52.44010492020984
  20
42.54008507973587
  42
1
  10
49.940099840199686
  20
42.54008507973587
  0
HATCH
  5
1788
  100
AcDbEntity
  8
Bottom-Layer
  100
AcDbHatch
  10
0
  20
0
  30
0
  210
0
  220
0
  230
1
  2
SOLID
  70
1
  71
0
  91
1
  92
7
  72
1
  73
1
  93
2
  10
56.29011254022509
  20
45.080090160180326
  42
1
  10
58.79011762023524
  20
45.080090160180326
  42
1
  97
1
  330
1787
  75
0
  76
1
  47
0.8681437583925616
  98
1
  10
3.629517071192367
  20
33.92795499968543
  450
0
  451
0
  460
0
  461
0
  452
1
  462
1
  453
2
  463
0
  63
5
  421
255
  463
1
  63
7
  421
16777215
  470
LINEAR
  1001
ACAD
  1010
0
  1020
0
  1030
0
  0
LWPOLYLINE
  5
1789
  100
AcDbEntity
  8
Bottom-Layer
  100
AcDbPolyline
  90
4
  70
0
  43
0
  10
56.29011254022509
  20
45.08009016061463
  42
1
  10
58.79011762023524
  20
45.08009016061463
  10
58.79011762023524
  20
45.08009015974602
  42
1
  10
56.29011254022509
  20
45.08009015974602
  0
HATCH
  5
1818
  100
AcDbEntity
  8
Bottom-Layer
  100
AcDbHatch
  10
0
  20
0
  30
0
  210
0
  220
0
  230
1
  2
SOLID
  70
1
  71
0
  91
1
  92
7
  72
1
  73
1
  93
2
  10
59.205118382236776
  20
15.000030000060002
  42
1
  10
60.95512193824389
  20
15.000030000060002
  42
1
  97
1
  330
1817
  75
0
  76
1
  47
0.8681437583925616
  98
1
  10
3.629517071192367
  20
33.92795499968543
  450
0
  451
0
  460
0
  461
0
  452
1
  462
1
  453
2
  463
0
  63
5
  421
255
  463
1
  63
7
  421
16777215
  470
LINEAR
  1001
ACAD
  1010
0
  1020
0
  1030
0
  0
LWPOLYLINE
  5
1819
  100
AcDbEntity
  8
Bottom-Layer
  100
AcDbPolyline
  90
2
  70
1
  43
0
  10
59.205118382236776
  20
15.000030000060002
  42
1
  10
60.95512193824389
  20
15.000030000060002
  42
1
  0
HATCH
  5
1848
  100
AcDbEntity
  8
Bottom-Layer
  100
AcDbHatch
  10
0
  20
0
  30
0
  210
0
  220
0
  230
1
  2
SOLID
  70
1
  71
0
  91
1
  92
7
  72
1
  73
1
  93
2
  10
49.045098062196125
  20
15.000030000060002
  42
1
  10
50.79510161820324
  20
15.000030000060002
  42
1
  97
1
  330
1847
  75
0
  76
1
  47
0.8681437583925616
  98
1
  10
3.629517071192367
  20
33.92795499968543
  450
0
  451
0
  460
0
  461
0
  452
1
  462
1
  453
2
  463
0
  63
5
  421
255
  463
1
  63
7
  421
16777215
  470
LINEAR
  1001
ACAD
  1010
0
  1020
0
  1030
0
  0
LWPOLYLINE
  5
1849
  100
AcDbEntity
  8
Bottom-Layer
  100
AcDbPolyline
  90
2
  70
1
  43
0
  10
49.045098062196125
  20
15.000030000060002
  42
1
  10
50.79510161820324
  20
15.000030000060002
  42
1
  0
HATCH
  5
1878
  100
AcDbEntity
  8
Bottom-Layer
  100
AcDbHatch
  10
0
  20
0
  30
0
  210
0
  220
0
  230
1
  2
SOLID
  70
1
  71
0
  91
1
  92
7
  72
1
  73
1
  93
2
  10
53.00010606321213
  20
15.000030000060002
  42
1
  10
57.00011393722788
  20
15.000030000060002
  42
1
  97
1
  330
1877
  75
0
  76
1
  47
0.8681437583925616
  98
1
  10
3.629517071192367
  20
33.92795499968543
  450
0
  451
0
  460
0
  461
0
  452
1
  462
1
  453
2
  463
0
  63
5
  421
255
  463
1
  63
7
  421
16777215
  470
LINEAR
  1001
ACAD
  1010
0
  1020
0
  1030
0
  0
LWPOLYLINE
  5
1879
  100
AcDbEntity
  8
Bottom-Layer
  100
AcDbPolyline
  90
2
  70
1
  43
0
  10
53.00010606321213
  20
15.000030000060002
  42
1
  10
57.00011393722788
  20
15.000030000060002
  42
1
  0
HATCH
  5
1908
  100
AcDbEntity
  8
Bottom-Layer
  100
AcDbHatch
  10
0
  20
0
  30
0
  210
0
  220
0
  230
1
  2
SOLID
  70
1
  71
0
  91
1
  92
7
  72
1
  73
1
  93
2
  10
49.940099840199686
  20
17.54003508007016
  42
1
  10
52.44010492020984
  20
17.54003508007016
  42
1
  97
1
  330
1907
  75
0
  76
1
  47
0.8681437583925616
  98
1
  10
3.629517071192367
  20
33.92795499968543
  450
0
  451
0
  460
0
  461
0
  452
1
  462
1
  453
2
  463
0
  63
5
  421
255
  463
1
  63
7
  421
16777215
  470
LINEAR
  1001
ACAD
  1010
0
  1020
0
  1030
0
  0
LWPOLYLINE
  5
1909
  100
AcDbEntity
  8
Bottom-Layer
  100
AcDbPolyline
  90
4
  70
0
  43
0
  10
49.940099840199686
  20
17.540035080504463
  42
1
  10
52.44010492020984
  20
17.540035080504463
  10
52.44010492020984
  20
17.540035079635864
  42
1
  10
49.940099840199686
  20
17.540035079635864
  0
HATCH
  5
1938
  100
AcDbEntity
  8
Bottom-Layer
  100
AcDbHatch
  10
0
  20
0
  30
0
  210
0
  220
0
  230
1
  2
SOLID
  70
1
  71
0
  91
1
  92
7
  72
1
  73
1
  93
2
  10
56.290112540225095
  20
20.080040160080323
  42
1
  10
58.79011762023525
  20
20.080040160080323
  42
1
  97
1
  330
1937
  75
0
  76
1
  47
0.8681437583925616
  98
1
  10
3.629517071192367
  20
33.92795499968543
  450
0
  451
0
  460
0
  461
0
  452
1
  462
1
  453
2
  463
0
  63
5
  421
255
  463
1
  63
7
  421
16777215
  470
LINEAR
  1001
ACAD
  1010
0
  1020
0
  1030
0
  0
LWPOLYLINE
  5
1939
  100
AcDbEntity
  8
Bottom-Layer
  100
AcDbPolyline
  90
4
  70
0
  43
0
  10
56.290112540225095
  20
20.08004016051462
  42
1
  10
58.79011762023525
  20
20.08004016051462
  10
58.79011762023525
  20
20.080040159646025
  42
1
  10
56.290112540225095
  20
20.080040159646025
  0
HATCH
  5
1968
  100
AcDbEntity
  8
Bottom-Layer
  100
AcDbHatch
  10
0
  20
0
  30
0
  210
0
  220
0
  230
1
  2
SOLID
  70
1
  71
0
  91
1
  92
7
  72
1
  73
1
  93
2
  10
39.20507838215678
  20
15.000030000060002
  42
1
  10
40.95508193816389
  20
15.000030000060002
  42
1
  97
1
  330
1967
  75
0
  76
1
  47
0.8681437583925616
  98
1
  10
3.629517071192367
  20
33.92795499968543
  450
0
  451
0
  460
0
  461
0
  452
1
  462
1
  453
2
  463
0
  63
5
  421
255
  463
1
  63
7
  421
16777215
  470
LINEAR
  1001
ACAD
  1010
0
  1020
0
  1030
0
  0
LWPOLYLINE
  5
1969
  100
AcDbEntity
  8
Bottom-Layer
  100
AcDbPolyline
  90
2
  70
1
  43
0
  10
39.20507838215678
  20
15.000030000060002
  42
1
  10
40.95508193816389
  20
15.000030000060002
  42
1
  0
HATCH
  5
1998
  100
AcDbEntity
  8
Bottom-Layer
  100
AcDbHatch
  10
0
  20
0
  30
0
  210
0
  220
0
  230
1
  2
SOLID
  70
1
  71
0
  91
1
  92
7
  72
1
  73
1
  93
2
  10
29.045058062116127
  20
15.000030000060002
  42
1
  10
30.795061618123242
  20
15.000030000060002
  42
1
  97
1
  330
1997
  75
0
  76
1
  47
0.8681437583925616
  98
1
  10
3.629517071192367
  20
33.92795499968543
  450
0
  451
0
  460
0
  461
0
  452
1
  462
1
  453
2
  463
0
  63
5
  421
255
  463
1
  63
7
  421
16777215
  470
LINEAR
  1001
ACAD
  1010
0
  1020
0
  1030
0
  0
LWPOLYLINE
  5
1999
  100
AcDbEntity
  8
Bottom-Layer
  100
AcDbPolyline
  90
4
  70
0
  43
0
  10
29.04505806211613
  20
15.000030000189591
  42
1
  10
30.79506161812324
  20
15.000030000189591
  10
30.79506161812324
  20
15.000029999930414
  42
1
  10
29.04505806211613
  20
15.000029999930414
  0
HATCH
  5
2028
  100
AcDbEntity
  8
Bottom-Layer
  100
AcDbHatch
  10
0
  20
0
  30
0
  210
0
  220
0
  230
1
  2
SOLID
  70
1
  71
0
  91
1
  92
7
  72
1
  73
1
  93
2
  10
33.000066063132124
  20
15.000030000060002
  42
1
  10
37.000073937147874
  20
15.000030000060002
  42
1
  97
1
  330
2027
  75
0
  76
1
  47
0.8681437583925616
  98
1
  10
3.629517071192367
  20
33.92795499968543
  450
0
  451
0
  460
0
  461
0
  452
1
  462
1
  453
2
  463
0
  63
5
  421
255
  463
1
  63
7
  421
16777215
  470
LINEAR
  1001
ACAD
  1010
0
  1020
0
  1030
0
  0
LWPOLYLINE
  5
2029
  100
AcDbEntity
  8
Bottom-Layer
  100
AcDbPolyline
  90
2
  70
1
  43
0
  10
33.000066063132124
  20
15.000030000060002
  42
1
  10
37.00007393714788
  20
15.000030000060002
  42
1
  0
HATCH
  5
2058
  100
AcDbEntity
  8
Bottom-Layer
  100
AcDbHatch
  10
0
  20
0
  30
0
  210
0
  220
0
  230
1
  2
SOLID
  70
1
  71
0
  91
1
  92
7
  72
1
  73
1
  93
2
  10
29.940059840119684
  20
17.54003508007016
  42
1
  10
32.44006492012984
  20
17.54003508007016
  42
1
  97
1
  330
2057
  75
0
  76
1
  47
0.8681437583925616
  98
1
  10
3.629517071192367
  20
33.92795499968543
  450
0
  451
0
  460
0
  461
0
  452
1
  462
1
  453
2
  463
0
  63
5
  421
255
  463
1
  63
7
  421
16777215
  470
LINEAR
  1001
ACAD
  1010
0
  1020
0
  1030
0
  0
LWPOLYLINE
  5
2059
  100
AcDbEntity
  8
Bottom-Layer
  100
AcDbPolyline
  90
2
  70
1
  43
0
  10
29.940059840119684
  20
17.54003508007016
  42
1
  10
32.44006492012985
  20
17.54003508007016
  42
1
  0
HATCH
  5
2088
  100
AcDbEntity
  8
Bottom-Layer
  100
AcDbHatch
  10
0
  20
0
  30
0
  210
0
  220
0
  230
1
  2
SOLID
  70
1
  71
0
  91
1
  92
7
  72
1
  73
1
  93
2
  10
36.2900725401451
  20
20.080040160080323
  42
1
  10
38.79007762015525
  20
20.080040160080323
  42
1
  97
1
  330
2087
  75
0
  76
1
  47
0.8681437583925616
  98
1
  10
3.629517071192367
  20
33.92795499968543
  450
0
  451
0
  460
0
  461
0
  452
1
  462
1
  453
2
  463
0
  63
5
  421
255
  463
1
  63
7
  421
16777215
  470
LINEAR
  1001
ACAD
  1010
0
  1020
0
  1030
0
  0
LWPOLYLINE
  5
2089
  100
AcDbEntity
  8
Bottom-Layer
  100
AcDbPolyline
  90
4
  70
0
  43
0
  10
36.2900725401451
  20
20.08004016051462
  42
1
  10
38.79007762015525
  20
20.08004016051462
  10
38.79007762015525
  20
20.080040159646025
  42
1
  10
36.2900725401451
  20
20.080040159646025
  0
HATCH
  5
2118
  100
AcDbEntity
  8
Bottom-Layer
  100
AcDbHatch
  10
0
  20
0
  30
0
  210
0
  220
0
  230
1
  2
SOLID
  70
1
  71
0
  91
1
  92
7
  72
1
  73
1
  93
2
  10
19.205038382076765
  20
15.000030000060002
  42
1
  10
20.95504193808388
  20
15.000030000060002
  42
1
  97
1
  330
2117
  75
0
  76
1
  47
0.8681437583925616
  98
1
  10
3.629517071192367
  20
33.92795499968543
  450
0
  451
0
  460
0
  461
0
  452
1
  462
1
  453
2
  463
0
  63
5
  421
255
  463
1
  63
7
  421
16777215
  470
LINEAR
  1001
ACAD
  1010
0
  1020
0
  1030
0
  0
LWPOLYLINE
  5
2119
  100
AcDbEntity
  8
Bottom-Layer
  100
AcDbPolyline
  90
4
  70
0
  43
0
  10
19.20503838207677
  20
15.000030000189591
  42
1
  10
20.955041938083877
  20
15.000030000189591
  10
20.955041938083877
  20
15.000029999930414
  42
1
  10
19.20503838207677
  20
15.000029999930414
  0
HATCH
  5
2148
  100
AcDbEntity
  8
Bottom-Layer
  100
AcDbHatch
  10
0
  20
0
  30
0
  210
0
  220
0
  230
1
  2
SOLID
  70
1
  71
0
  91
1
  92
7
  72
1
  73
1
  93
2
  10
9.045018062036126
  20
15.000030000060002
  42
1
  10
10.795021618043238
  20
15.000030000060002
  42
1
  97
1
  330
2147
  75
0
  76
1
  47
0.8681437583925616
  98
1
  10
3.629517071192367
  20
33.92795499968543
  450
0
  451
0
  460
0
  461
0
  452
1
  462
1
  453
2
  463
0
  63
5
  421
255
  463
1
  63
7
  421
16777215
  470
LINEAR
  1001
ACAD
  1010
0
  1020
0
  1030
0
  0
LWPOLYLINE
  5
2149
  100
AcDbEntity
  8
Bottom-Layer
  100
AcDbPolyline
  90
2
  70
1
  43
0
  10
9.045018062036126
  20
15.000030000060002
  42
1
  10
10.795021618043238
  20
15.000030000060002
  42
1
  0
HATCH
  5
2178
  100
AcDbEntity
  8
Bottom-Layer
  100
AcDbHatch
  10
0
  20
0
  30
0
  210
0
  220
0
  230
1
  2
SOLID
  70
1
  71
0
  91
1
  92
7
  72
1
  73
1
  93
2
  10
13.000026063052129
  20
15.000030000060002
  42
1
  10
17.000033937067876
  20
15.000030000060002
  42
1
  97
1
  330
2177
  75
0
  76
1
  47
0.8681437583925616
  98
1
  10
3.629517071192367
  20
33.92795499968543
  450
0
  451
0
  460
0
  461
0
  452
1
  462
1
  453
2
  463
0
  63
5
  421
255
  463
1
  63
7
  421
16777215
  470
LINEAR
  1001
ACAD
  1010
0
  1020
0
  1030
0
  0
LWPOLYLINE
  5
2179
  100
AcDbEntity
  8
Bottom-Layer
  100
AcDbPolyline
  90
4
  70
0
  43
0
  10
13.000026063052129
  20
15.000030001419498
  42
1
  10
17.000033937067876
  20
15.000030001419494
  10
17.000033937067876
  20
15.000029998700509
  42
1
  10
13.000026063052129
  20
15.000029998700509
  0
HATCH
  5
2208
  100
AcDbEntity
  8
Bottom-Layer
  100
AcDbHatch
  10
0
  20
0
  30
0
  210
0
  220
0
  230
1
  2
SOLID
  70
1
  71
0
  91
1
  92
7
  72
1
  73
1
  93
2
  10
9.940019840039682
  20
17.54003508007016
  42
1
  10
12.440024920049844
  20
17.54003508007016
  42
1
  97
1
  330
2207
  75
0
  76
1
  47
0.8681437583925616
  98
1
  10
3.629517071192367
  20
33.92795499968543
  450
0
  451
0
  460
0
  461
0
  452
1
  462
1
  453
2
  463
0
  63
5
  421
255
  463
1
  63
7
  421
16777215
  470
LINEAR
  1001
ACAD
  1010
0
  1020
0
  1030
0
  0
LWPOLYLINE
  5
2209
  100
AcDbEntity
  8
Bottom-Layer
  100
AcDbPolyline
  90
2
  70
1
  43
0
  10
9.94001984003968
  20
17.54003508007016
  42
1
  10
12.440024920049844
  20
17.54003508007016
  42
1
  0
HATCH
  5
2238
  100
AcDbEntity
  8
Bottom-Layer
  100
AcDbHatch
  10
0
  20
0
  30
0
  210
0
  220
0
  230
1
  2
SOLID
  70
1
  71
0
  91
1
  92
7
  72
1
  73
1
  93
2
  10
16.29003254006508
  20
20.080040160080323
  42
1
  10
18.790037620075243
  20
20.080040160080323
  42
1
  97
1
  330
2237
  75
0
  76
1
  47
0.8681437583925616
  98
1
  10
3.629517071192367
  20
33.92795499968543
  450
0
  451
0
  460
0
  461
0
  452
1
  462
1
  453
2
  463
0
  63
5
  421
255
  463
1
  63
7
  421
16777215
  470
LINEAR
  1001
ACAD
  1010
0
  1020
0
  1030
0
  0
LWPOLYLINE
  5
2239
  100
AcDbEntity
  8
Bottom-Layer
  100
AcDbPolyline
  90
2
  70
1
  43
0
  10
16.29003254006508
  20
20.080040160080323
  42
1
  10
18.790037620075243
  20
20.080040160080323
  42
1
  0
HATCH
  5
2286
  100
AcDbEntity
  8
Bottom-Layer
  100
AcDbHatch
  10
0
  20
0
  30
0
  210
0
  220
0
  230
1
  2
SOLID
  70
1
  71
0
  91
1
  92
7
  72
1
  73
1
  93
2
  10
11.559897919795846
  20
32.62801625603252
  42
1
  10
13.359897919795847
  20
32.62801625603252
  42
1
  97
1
  330
2285
  75
0
  76
1
  47
0.8681437583925616
  98
1
  10
3.629517071192367
  20
33.92795499968543
  450
0
  451
0
  460
0
  461
0
  452
1
  462
1
  453
2
  463
0
  63
5
  421
255
  463
1
  63
7
  421
16777215
  470
LINEAR
  1001
ACAD
  1010
0
  1020
0
  1030
0
  0
LWPOLYLINE
  5
2287
  100
AcDbEntity
  8
Bottom-Layer
  100
AcDbPolyline
  90
2
  70
1
  43
0
  10
11.559897919795846
  20
32.62801625603252
  42
1
  10
13.359897919795847
  20
32.62801625603252
  42
1
  0
HATCH
  5
2316
  100
AcDbEntity
  8
Bottom-Layer
  100
AcDbHatch
  10
0
  20
0
  30
0
  210
0
  220
0
  230
1
  2
SOLID
  70
1
  71
0
  91
1
  92
7
  72
1
  73
1
  93
2
  10
14.099902999806005
  20
32.62801625603252
  42
1
  10
15.899902999806006
  20
32.62801625603252
  42
1
  97
1
  330
2315
  75
0
  76
1
  47
0.8681437583925616
  98
1
  10
3.629517071192367
  20
33.92795499968543
  450
0
  451
0
  460
0
  461
0
  452
1
  462
1
  453
2
  463
0
  63
5
  421
255
  463
1
  63
7
  421
16777215
  470
LINEAR
  1001
ACAD
  1010
0
  1020
0
  1030
0
  0
LWPOLYLINE
  5
2317
  100
AcDbEntity
  8
Bottom-Layer
  100
AcDbPolyline
  90
2
  70
1
  43
0
  10
14.099902999806003
  20
32.62801625603252
  42
1
  10
15.899902999806006
  20
32.62801625603252
  42
1
  0
HATCH
  5
2346
  100
AcDbEntity
  8
Bottom-Layer
  100
AcDbHatch
  10
0
  20
0
  30
0
  210
0
  220
0
  230
1
  2
SOLID
  70
1
  71
0
  91
1
  92
7
  72
1
  73
1
  93
2
  10
16.639908079816166
  20
32.62801625603252
  42
1
  10
18.439908079816163
  20
32.62801625603252
  42
1
  97
1
  330
2345
  75
0
  76
1
  47
0.8681437583925616
  98
1
  10
3.629517071192367
  20
33.92795499968543
  450
0
  451
0
  460
0
  461
0
  452
1
  462
1
  453
2
  463
0
  63
5
  421
255
  463
1
  63
7
  421
16777215
  470
LINEAR
  1001
ACAD
  1010
0
  1020
0
  1030
0
  0
LWPOLYLINE
  5
2347
  100
AcDbEntity
  8
Bottom-Layer
  100
AcDbPolyline
  90
2
  70
1
  43
0
  10
16.639908079816166
  20
32.62801625603252
  42
1
  10
18.439908079816167
  20
32.62801625603252
  42
1
  0
HATCH
  5
2376
  100
AcDbEntity
  8
Bottom-Layer
  100
AcDbHatch
  10
0
  20
0
  30
0
  210
0
  220
0
  230
1
  2
SOLID
  70
1
  71
0
  91
1
  92
7
  72
1
  73
1
  93
2
  10
11.559897919795846
  20
47.12814325628652
  42
1
  10
13.359897919795847
  20
47.12814325628652
  42
1
  97
1
  330
2375
  75
0
  76
1
  47
0.8681437583925616
  98
1
  10
3.629517071192367
  20
33.92795499968543
  450
0
  451
0
  460
0
  461
0
  452
1
  462
1
  453
2
  463
0
  63
5
  421
255
  463
1
  63
7
  421
16777215
  470
LINEAR
  1001
ACAD
  1010
0
  1020
0
  1030
0
  0
LWPOLYLINE
  5
2377
  100
AcDbEntity
  8
Bottom-Layer
  100
AcDbPolyline
  90
2
  70
1
  43
0
  10
11.559897919795846
  20
47.12814325628652
  42
1
  10
13.359897919795847
  20
47.12814325628652
  42
1
  0
HATCH
  5
2406
  100
AcDbEntity
  8
Bottom-Layer
  100
AcDbHatch
  10
0
  20
0
  30
0
  210
0
  220
0
  230
1
  2
SOLID
  70
1
  71
0
  91
1
  92
7
  72
1
  73
1
  93
2
  10
16.639908079816166
  20
47.12814325628652
  42
1
  10
18.439908079816163
  20
47.12814325628652
  42
1
  97
1
  330
2405
  75
0
  76
1
  47
0.8681437583925616
  98
1
  10
3.629517071192367
  20
33.92795499968543
  450
0
  451
0
  460
0
  461
0
  452
1
  462
1
  453
2
  463
0
  63
5
  421
255
  463
1
  63
7
  421
16777215
  470
LINEAR
  1001
ACAD
  1010
0
  1020
0
  1030
0
  0
LWPOLYLINE
  5
2407
  100
AcDbEntity
  8
Bottom-Layer
  100
AcDbPolyline
  90
2
  70
1
  43
0
  10
16.639908079816166
  20
47.12814325628652
  42
1
  10
18.439908079816167
  20
47.12814325628652
  42
1
  0
HATCH
  5
2436
  100
AcDbEntity
  8
Bottom-Layer
  100
AcDbHatch
  10
0
  20
0
  30
0
  210
0
  220
0
  230
1
  2
SOLID
  70
1
  71
0
  91
1
  92
7
  72
0
  73
1
  93
18
  10
21.65003000006001
  20
39.27814325628652
  10
21.562491462447987
  20
38.838057309066656
  10
21.313202798424538
  20
38.464970457921986
  10
20.940115947279864
  20
38.21568179389853
  10
20.500030000060008
  20
38.12814325628652
  10
20.059944052840155
  20
38.21568179389853
  10
19.686857201695478
  20
38.46497045792199
  10
19.43756853767203
  20
38.83805730906666
  10
19.350030000060013
  20
39.27814325628652
  10
19.35003000006001
  20
40.978143256286515
  10
19.43756853767203
  20
41.41822920350637
  10
19.686857201695478
  20
41.79131605465104
  10
20.059944052840155
  20
42.0406047186745
  10
20.500030000060008
  20
42.12814325628651
  10
20.940115947279864
  20
42.0406047186745
  10
21.313202798424538
  20
41.79131605465104
  10
21.56249146244799
  20
41.41822920350637
  10
21.65003000006001
  20
40.978143256286515
  97
1
  330
2435
  75
0
  76
1
  47
0.4128176842155181
  98
1
  10
34.90568961886538
  20
22.81183545379326
  450
0
  451
0
  460
0
  461
0
  452
1
  462
1
  453
2
  463
0
  63
5
  421
255
  463
1
  63
7
  421
16777215
  470
LINEAR
  1001
ACAD
  1010
0
  1020
0
  1030
0
  0
LWPOLYLINE
  5
2435
  100
AcDbEntity
  8
Bottom-Layer
  100
AcDbPolyline
  90
18
  70
1
  43
0
  10
21.65003000006001
  20
39.27814325628652
  10
21.562491462447987
  20
38.838057309066656
  10
21.313202798424538
  20
38.464970457921986
  10
20.940115947279864
  20
38.21568179389853
  10
20.500030000060008
  20
38.12814325628652
  10
20.059944052840155
  20
38.21568179389853
  10
19.686857201695478
  20
38.46497045792199
  10
19.43756853767203
  20
38.83805730906666
  10
19.350030000060013
  20
39.27814325628652
  10
19.35003000006001
  20
40.978143256286515
  10
19.43756853767203
  20
41.41822920350637
  10
19.686857201695478
  20
41.79131605465104
  10
20.059944052840155
  20
42.0406047186745
  10
20.500030000060008
  20
42.12814325628651
  10
20.940115947279864
  20
42.0406047186745
  10
21.313202798424538
  20
41.79131605465104
  10
21.56249146244799
  20
41.41822920350637
  10
21.65003000006001
  20
40.978143256286515
  0
HATCH
  5
2456
  100
AcDbEntity
  8
Bottom-Layer
  100
AcDbHatch
  10
0
  20
0
  30
0
  210
0
  220
0
  230
1
  2
SOLID
  70
1
  71
0
  91
1
  92
7
  72
0
  73
1
  93
18
  10
10.650030000060003
  20
39.27814325628652
  10
10.562491462447984
  20
38.838057309066656
  10
10.313202798424532
  20
38.464970457921986
  10
9.940115947279857
  20
38.21568179389853
  10
9.500030000060002
  20
38.12814325628652
  10
9.05994405284015
  20
38.21568179389853
  10
8.686857201695473
  20
38.46497045792199
  10
8.437568537672023
  20
38.83805730906666
  10
8.350030000060006
  20
39.27814325628652
  10
8.350030000060004
  20
40.978143256286515
  10
8.437568537672023
  20
41.41822920350637
  10
8.686857201695473
  20
41.79131605465104
  10
9.05994405284015
  20
42.0406047186745
  10
9.500030000060002
  20
42.12814325628651
  10
9.940115947279857
  20
42.0406047186745
  10
10.313202798424532
  20
41.79131605465104
  10
10.562491462447984
  20
41.41822920350637
  10
10.650030000060003
  20
40.978143256286515
  97
1
  330
2455
  75
0
  76
1
  47
0.4128176842155181
  98
1
  10
34.90568961886538
  20
22.81183545379326
  450
0
  451
0
  460
0
  461
0
  452
1
  462
1
  453
2
  463
0
  63
5
  421
255
  463
1
  63
7
  421
16777215
  470
LINEAR
  1001
ACAD
  1010
0
  1020
0
  1030
0
  0
LWPOLYLINE
  5
2455
  100
AcDbEntity
  8
Bottom-Layer
  100
AcDbPolyline
  90
18
  70
1
  43
0
  10
10.650030000060003
  20
39.27814325628652
  10
10.562491462447984
  20
38.838057309066656
  10
10.313202798424532
  20
38.464970457921986
  10
9.940115947279857
  20
38.21568179389853
  10
9.500030000060002
  20
38.12814325628652
  10
9.05994405284015
  20
38.21568179389853
  10
8.686857201695473
  20
38.46497045792199
  10
8.437568537672023
  20
38.83805730906666
  10
8.350030000060006
  20
39.27814325628652
  10
8.350030000060004
  20
40.978143256286515
  10
8.437568537672023
  20
41.41822920350637
  10
8.686857201695473
  20
41.79131605465104
  10
9.05994405284015
  20
42.0406047186745
  10
9.500030000060002
  20
42.12814325628651
  10
9.940115947279857
  20
42.0406047186745
  10
10.313202798424532
  20
41.79131605465104
  10
10.562491462447984
  20
41.41822920350637
  10
10.650030000060003
  20
40.978143256286515
  0
HATCH
  5
2476
  100
AcDbEntity
  8
Bottom-Layer
  100
AcDbHatch
  10
0
  20
0
  30
0
  210
0
  220
0
  230
1
  2
SOLID
  70
1
  71
0
  91
1
  92
7
  72
0
  73
1
  93
4
  10
88.30007730015463
  20
64.25012100024202
  10
88.30007730015461
  20
56.750121000242025
  10
83.00007730015462
  20
56.750121000242025
  10
83.00007730015463
  20
64.25012100024202
  97
1
  330
2475
  75
0
  76
1
  47
0.4128176842155181
  98
1
  10
34.90568961886538
  20
22.81183545379326
  450
0
  451
0
  460
0
  461
0
  452
1
  462
1
  453
2
  463
0
  63
5
  421
255
  463
1
  63
7
  421
16777215
  470
LINEAR
  1001
ACAD
  1010
0
  1020
0
  1030
0
  0
LWPOLYLINE
  5
2475
  100
AcDbEntity
  8
Bottom-Layer
  100
AcDbPolyline
  90
4
  70
1
  43
0
  10
88.30007730015463
  20
64.25012100024202
  10
88.30007730015461
  20
56.750121000242025
  10
83.00007730015462
  20
56.750121000242025
  10
83.00007730015463
  20
64.25012100024202
  0
HATCH
  5
2482
  100
AcDbEntity
  8
Bottom-Layer
  100
AcDbHatch
  10
0
  20
0
  30
0
  210
0
  220
0
  230
1
  2
SOLID
  70
1
  71
0
  91
1
  92
7
  72
0
  73
1
  93
4
  10
7.00010270020541
  20
64.250121000242
  10
7.000102700205409
  20
56.75012100024201
  10
1.7001027002054074
  20
56.75012100024201
  10
1.7001027002054083
  20
64.250121000242
  97
1
  330
2481
  75
0
  76
1
  47
0.4128176842155181
  98
1
  10
34.90568961886538
  20
22.81183545379326
  450
0
  451
0
  460
0
  461
0
  452
1
  462
1
  453
2
  463
0
  63
5
  421
255
  463
1
  63
7
  421
16777215
  470
LINEAR
  1001
ACAD
  1010
0
  1020
0
  1030
0
  0
LWPOLYLINE
  5
2481
  100
AcDbEntity
  8
Bottom-Layer
  100
AcDbPolyline
  90
4
  70
1
  43
0
  10
7.00010270020541
  20
64.250121000242
  10
7.000102700205409
  20
56.75012100024201
  10
1.7001027002054074
  20
56.75012100024201
  10
1.7001027002054083
  20
64.250121000242
  0
HATCH
  5
2488
  100
AcDbEntity
  8
Bottom-Layer
  100
AcDbHatch
  10
0
  20
0
  30
0
  210
0
  220
0
  230
1
  2
SOLID
  70
1
  71
0
  91
1
  92
7
  72
1
  73
1
  93
2
  10
79.20515838231678
  20
40.00008000016
  42
1
  10
80.95516193832388
  20
40.00008000016
  42
1
  97
1
  330
2487
  75
0
  76
1
  47
0.8681437583925616
  98
1
  10
3.629517071192367
  20
33.92795499968543
  450
0
  451
0
  460
0
  461
0
  452
1
  462
1
  453
2
  463
0
  63
5
  421
255
  463
1
  63
7
  421
16777215
  470
LINEAR
  1001
ACAD
  1010
0
  1020
0
  1030
0
  0
LWPOLYLINE
  5
2489
  100
AcDbEntity
  8
Bottom-Layer
  100
AcDbPolyline
  90
2
  70
1
  43
0
  10
79.20515838231677
  20
40.00008000016
  42
1
  10
80.95516193832388
  20
40.00008000016
  42
1
  0
HATCH
  5
2518
  100
AcDbEntity
  8
Bottom-Layer
  100
AcDbHatch
  10
0
  20
0
  30
0
  210
0
  220
0
  230
1
  2
SOLID
  70
1
  71
0
  91
1
  92
7
  72
1
  73
1
  93
2
  10
69.04513806227614
  20
40.00008000016
  42
1
  10
70.79514161828324
  20
40.00008000016
  42
1
  97
1
  330
2517
  75
0
  76
1
  47
0.8681437583925616
  98
1
  10
3.629517071192367
  20
33.92795499968543
  450
0
  451
0
  460
0
  461
0
  452
1
  462
1
  453
2
  463
0
  63
5
  421
255
  463
1
  63
7
  421
16777215
  470
LINEAR
  1001
ACAD
  1010
0
  1020
0
  1030
0
  0
LWPOLYLINE
  5
2519
  100
AcDbEntity
  8
Bottom-Layer
  100
AcDbPolyline
  90
2
  70
1
  43
0
  10
69.04513806227612
  20
40.00008000016
  42
1
  10
70.79514161828324
  20
40.00008000016
  42
1
  0
HATCH
  5
2548
  100
AcDbEntity
  8
Bottom-Layer
  100
AcDbHatch
  10
0
  20
0
  30
0
  210
0
  220
0
  230
1
  2
SOLID
  70
1
  71
0
  91
1
  92
7
  72
1
  73
1
  93
2
  10
73.00014606329214
  20
40.00008000016
  42
1
  10
77.00015393730789
  20
40.00008000016
  42
1
  97
1
  330
2547
  75
0
  76
1
  47
0.8681437583925616
  98
1
  10
3.629517071192367
  20
33.92795499968543
  450
0
  451
0
  460
0
  461
0
  452
1
  462
1
  453
2
  463
0
  63
5
  421
255
  463
1
  63
7
  421
16777215
  470
LINEAR
  1001
ACAD
  1010
0
  1020
0
  1030
0
  0
LWPOLYLINE
  5
2549
  100
AcDbEntity
  8
Bottom-Layer
  100
AcDbPolyline
  90
4
  70
0
  43
0
  10
73.00014606329214
  20
40.00008000241295
  42
1
  10
77.00015393730789
  20
40.00007999719835
  10
77.00015393730789
  20
40.000079997907044
  42
1
  10
73.00014606329214
  20
40.000080003121646
  0
HATCH
  5
2578
  100
AcDbEntity
  8
Bottom-Layer
  100
AcDbHatch
  10
0
  20
0
  30
0
  210
0
  220
0
  230
1
  2
SOLID
  70
1
  71
0
  91
1
  92
7
  72
1
  73
1
  93
2
  10
69.94013984027968
  20
42.54008508017016
  42
1
  10
72.44014492028985
  20
42.54008508017016
  42
1
  97
1
  330
2577
  75
0
  76
1
  47
0.8681437583925616
  98
1
  10
3.629517071192367
  20
33.92795499968543
  450
0
  451
0
  460
0
  461
0
  452
1
  462
1
  453
2
  463
0
  63
5
  421
255
  463
1
  63
7
  421
16777215
  470
LINEAR
  1001
ACAD
  1010
0
  1020
0
  1030
0
  0
LWPOLYLINE
  5
2579
  100
AcDbEntity
  8
Bottom-Layer
  100
AcDbPolyline
  90
2
  70
1
  43
0
  10
69.94013984027968
  20
42.54008508017016
  42
1
  10
72.44014492028985
  20
42.54008508017016
  42
1
  0
HATCH
  5
2608
  100
AcDbEntity
  8
Bottom-Layer
  100
AcDbHatch
  10
0
  20
0
  30
0
  210
0
  220
0
  230
1
  2
SOLID
  70
1
  71
0
  91
1
  92
7
  72
1
  73
1
  93
2
  10
76.29015254030509
  20
45.08009016018032
  42
1
  10
78.79015762031526
  20
45.08009016018032
  42
1
  97
1
  330
2607
  75
0
  76
1
  47
0.8681437583925616
  98
1
  10
3.629517071192367
  20
33.92795499968543
  450
0
  451
0
  460
0
  461
0
  452
1
  462
1
  453
2
  463
0
  63
5
  421
255
  463
1
  63
7
  421
16777215
  470
LINEAR
  1001
ACAD
  1010
0
  1020
0
  1030
0
  0
LWPOLYLINE
  5
2609
  100
AcDbEntity
  8
Bottom-Layer
  100
AcDbPolyline
  90
2
  70
1
  43
0
  10
76.29015254030509
  20
45.08009016018032
  42
1
  10
78.79015762031526
  20
45.08009016018032
  42
1
  0
HATCH
  5
2638
  100
AcDbEntity
  8
Bottom-Layer
  100
AcDbHatch
  10
0
  20
0
  30
0
  210
0
  220
0
  230
1
  2
SOLID
  70
1
  71
0
  91
1
  92
7
  72
1
  73
1
  93
2
  10
79.20515838231678
  20
15.000064999764941
  42
1
  10
80.95516193832388
  20
15.000064999764941
  42
1
  97
1
  330
2637
  75
0
  76
1
  47
0.8681437583925616
  98
1
  10
3.629517071192367
  20
33.92795499968543
  450
0
  451
0
  460
0
  461
0
  452
1
  462
1
  453
2
  463
0
  63
5
  421
255
  463
1
  63
7
  421
16777215
  470
LINEAR
  1001
ACAD
  1010
0
  1020
0
  1030
0
  0
LWPOLYLINE
  5
2639
  100
AcDbEntity
  8
Bottom-Layer
  100
AcDbPolyline
  90
2
  70
1
  43
0
  10
79.20515838231677
  20
15.000064999764941
  42
1
  10
80.95516193832388
  20
15.000064999764941
  42
1
  0
HATCH
  5
2668
  100
AcDbEntity
  8
Bottom-Layer
  100
AcDbHatch
  10
0
  20
0
  30
0
  210
0
  220
0
  230
1
  2
SOLID
  70
1
  71
0
  91
1
  92
7
  72
1
  73
1
  93
2
  10
69.04513806227614
  20
15.000064999764941
  42
1
  10
70.79514161828324
  20
15.000064999764941
  42
1
  97
1
  330
2667
  75
0
  76
1
  47
0.8681437583925616
  98
1
  10
3.629517071192367
  20
33.92795499968543
  450
0
  451
0
  460
0
  461
0
  452
1
  462
1
  453
2
  463
0
  63
5
  421
255
  463
1
  63
7
  421
16777215
  470
LINEAR
  1001
ACAD
  1010
0
  1020
0
  1030
0
  0
LWPOLYLINE
  5
2669
  100
AcDbEntity
  8
Bottom-Layer
  100
AcDbPolyline
  90
2
  70
1
  43
0
  10
69.04513806227612
  20
15.000064999764941
  42
1
  10
70.79514161828324
  20
15.000064999764941
  42
1
  0
HATCH
  5
2698
  100
AcDbEntity
  8
Bottom-Layer
  100
AcDbHatch
  10
0
  20
0
  30
0
  210
0
  220
0
  230
1
  2
SOLID
  70
1
  71
0
  91
1
  92
7
  72
1
  73
1
  93
2
  10
73.00014606329214
  20
15.000064999764941
  42
1
  10
77.00015393730789
  20
15.000064999764941
  42
1
  97
1
  330
2697
  75
0
  76
1
  47
0.8681437583925616
  98
1
  10
3.629517071192367
  20
33.92795499968543
  450
0
  451
0
  460
0
  461
0
  452
1
  462
1
  453
2
  463
0
  63
5
  421
255
  463
1
  63
7
  421
16777215
  470
LINEAR
  1001
ACAD
  1010
0
  1020
0
  1030
0
  0
LWPOLYLINE
  5
2699
  100
AcDbEntity
  8
Bottom-Layer
  100
AcDbPolyline
  90
4
  70
0
  43
0
  10
73.00014606329214
  20
15.000065002017887
  42
1
  10
77.00015393730789
  20
15.000064996803285
  10
77.00015393730789
  20
15.000064997511993
  42
1
  10
73.00014606329214
  20
15.000065002726593
  0
HATCH
  5
2728
  100
AcDbEntity
  8
Bottom-Layer
  100
AcDbHatch
  10
0
  20
0
  30
0
  210
0
  220
0
  230
1
  2
SOLID
  70
1
  71
0
  91
1
  92
7
  72
1
  73
1
  93
2
  10
69.94013984027968
  20
17.5400700797751
  42
1
  10
72.44014492028985
  20
17.5400700797751
  42
1
  97
1
  330
2727
  75
0
  76
1
  47
0.8681437583925616
  98
1
  10
3.629517071192367
  20
33.92795499968543
  450
0
  451
0
  460
0
  461
0
  452
1
  462
1
  453
2
  463
0
  63
5
  421
255
  463
1
  63
7
  421
16777215
  470
LINEAR
  1001
ACAD
  1010
0
  1020
0
  1030
0
  0
LWPOLYLINE
  5
2729
  100
AcDbEntity
  8
Bottom-Layer
  100
AcDbPolyline
  90
2
  70
1
  43
0
  10
69.94013984027968
  20
17.5400700797751
  42
1
  10
72.44014492028985
  20
17.5400700797751
  42
1
  0
HATCH
  5
2758
  100
AcDbEntity
  8
Bottom-Layer
  100
AcDbHatch
  10
0
  20
0
  30
0
  210
0
  220
0
  230
1
  2
SOLID
  70
1
  71
0
  91
1
  92
7
  72
1
  73
1
  93
2
  10
76.29015254030509
  20
20.08007515978526
  42
1
  10
78.79015762031526
  20
20.08007515978526
  42
1
  97
1
  330
2757
  75
0
  76
1
  47
0.8681437583925616
  98
1
  10
3.629517071192367
  20
33.92795499968543
  450
0
  451
0
  460
0
  461
0
  452
1
  462
1
  453
2
  463
0
  63
5
  421
255
  463
1
  63
7
  421
16777215
  470
LINEAR
  1001
ACAD
  1010
0
  1020
0
  1030
0
  0
LWPOLYLINE
  5
2759
  100
AcDbEntity
  8
Bottom-Layer
  100
AcDbPolyline
  90
2
  70
1
  43
0
  10
76.29015254030509
  20
20.08007515978526
  42
1
  10
78.79015762031526
  20
20.08007515978526
  42
1
  0
HATCH
  5
2788
  100
AcDbEntity
  8
Bottom-Layer
  100
AcDbHatch
  10
0
  20
0
  30
0
  210
0
  220
0
  230
1
  2
SOLID
  70
1
  71
0
  91
1
  92
7
  72
1
  73
1
  93
2
  10
85.09774968095456
  20
60.43662087324176
  42
1
  10
86.62175272896067
  20
60.43662087324176
  42
1
  97
1
  330
2787
  75
0
  76
1
  47
0.8681437583925616
  98
1
  10
3.629517071192367
  20
33.92795499968543
  450
0
  451
0
  460
0
  461
0
  452
1
  462
1
  453
2
  463
0
  63
5
  421
255
  463
1
  63
7
  421
16777215
  470
LINEAR
  1001
ACAD
  1010
0
  1020
0
  1030
0
  0
LWPOLYLINE
  5
2789
  100
AcDbEntity
  8
Bottom-Layer
  100
AcDbPolyline
  90
2
  70
1
  43
0
  10
85.09774968095456
  20
60.43662087324176
  42
1
  10
86.62175272896066
  20
60.43662087324176
  42
1
  0
HATCH
  5
2818
  100
AcDbEntity
  8
Bottom-Layer
  100
AcDbHatch
  10
0
  20
0
  30
0
  210
0
  220
0
  230
1
  2
SOLID
  70
1
  71
0
  91
1
  92
7
  72
1
  73
1
  93
2
  10
24.238048476096953
  20
59.00011800023601
  42
1
  10
25.762051524103047
  20
59.00011800023601
  42
1
  97
1
  330
2817
  75
0
  76
1
  47
0.8681437583925616
  98
1
  10
3.629517071192367
  20
33.92795499968543
  450
0
  451
0
  460
0
  461
0
  452
1
  462
1
  453
2
  463
0
  63
5
  421
255
  463
1
  63
7
  421
16777215
  470
LINEAR
  1001
ACAD
  1010
0
  1020
0
  1030
0
  0
LWPOLYLINE
  5
2819
  100
AcDbEntity
  8
Bottom-Layer
  100
AcDbPolyline
  90
2
  70
1
  43
0
  10
24.238048476096953
  20
59.00011800023601
  42
1
  10
25.76205152410305
  20
59.00011800023601
  42
1
  0
LWPOLYLINE
  5
1204
  100
AcDbEntity
  8
Bottom-Silkscreen-Layer
  100
AcDbPolyline
  90
2
  70
0
  43
0.25400050800101603
  10
79.38523097046196
  20
60.50012100024201
  10
72.90821801643605
  20
60.50012100024201
  0
LWPOLYLINE
  5
1205
  100
AcDbEntity
  8
Bottom-Silkscreen-Layer
  100
AcDbPolyline
  90
2
  70
0
  43
0.25400050800101603
  10
17.05990711981425
  20
60.50012100024201
  10
10.58289416578834
  20
60.50012100024201
  0
LWPOLYLINE
  5
1206
  100
AcDbEntity
  8
Bottom-Silkscreen-Layer
  100
AcDbPolyline
  90
2
  70
0
  43
0.25400050800101603
  10
13.884900769801549
  20
63.929127858255725
  10
13.884900769801549
  20
57.1981143962288
  0
LWPOLYLINE
  5
1207
  100
AcDbEntity
  8
Bottom-Silkscreen-Layer
  100
AcDbPolyline
  90
2
  70
0
  43
0.25400050800101603
  10
6.500039200078404
  20
56.51896783793568
  10
6.500039200078404
  20
50.086100172200354
  0
LWPOLYLINE
  5
1208
  100
AcDbEntity
  8
Bottom-Silkscreen-Layer
  100
AcDbPolyline
  90
2
  70
0
  43
0.25400050800101603
  10
6.500039200078404
  20
70.78714157428315
  10
6.500039200078404
  20
64.48122336244673
  0
LWPOLYLINE
  5
1209
  100
AcDbEntity
  8
Bottom-Silkscreen-Layer
  100
AcDbPolyline
  90
2
  70
0
  43
0.25400050800101603
  10
83.49996299992604
  20
56.51896783793568
  10
83.49996299992604
  20
50.086100172200354
  0
LWPOLYLINE
  5
1210
  100
AcDbEntity
  8
Bottom-Silkscreen-Layer
  100
AcDbPolyline
  90
2
  70
0
  43
0.25400050800101603
  10
83.49996299992604
  20
70.78714157428315
  10
83.49996299992604
  20
64.48122336244673
  0
LWPOLYLINE
  5
1211
  100
AcDbEntity
  8
Bottom-Silkscreen-Layer
  100
AcDbPolyline
  90
2
  70
0
  43
0.25400050800101603
  10
83.49996299992604
  20
50.086100172200354
  10
6.500039200078404
  20
50.086100172200354
  0
LWPOLYLINE
  5
1212
  100
AcDbEntity
  8
Bottom-Silkscreen-Layer
  100
AcDbPolyline
  90
2
  70
0
  43
0.25400050800101603
  10
83.49996299992604
  20
70.78714157428315
  10
6.500039200078404
  20
70.78714157428315
  0
LWPOLYLINE
  5
3006
  100
AcDbEntity
  8
Bottom-Silkscreen-Layer
  100
AcDbPolyline
  90
2
  70
0
  43
0.25400050800101603
  10
79.38523097046196
  20
60.50012100024201
  10
72.90821801643605
  20
60.50012100024201
  0
LWPOLYLINE
  5
3007
  100
AcDbEntity
  8
Bottom-Silkscreen-Layer
  100
AcDbPolyline
  90
2
  70
0
  43
0.25400050800101603
  10
17.05990711981425
  20
60.50012100024201
  10
10.58289416578834
  20
60.50012100024201
  0
LWPOLYLINE
  5
3008
  100
AcDbEntity
  8
Bottom-Silkscreen-Layer
  100
AcDbPolyline
  90
2
  70
0
  43
0.25400050800101603
  10
13.884900769801549
  20
63.929127858255725
  10
13.884900769801549
  20
57.1981143962288
  0
LWPOLYLINE
  5
3009
  100
AcDbEntity
  8
Bottom-Silkscreen-Layer
  100
AcDbPolyline
  90
2
  70
0
  43
0.25400050800101603
  10
6.500039200078404
  20
56.51896783793568
  10
6.500039200078404
  20
50.086100172200354
  0
LWPOLYLINE
  5
3010
  100
AcDbEntity
  8
Bottom-Silkscreen-Layer
  100
AcDbPolyline
  90
2
  70
0
  43
0.25400050800101603
  10
6.500039200078404
  20
70.78714157428315
  10
6.500039200078404
  20
64.48122336244673
  0
LWPOLYLINE
  5
3011
  100
AcDbEntity
  8
Bottom-Silkscreen-Layer
  100
AcDbPolyline
  90
2
  70
0
  43
0.25400050800101603
  10
83.49996299992604
  20
56.51896783793568
  10
83.49996299992604
  20
50.086100172200354
  0
LWPOLYLINE
  5
3012
  100
AcDbEntity
  8
Bottom-Silkscreen-Layer
  100
AcDbPolyline
  90
2
  70
0
  43
0.25400050800101603
  10
83.49996299992604
  20
70.78714157428315
  10
83.49996299992604
  20
64.48122336244673
  0
LWPOLYLINE
  5
3013
  100
AcDbEntity
  8
Bottom-Silkscreen-Layer
  100
AcDbPolyline
  90
2
  70
0
  43
0.25400050800101603
  10
83.49996299992604
  20
50.086100172200354
  10
6.500039200078404
  20
50.086100172200354
  0
LWPOLYLINE
  5
3014
  100
AcDbEntity
  8
Bottom-Silkscreen-Layer
  100
AcDbPolyline
  90
2
  70
0
  43
0.25400050800101603
  10
83.49996299992604
  20
70.78714157428315
  10
6.500039200078404
  20
70.78714157428315
  0
HATCH
  5
1539
  100
AcDbEntity
  8
Bottom-Solder-Mask-Layer
  100
AcDbHatch
  10
0
  20
0
  30
0
  210
0
  220
0
  230
1
  2
SOLID
  70
1
  71
0
  91
1
  92
7
  72
1
  73
1
  93
2
  10
39.20507838215676
  20
40.00008000016
  42
1
  10
40.95508193816388
  20
40.00008000016
  42
1
  97
1
  330
1538
  75
0
  76
1
  47
0.8681437583925616
  98
1
  10
3.629517071192367
  20
33.92795499968543
  450
0
  451
0
  460
0
  461
0
  452
1
  462
1
  453
2
  463
0
  63
5
  421
255
  463
1
  63
7
  421
16777215
  470
LINEAR
  1001
ACAD
  1010
0
  1020
0
  1030
0
  0
LWPOLYLINE
  5
1540
  100
AcDbEntity
  8
Bottom-Solder-Mask-Layer
  100
AcDbPolyline
  90
2
  70
1
  43
0
  10
39.20507838215676
  20
40.00008000016
  42
1
  10
40.95508193816388
  20
40.00008000016
  42
1
  0
HATCH
  5
1569
  100
AcDbEntity
  8
Bottom-Solder-Mask-Layer
  100
AcDbHatch
  10
0
  20
0
  30
0
  210
0
  220
0
  230
1
  2
SOLID
  70
1
  71
0
  91
1
  92
7
  72
1
  73
1
  93
2
  10
29.045058062116123
  20
40.00008000016
  42
1
  10
30.79506161812324
  20
40.00008000016
  42
1
  97
1
  330
1568
  75
0
  76
1
  47
0.8681437583925616
  98
1
  10
3.629517071192367
  20
33.92795499968543
  450
0
  451
0
  460
0
  461
0
  452
1
  462
1
  453
2
  463
0
  63
5
  421
255
  463
1
  63
7
  421
16777215
  470
LINEAR
  1001
ACAD
  1010
0
  1020
0
  1030
0
  0
LWPOLYLINE
  5
1570
  100
AcDbEntity
  8
Bottom-Solder-Mask-Layer
  100
AcDbPolyline
  90
2
  70
1
  43
0
  10
29.045058062116123
  20
40.00008000016
  42
1
  10
30.79506161812324
  20
40.00008000016
  42
1
  0
HATCH
  5
1599
  100
AcDbEntity
  8
Bottom-Solder-Mask-Layer
  100
AcDbHatch
  10
0
  20
0
  30
0
  210
0
  220
0
  230
1
  2
SOLID
  70
1
  71
0
  91
1
  92
7
  72
1
  73
1
  93
2
  10
33.000066063132124
  20
40.00008000016
  42
1
  10
37.000073937147874
  20
40.00008000016
  42
1
  97
1
  330
1598
  75
0
  76
1
  47
0.8681437583925616
  98
1
  10
3.629517071192367
  20
33.92795499968543
  450
0
  451
0
  460
0
  461
0
  452
1
  462
1
  453
2
  463
0
  63
5
  421
255
  463
1
  63
7
  421
16777215
  470
LINEAR
  1001
ACAD
  1010
0
  1020
0
  1030
0
  0
LWPOLYLINE
  5
1600
  100
AcDbEntity
  8
Bottom-Solder-Mask-Layer
  100
AcDbPolyline
  90
2
  70
1
  43
0
  10
33.000066063132124
  20
40.00008000016
  42
1
  10
37.00007393714788
  20
40.00008000016
  42
1
  0
HATCH
  5
1629
  100
AcDbEntity
  8
Bottom-Solder-Mask-Layer
  100
AcDbHatch
  10
0
  20
0
  30
0
  210
0
  220
0
  230
1
  2
SOLID
  70
1
  71
0
  91
1
  92
7
  72
1
  73
1
  93
2
  10
29.94005984011968
  20
42.54008508017016
  42
1
  10
32.44006492012984
  20
42.54008508017016
  42
1
  97
1
  330
1628
  75
0
  76
1
  47
0.8681437583925616
  98
1
  10
3.629517071192367
  20
33.92795499968543
  450
0
  451
0
  460
0
  461
0
  452
1
  462
1
  453
2
  463
0
  63
5
  421
255
  463
1
  63
7
  421
16777215
  470
LINEAR
  1001
ACAD
  1010
0
  1020
0
  1030
0
  0
LWPOLYLINE
  5
1630
  100
AcDbEntity
  8
Bottom-Solder-Mask-Layer
  100
AcDbPolyline
  90
2
  70
1
  43
0
  10
29.94005984011968
  20
42.54008508017016
  42
1
  10
32.44006492012984
  20
42.54008508017016
  42
1
  0
HATCH
  5
1659
  100
AcDbEntity
  8
Bottom-Solder-Mask-Layer
  100
AcDbHatch
  10
0
  20
0
  30
0
  210
0
  220
0
  230
1
  2
SOLID
  70
1
  71
0
  91
1
  92
7
  72
1
  73
1
  93
2
  10
36.29007254014508
  20
45.08009016018032
  42
1
  10
38.79007762015524
  20
45.08009016018032
  42
1
  97
1
  330
1658
  75
0
  76
1
  47
0.8681437583925616
  98
1
  10
3.629517071192367
  20
33.92795499968543
  450
0
  451
0
  460
0
  461
0
  452
1
  462
1
  453
2
  463
0
  63
5
  421
255
  463
1
  63
7
  421
16777215
  470
LINEAR
  1001
ACAD
  1010
0
  1020
0
  1030
0
  0
LWPOLYLINE
  5
1660
  100
AcDbEntity
  8
Bottom-Solder-Mask-Layer
  100
AcDbPolyline
  90
4
  70
0
  43
0
  10
36.29007254014508
  20
45.080090160614624
  42
1
  10
38.79007762015524
  20
45.080090160614624
  10
38.79007762015524
  20
45.080090159746014
  42
1
  10
36.29007254014508
  20
45.080090159746014
  0
HATCH
  5
1689
  100
AcDbEntity
  8
Bottom-Solder-Mask-Layer
  100
AcDbHatch
  10
0
  20
0
  30
0
  210
0
  220
0
  230
1
  2
SOLID
  70
1
  71
0
  91
1
  92
7
  72
1
  73
1
  93
2
  10
59.20511838223677
  20
40.000080000160004
  42
1
  10
60.955121938243884
  20
40.000080000160004
  42
1
  97
1
  330
1688
  75
0
  76
1
  47
0.8681437583925616
  98
1
  10
3.629517071192367
  20
33.92795499968543
  450
0
  451
0
  460
0
  461
0
  452
1
  462
1
  453
2
  463
0
  63
5
  421
255
  463
1
  63
7
  421
16777215
  470
LINEAR
  1001
ACAD
  1010
0
  1020
0
  1030
0
  0
LWPOLYLINE
  5
1690
  100
AcDbEntity
  8
Bottom-Solder-Mask-Layer
  100
AcDbPolyline
  90
2
  70
1
  43
0
  10
59.20511838223677
  20
40.000080000160004
  42
1
  10
60.955121938243884
  20
40.000080000160004
  42
1
  0
HATCH
  5
1719
  100
AcDbEntity
  8
Bottom-Solder-Mask-Layer
  100
AcDbHatch
  10
0
  20
0
  30
0
  210
0
  220
0
  230
1
  2
SOLID
  70
1
  71
0
  91
1
  92
7
  72
1
  73
1
  93
2
  10
49.045098062196125
  20
40.000080000160004
  42
1
  10
50.79510161820324
  20
40.000080000160004
  42
1
  97
1
  330
1718
  75
0
  76
1
  47
0.8681437583925616
  98
1
  10
3.629517071192367
  20
33.92795499968543
  450
0
  451
0
  460
0
  461
0
  452
1
  462
1
  453
2
  463
0
  63
5
  421
255
  463
1
  63
7
  421
16777215
  470
LINEAR
  1001
ACAD
  1010
0
  1020
0
  1030
0
  0
LWPOLYLINE
  5
1720
  100
AcDbEntity
  8
Bottom-Solder-Mask-Layer
  100
AcDbPolyline
  90
2
  70
1
  43
0
  10
49.045098062196125
  20
40.000080000160004
  42
1
  10
50.79510161820324
  20
40.000080000160004
  42
1
  0
HATCH
  5
1749
  100
AcDbEntity
  8
Bottom-Solder-Mask-Layer
  100
AcDbHatch
  10
0
  20
0
  30
0
  210
0
  220
0
  230
1
  2
SOLID
  70
1
  71
0
  91
1
  92
7
  72
1
  73
1
  93
2
  10
53.00010606321213
  20
40.000080000160004
  42
1
  10
57.00011393722788
  20
40.000080000160004
  42
1
  97
1
  330
1748
  75
0
  76
1
  47
0.8681437583925616
  98
1
  10
3.629517071192367
  20
33.92795499968543
  450
0
  451
0
  460
0
  461
0
  452
1
  462
1
  453
2
  463
0
  63
5
  421
255
  463
1
  63
7
  421
16777215
  470
LINEAR
  1001
ACAD
  1010
0
  1020
0
  1030
0
  0
LWPOLYLINE
  5
1750
  100
AcDbEntity
  8
Bottom-Solder-Mask-Layer
  100
AcDbPolyline
  90
2
  70
1
  43
0
  10
53.00010606321213
  20
40.000080000160004
  42
1
  10
57.00011393722788
  20
40.000080000160004
  42
1
  0
HATCH
  5
1779
  100
AcDbEntity
  8
Bottom-Solder-Mask-Layer
  100
AcDbHatch
  10
0
  20
0
  30
0
  210
0
  220
0
  230
1
  2
SOLID
  70
1
  71
0
  91
1
  92
7
  72
1
  73
1
  93
2
  10
49.940099840199686
  20
42.540085080170165
  42
1
  10
52.44010492020984
  20
42.540085080170165
  42
1
  97
1
  330
1778
  75
0
  76
1
  47
0.8681437583925616
  98
1
  10
3.629517071192367
  20
33.92795499968543
  450
0
  451
0
  460
0
  461
0
  452
1
  462
1
  453
2
  463
0
  63
5
  421
255
  463
1
  63
7
  421
16777215
  470
LINEAR
  1001
ACAD
  1010
0
  1020
0
  1030
0
  0
LWPOLYLINE
  5
1780
  100
AcDbEntity
  8
Bottom-Solder-Mask-Layer
  100
AcDbPolyline
  90
4
  70
0
  43
0
  10
49.940099840199686
  20
42.54008508060447
  42
1
  10
52.44010492020984
  20
42.54008508060447
  10
52.44010492020984
  20
42.54008507973587
  42
1
  10
49.940099840199686
  20
42.54008507973587
  0
HATCH
  5
1809
  100
AcDbEntity
  8
Bottom-Solder-Mask-Layer
  100
AcDbHatch
  10
0
  20
0
  30
0
  210
0
  220
0
  230
1
  2
SOLID
  70
1
  71
0
  91
1
  92
7
  72
1
  73
1
  93
2
  10
56.29011254022509
  20
45.080090160180326
  42
1
  10
58.79011762023524
  20
45.080090160180326
  42
1
  97
1
  330
1808
  75
0
  76
1
  47
0.8681437583925616
  98
1
  10
3.629517071192367
  20
33.92795499968543
  450
0
  451
0
  460
0
  461
0
  452
1
  462
1
  453
2
  463
0
  63
5
  421
255
  463
1
  63
7
  421
16777215
  470
LINEAR
  1001
ACAD
  1010
0
  1020
0
  1030
0
  0
LWPOLYLINE
  5
1810
  100
AcDbEntity
  8
Bottom-Solder-Mask-Layer
  100
AcDbPolyline
  90
4
  70
0
  43
0
  10
56.29011254022509
  20
45.08009016061463
  42
1
  10
58.79011762023524
  20
45.08009016061463
  10
58.79011762023524
  20
45.08009015974602
  42
1
  10
56.29011254022509
  20
45.08009015974602
  0
HATCH
  5
1839
  100
AcDbEntity
  8
Bottom-Solder-Mask-Layer
  100
AcDbHatch
  10
0
  20
0
  30
0
  210
0
  220
0
  230
1
  2
SOLID
  70
1
  71
0
  91
1
  92
7
  72
1
  73
1
  93
2
  10
59.205118382236776
  20
15.000030000060002
  42
1
  10
60.95512193824389
  20
15.000030000060002
  42
1
  97
1
  330
1838
  75
0
  76
1
  47
0.8681437583925616
  98
1
  10
3.629517071192367
  20
33.92795499968543
  450
0
  451
0
  460
0
  461
0
  452
1
  462
1
  453
2
  463
0
  63
5
  421
255
  463
1
  63
7
  421
16777215
  470
LINEAR
  1001
ACAD
  1010
0
  1020
0
  1030
0
  0
LWPOLYLINE
  5
1840
  100
AcDbEntity
  8
Bottom-Solder-Mask-Layer
  100
AcDbPolyline
  90
2
  70
1
  43
0
  10
59.205118382236776
  20
15.000030000060002
  42
1
  10
60.95512193824389
  20
15.000030000060002
  42
1
  0
HATCH
  5
1869
  100
AcDbEntity
  8
Bottom-Solder-Mask-Layer
  100
AcDbHatch
  10
0
  20
0
  30
0
  210
0
  220
0
  230
1
  2
SOLID
  70
1
  71
0
  91
1
  92
7
  72
1
  73
1
  93
2
  10
49.045098062196125
  20
15.000030000060002
  42
1
  10
50.79510161820324
  20
15.000030000060002
  42
1
  97
1
  330
1868
  75
0
  76
1
  47
0.8681437583925616
  98
1
  10
3.629517071192367
  20
33.92795499968543
  450
0
  451
0
  460
0
  461
0
  452
1
  462
1
  453
2
  463
0
  63
5
  421
255
  463
1
  63
7
  421
16777215
  470
LINEAR
  1001
ACAD
  1010
0
  1020
0
  1030
0
  0
LWPOLYLINE
  5
1870
  100
AcDbEntity
  8
Bottom-Solder-Mask-Layer
  100
AcDbPolyline
  90
2
  70
1
  43
0
  10
49.045098062196125
  20
15.000030000060002
  42
1
  10
50.79510161820324
  20
15.000030000060002
  42
1
  0
HATCH
  5
1899
  100
AcDbEntity
  8
Bottom-Solder-Mask-Layer
  100
AcDbHatch
  10
0
  20
0
  30
0
  210
0
  220
0
  230
1
  2
SOLID
  70
1
  71
0
  91
1
  92
7
  72
1
  73
1
  93
2
  10
53.00010606321213
  20
15.000030000060002
  42
1
  10
57.00011393722788
  20
15.000030000060002
  42
1
  97
1
  330
1898
  75
0
  76
1
  47
0.8681437583925616
  98
1
  10
3.629517071192367
  20
33.92795499968543
  450
0
  451
0
  460
0
  461
0
  452
1
  462
1
  453
2
  463
0
  63
5
  421
255
  463
1
  63
7
  421
16777215
  470
LINEAR
  1001
ACAD
  1010
0
  1020
0
  1030
0
  0
LWPOLYLINE
  5
1900
  100
AcDbEntity
  8
Bottom-Solder-Mask-Layer
  100
AcDbPolyline
  90
2
  70
1
  43
0
  10
53.00010606321213
  20
15.000030000060002
  42
1
  10
57.00011393722788
  20
15.000030000060002
  42
1
  0
HATCH
  5
1929
  100
AcDbEntity
  8
Bottom-Solder-Mask-Layer
  100
AcDbHatch
  10
0
  20
0
  30
0
  210
0
  220
0
  230
1
  2
SOLID
  70
1
  71
0
  91
1
  92
7
  72
1
  73
1
  93
2
  10
49.940099840199686
  20
17.54003508007016
  42
1
  10
52.44010492020984
  20
17.54003508007016
  42
1
  97
1
  330
1928
  75
0
  76
1
  47
0.8681437583925616
  98
1
  10
3.629517071192367
  20
33.92795499968543
  450
0
  451
0
  460
0
  461
0
  452
1
  462
1
  453
2
  463
0
  63
5
  421
255
  463
1
  63
7
  421
16777215
  470
LINEAR
  1001
ACAD
  1010
0
  1020
0
  1030
0
  0
LWPOLYLINE
  5
1930
  100
AcDbEntity
  8
Bottom-Solder-Mask-Layer
  100
AcDbPolyline
  90
4
  70
0
  43
0
  10
49.940099840199686
  20
17.540035080504463
  42
1
  10
52.44010492020984
  20
17.540035080504463
  10
52.44010492020984
  20
17.540035079635864
  42
1
  10
49.940099840199686
  20
17.540035079635864
  0
HATCH
  5
1959
  100
AcDbEntity
  8
Bottom-Solder-Mask-Layer
  100
AcDbHatch
  10
0
  20
0
  30
0
  210
0
  220
0
  230
1
  2
SOLID
  70
1
  71
0
  91
1
  92
7
  72
1
  73
1
  93
2
  10
56.290112540225095
  20
20.080040160080323
  42
1
  10
58.79011762023525
  20
20.080040160080323
  42
1
  97
1
  330
1958
  75
0
  76
1
  47
0.8681437583925616
  98
1
  10
3.629517071192367
  20
33.92795499968543
  450
0
  451
0
  460
0
  461
0
  452
1
  462
1
  453
2
  463
0
  63
5
  421
255
  463
1
  63
7
  421
16777215
  470
LINEAR
  1001
ACAD
  1010
0
  1020
0
  1030
0
  0
LWPOLYLINE
  5
1960
  100
AcDbEntity
  8
Bottom-Solder-Mask-Layer
  100
AcDbPolyline
  90
4
  70
0
  43
0
  10
56.290112540225095
  20
20.08004016051462
  42
1
  10
58.79011762023525
  20
20.08004016051462
  10
58.79011762023525
  20
20.080040159646025
  42
1
  10
56.290112540225095
  20
20.080040159646025
  0
HATCH
  5
1989
  100
AcDbEntity
  8
Bottom-Solder-Mask-Layer
  100
AcDbHatch
  10
0
  20
0
  30
0
  210
0
  220
0
  230
1
  2
SOLID
  70
1
  71
0
  91
1
  92
7
  72
1
  73
1
  93
2
  10
39.20507838215678
  20
15.000030000060002
  42
1
  10
40.95508193816389
  20
15.000030000060002
  42
1
  97
1
  330
1988
  75
0
  76
1
  47
0.8681437583925616
  98
1
  10
3.629517071192367
  20
33.92795499968543
  450
0
  451
0
  460
0
  461
0
  452
1
  462
1
  453
2
  463
0
  63
5
  421
255
  463
1
  63
7
  421
16777215
  470
LINEAR
  1001
ACAD
  1010
0
  1020
0
  1030
0
  0
LWPOLYLINE
  5
1990
  100
AcDbEntity
  8
Bottom-Solder-Mask-Layer
  100
AcDbPolyline
  90
2
  70
1
  43
0
  10
39.20507838215678
  20
15.000030000060002
  42
1
  10
40.95508193816389
  20
15.000030000060002
  42
1
  0
HATCH
  5
2019
  100
AcDbEntity
  8
Bottom-Solder-Mask-Layer
  100
AcDbHatch
  10
0
  20
0
  30
0
  210
0
  220
0
  230
1
  2
SOLID
  70
1
  71
0
  91
1
  92
7
  72
1
  73
1
  93
2
  10
29.045058062116127
  20
15.000030000060002
  42
1
  10
30.795061618123242
  20
15.000030000060002
  42
1
  97
1
  330
2018
  75
0
  76
1
  47
0.8681437583925616
  98
1
  10
3.629517071192367
  20
33.92795499968543
  450
0
  451
0
  460
0
  461
0
  452
1
  462
1
  453
2
  463
0
  63
5
  421
255
  463
1
  63
7
  421
16777215
  470
LINEAR
  1001
ACAD
  1010
0
  1020
0
  1030
0
  0
LWPOLYLINE
  5
2020
  100
AcDbEntity
  8
Bottom-Solder-Mask-Layer
  100
AcDbPolyline
  90
4
  70
0
  43
0
  10
29.04505806211613
  20
15.000030000189591
  42
1
  10
30.79506161812324
  20
15.000030000189591
  10
30.79506161812324
  20
15.000029999930414
  42
1
  10
29.04505806211613
  20
15.000029999930414
  0
HATCH
  5
2049
  100
AcDbEntity
  8
Bottom-Solder-Mask-Layer
  100
AcDbHatch
  10
0
  20
0
  30
0
  210
0
  220
0
  230
1
  2
SOLID
  70
1
  71
0
  91
1
  92
7
  72
1
  73
1
  93
2
  10
33.000066063132124
  20
15.000030000060002
  42
1
  10
37.000073937147874
  20
15.000030000060002
  42
1
  97
1
  330
2048
  75
0
  76
1
  47
0.8681437583925616
  98
1
  10
3.629517071192367
  20
33.92795499968543
  450
0
  451
0
  460
0
  461
0
  452
1
  462
1
  453
2
  463
0
  63
5
  421
255
  463
1
  63
7
  421
16777215
  470
LINEAR
  1001
ACAD
  1010
0
  1020
0
  1030
0
  0
LWPOLYLINE
  5
2050
  100
AcDbEntity
  8
Bottom-Solder-Mask-Layer
  100
AcDbPolyline
  90
2
  70
1
  43
0
  10
33.000066063132124
  20
15.000030000060002
  42
1
  10
37.00007393714788
  20
15.000030000060002
  42
1
  0
HATCH
  5
2079
  100
AcDbEntity
  8
Bottom-Solder-Mask-Layer
  100
AcDbHatch
  10
0
  20
0
  30
0
  210
0
  220
0
  230
1
  2
SOLID
  70
1
  71
0
  91
1
  92
7
  72
1
  73
1
  93
2
  10
29.940059840119684
  20
17.54003508007016
  42
1
  10
32.44006492012984
  20
17.54003508007016
  42
1
  97
1
  330
2078
  75
0
  76
1
  47
0.8681437583925616
  98
1
  10
3.629517071192367
  20
33.92795499968543
  450
0
  451
0
  460
0
  461
0
  452
1
  462
1
  453
2
  463
0
  63
5
  421
255
  463
1
  63
7
  421
16777215
  470
LINEAR
  1001
ACAD
  1010
0
  1020
0
  1030
0
  0
LWPOLYLINE
  5
2080
  100
AcDbEntity
  8
Bottom-Solder-Mask-Layer
  100
AcDbPolyline
  90
2
  70
1
  43
0
  10
29.940059840119684
  20
17.54003508007016
  42
1
  10
32.44006492012985
  20
17.54003508007016
  42
1
  0
HATCH
  5
2109
  100
AcDbEntity
  8
Bottom-Solder-Mask-Layer
  100
AcDbHatch
  10
0
  20
0
  30
0
  210
0
  220
0
  230
1
  2
SOLID
  70
1
  71
0
  91
1
  92
7
  72
1
  73
1
  93
2
  10
36.2900725401451
  20
20.080040160080323
  42
1
  10
38.79007762015525
  20
20.080040160080323
  42
1
  97
1
  330
2108
  75
0
  76
1
  47
0.8681437583925616
  98
1
  10
3.629517071192367
  20
33.92795499968543
  450
0
  451
0
  460
0
  461
0
  452
1
  462
1
  453
2
  463
0
  63
5
  421
255
  463
1
  63
7
  421
16777215
  470
LINEAR
  1001
ACAD
  1010
0
  1020
0
  1030
0
  0
LWPOLYLINE
  5
2110
  100
AcDbEntity
  8
Bottom-Solder-Mask-Layer
  100
AcDbPolyline
  90
4
  70
0
  43
0
  10
36.2900725401451
  20
20.08004016051462
  42
1
  10
38.79007762015525
  20
20.08004016051462
  10
38.79007762015525
  20
20.080040159646025
  42
1
  10
36.2900725401451
  20
20.080040159646025
  0
HATCH
  5
2139
  100
AcDbEntity
  8
Bottom-Solder-Mask-Layer
  100
AcDbHatch
  10
0
  20
0
  30
0
  210
0
  220
0
  230
1
  2
SOLID
  70
1
  71
0
  91
1
  92
7
  72
1
  73
1
  93
2
  10
19.205038382076765
  20
15.000030000060002
  42
1
  10
20.95504193808388
  20
15.000030000060002
  42
1
  97
1
  330
2138
  75
0
  76
1
  47
0.8681437583925616
  98
1
  10
3.629517071192367
  20
33.92795499968543
  450
0
  451
0
  460
0
  461
0
  452
1
  462
1
  453
2
  463
0
  63
5
  421
255
  463
1
  63
7
  421
16777215
  470
LINEAR
  1001
ACAD
  1010
0
  1020
0
  1030
0
  0
LWPOLYLINE
  5
2140
  100
AcDbEntity
  8
Bottom-Solder-Mask-Layer
  100
AcDbPolyline
  90
4
  70
0
  43
0
  10
19.20503838207677
  20
15.000030000189591
  42
1
  10
20.955041938083877
  20
15.000030000189591
  10
20.955041938083877
  20
15.000029999930414
  42
1
  10
19.20503838207677
  20
15.000029999930414
  0
HATCH
  5
2169
  100
AcDbEntity
  8
Bottom-Solder-Mask-Layer
  100
AcDbHatch
  10
0
  20
0
  30
0
  210
0
  220
0
  230
1
  2
SOLID
  70
1
  71
0
  91
1
  92
7
  72
1
  73
1
  93
2
  10
9.045018062036126
  20
15.000030000060002
  42
1
  10
10.795021618043238
  20
15.000030000060002
  42
1
  97
1
  330
2168
  75
0
  76
1
  47
0.8681437583925616
  98
1
  10
3.629517071192367
  20
33.92795499968543
  450
0
  451
0
  460
0
  461
0
  452
1
  462
1
  453
2
  463
0
  63
5
  421
255
  463
1
  63
7
  421
16777215
  470
LINEAR
  1001
ACAD
  1010
0
  1020
0
  1030
0
  0
LWPOLYLINE
  5
2170
  100
AcDbEntity
  8
Bottom-Solder-Mask-Layer
  100
AcDbPolyline
  90
2
  70
1
  43
0
  10
9.045018062036126
  20
15.000030000060002
  42
1
  10
10.795021618043238
  20
15.000030000060002
  42
1
  0
HATCH
  5
2199
  100
AcDbEntity
  8
Bottom-Solder-Mask-Layer
  100
AcDbHatch
  10
0
  20
0
  30
0
  210
0
  220
0
  230
1
  2
SOLID
  70
1
  71
0
  91
1
  92
7
  72
1
  73
1
  93
2
  10
13.000026063052129
  20
15.000030000060002
  42
1
  10
17.000033937067876
  20
15.000030000060002
  42
1
  97
1
  330
2198
  75
0
  76
1
  47
0.8681437583925616
  98
1
  10
3.629517071192367
  20
33.92795499968543
  450
0
  451
0
  460
0
  461
0
  452
1
  462
1
  453
2
  463
0
  63
5
  421
255
  463
1
  63
7
  421
16777215
  470
LINEAR
  1001
ACAD
  1010
0
  1020
0
  1030
0
  0
LWPOLYLINE
  5
2200
  100
AcDbEntity
  8
Bottom-Solder-Mask-Layer
  100
AcDbPolyline
  90
4
  70
0
  43
0
  10
13.000026063052129
  20
15.000030001419498
  42
1
  10
17.000033937067876
  20
15.000030001419494
  10
17.000033937067876
  20
15.000029998700509
  42
1
  10
13.000026063052129
  20
15.000029998700509
  0
HATCH
  5
2229
  100
AcDbEntity
  8
Bottom-Solder-Mask-Layer
  100
AcDbHatch
  10
0
  20
0
  30
0
  210
0
  220
0
  230
1
  2
SOLID
  70
1
  71
0
  91
1
  92
7
  72
1
  73
1
  93
2
  10
9.940019840039682
  20
17.54003508007016
  42
1
  10
12.440024920049844
  20
17.54003508007016
  42
1
  97
1
  330
2228
  75
0
  76
1
  47
0.8681437583925616
  98
1
  10
3.629517071192367
  20
33.92795499968543
  450
0
  451
0
  460
0
  461
0
  452
1
  462
1
  453
2
  463
0
  63
5
  421
255
  463
1
  63
7
  421
16777215
  470
LINEAR
  1001
ACAD
  1010
0
  1020
0
  1030
0
  0
LWPOLYLINE
  5
2230
  100
AcDbEntity
  8
Bottom-Solder-Mask-Layer
  100
AcDbPolyline
  90
2
  70
1
  43
0
  10
9.94001984003968
  20
17.54003508007016
  42
1
  10
12.440024920049844
  20
17.54003508007016
  42
1
  0
HATCH
  5
2259
  100
AcDbEntity
  8
Bottom-Solder-Mask-Layer
  100
AcDbHatch
  10
0
  20
0
  30
0
  210
0
  220
0
  230
1
  2
SOLID
  70
1
  71
0
  91
1
  92
7
  72
1
  73
1
  93
2
  10
16.29003254006508
  20
20.080040160080323
  42
1
  10
18.790037620075243
  20
20.080040160080323
  42
1
  97
1
  330
2258
  75
0
  76
1
  47
0.8681437583925616
  98
1
  10
3.629517071192367
  20
33.92795499968543
  450
0
  451
0
  460
0
  461
0
  452
1
  462
1
  453
2
  463
0
  63
5
  421
255
  463
1
  63
7
  421
16777215
  470
LINEAR
  1001
ACAD
  1010
0
  1020
0
  1030
0
  0
LWPOLYLINE
  5
2260
  100
AcDbEntity
  8
Bottom-Solder-Mask-Layer
  100
AcDbPolyline
  90
2
  70
1
  43
0
  10
16.29003254006508
  20
20.080040160080323
  42
1
  10
18.790037620075243
  20
20.080040160080323
  42
1
  0
HATCH
  5
2307
  100
AcDbEntity
  8
Bottom-Solder-Mask-Layer
  100
AcDbHatch
  10
0
  20
0
  30
0
  210
0
  220
0
  230
1
  2
SOLID
  70
1
  71
0
  91
1
  92
7
  72
1
  73
1
  93
2
  10
11.509097818195643
  20
32.62801625603252
  42
1
  10
13.41069802139605
  20
32.62801625603252
  42
1
  97
1
  330
2306
  75
0
  76
1
  47
0.8681437583925616
  98
1
  10
3.629517071192367
  20
33.92795499968543
  450
0
  451
0
  460
0
  461
0
  452
1
  462
1
  453
2
  463
0
  63
5
  421
255
  463
1
  63
7
  421
16777215
  470
LINEAR
  1001
ACAD
  1010
0
  1020
0
  1030
0
  0
LWPOLYLINE
  5
2308
  100
AcDbEntity
  8
Bottom-Solder-Mask-Layer
  100
AcDbPolyline
  90
4
  70
0
  43
0
  10
11.509097818195643
  20
32.62801625670749
  42
1
  10
13.41069802139605
  20
32.62801625670749
  10
13.41069802139605
  20
32.628016255357544
  42
1
  10
11.509097818195643
  20
32.628016255357544
  0
HATCH
  5
2337
  100
AcDbEntity
  8
Bottom-Solder-Mask-Layer
  100
AcDbHatch
  10
0
  20
0
  30
0
  210
0
  220
0
  230
1
  2
SOLID
  70
1
  71
0
  91
1
  92
7
  72
1
  73
1
  93
2
  10
14.049102898205803
  20
32.62801625603252
  42
1
  10
15.950703101406209
  20
32.62801625603252
  42
1
  97
1
  330
2336
  75
0
  76
1
  47
0.8681437583925616
  98
1
  10
3.629517071192367
  20
33.92795499968543
  450
0
  451
0
  460
0
  461
0
  452
1
  462
1
  453
2
  463
0
  63
5
  421
255
  463
1
  63
7
  421
16777215
  470
LINEAR
  1001
ACAD
  1010
0
  1020
0
  1030
0
  0
LWPOLYLINE
  5
2338
  100
AcDbEntity
  8
Bottom-Solder-Mask-Layer
  100
AcDbPolyline
  90
4
  70
0
  43
0
  10
14.049102898205803
  20
32.62801625670749
  42
1
  10
15.950703101406207
  20
32.62801625670749
  10
15.950703101406207
  20
32.628016255357544
  42
1
  10
14.049102898205803
  20
32.628016255357544
  0
HATCH
  5
2367
  100
AcDbEntity
  8
Bottom-Solder-Mask-Layer
  100
AcDbHatch
  10
0
  20
0
  30
0
  210
0
  220
0
  230
1
  2
SOLID
  70
1
  71
0
  91
1
  92
7
  72
1
  73
1
  93
2
  10
16.58910797821596
  20
32.62801625603252
  42
1
  10
18.49070818141637
  20
32.62801625603252
  42
1
  97
1
  330
2366
  75
0
  76
1
  47
0.8681437583925616
  98
1
  10
3.629517071192367
  20
33.92795499968543
  450
0
  451
0
  460
0
  461
0
  452
1
  462
1
  453
2
  463
0
  63
5
  421
255
  463
1
  63
7
  421
16777215
  470
LINEAR
  1001
ACAD
  1010
0
  1020
0
  1030
0
  0
LWPOLYLINE
  5
2368
  100
AcDbEntity
  8
Bottom-Solder-Mask-Layer
  100
AcDbPolyline
  90
2
  70
1
  43
0
  10
16.58910797821596
  20
32.62801625603252
  42
1
  10
18.49070818141637
  20
32.62801625603252
  42
1
  0
HATCH
  5
2397
  100
AcDbEntity
  8
Bottom-Solder-Mask-Layer
  100
AcDbHatch
  10
0
  20
0
  30
0
  210
0
  220
0
  230
1
  2
SOLID
  70
1
  71
0
  91
1
  92
7
  72
1
  73
1
  93
2
  10
11.509097818195643
  20
47.12814325628652
  42
1
  10
13.41069802139605
  20
47.12814325628652
  42
1
  97
1
  330
2396
  75
0
  76
1
  47
0.8681437583925616
  98
1
  10
3.629517071192367
  20
33.92795499968543
  450
0
  451
0
  460
0
  461
0
  452
1
  462
1
  453
2
  463
0
  63
5
  421
255
  463
1
  63
7
  421
16777215
  470
LINEAR
  1001
ACAD
  1010
0
  1020
0
  1030
0
  0
LWPOLYLINE
  5
2398
  100
AcDbEntity
  8
Bottom-Solder-Mask-Layer
  100
AcDbPolyline
  90
4
  70
0
  43
0
  10
11.509097818195643
  20
47.12814325696149
  42
1
  10
13.41069802139605
  20
47.12814325696149
  10
13.41069802139605
  20
47.12814325561154
  42
1
  10
11.509097818195643
  20
47.12814325561154
  0
HATCH
  5
2427
  100
AcDbEntity
  8
Bottom-Solder-Mask-Layer
  100
AcDbHatch
  10
0
  20
0
  30
0
  210
0
  220
0
  230
1
  2
SOLID
  70
1
  71
0
  91
1
  92
7
  72
1
  73
1
  93
2
  10
16.58910797821596
  20
47.12814325628652
  42
1
  10
18.49070818141637
  20
47.12814325628652
  42
1
  97
1
  330
2426
  75
0
  76
1
  47
0.8681437583925616
  98
1
  10
3.629517071192367
  20
33.92795499968543
  450
0
  451
0
  460
0
  461
0
  452
1
  462
1
  453
2
  463
0
  63
5
  421
255
  463
1
  63
7
  421
16777215
  470
LINEAR
  1001
ACAD
  1010
0
  1020
0
  1030
0
  0
LWPOLYLINE
  5
2428
  100
AcDbEntity
  8
Bottom-Solder-Mask-Layer
  100
AcDbPolyline
  90
2
  70
1
  43
0
  10
16.58910797821596
  20
47.12814325628652
  42
1
  10
18.49070818141637
  20
47.12814325628652
  42
1
  0
HATCH
  5
2450
  100
AcDbEntity
  8
Bottom-Solder-Mask-Layer
  100
AcDbHatch
  10
0
  20
0
  30
0
  210
0
  220
0
  230
1
  2
SOLID
  70
1
  71
0
  91
1
  92
7
  72
0
  73
1
  93
18
  10
21.70083010166021
  20
39.27814325628652
  10
21.60942463656591
  20
38.818616951821795
  10
21.349123894751006
  20
38.42904936159552
  10
20.959556304524725
  20
38.168748619780615
  10
20.500030000060008
  20
38.07734315468631
  10
20.040503695595294
  20
38.168748619780615
  10
19.65093610536901
  20
38.42904936159552
  10
19.390635363554107
  20
38.8186169518218
  10
19.299229898459803
  20
39.27814325628652
  10
19.299229898459807
  20
40.978143256286515
  10
19.390635363554107
  20
41.43766956075123
  10
19.650936105369013
  20
41.82723715097752
  10
20.040503695595294
  20
42.08753789279242
  10
20.500030000060008
  20
42.17894335788672
  10
20.959556304524725
  20
42.08753789279242
  10
21.349123894751006
  20
41.82723715097752
  10
21.60942463656591
  20
41.43766956075123
  10
21.70083010166021
  20
40.978143256286515
  97
1
  330
2449
  75
0
  76
1
  47
0.4128176842155181
  98
1
  10
34.90568961886538
  20
22.81183545379326
  450
0
  451
0
  460
0
  461
0
  452
1
  462
1
  453
2
  463
0
  63
5
  421
255
  463
1
  63
7
  421
16777215
  470
LINEAR
  1001
ACAD
  1010
0
  1020
0
  1030
0
  0
LWPOLYLINE
  5
2449
  100
AcDbEntity
  8
Bottom-Solder-Mask-Layer
  100
AcDbPolyline
  90
18
  70
1
  43
0
  10
21.70083010166021
  20
39.27814325628652
  10
21.60942463656591
  20
38.818616951821795
  10
21.349123894751006
  20
38.42904936159552
  10
20.959556304524725
  20
38.168748619780615
  10
20.500030000060008
  20
38.07734315468631
  10
20.040503695595294
  20
38.168748619780615
  10
19.65093610536901
  20
38.42904936159552
  10
19.390635363554107
  20
38.8186169518218
  10
19.299229898459803
  20
39.27814325628652
  10
19.299229898459807
  20
40.978143256286515
  10
19.390635363554107
  20
41.43766956075123
  10
19.650936105369013
  20
41.82723715097752
  10
20.040503695595294
  20
42.08753789279242
  10
20.500030000060008
  20
42.17894335788672
  10
20.959556304524725
  20
42.08753789279242
  10
21.349123894751006
  20
41.82723715097752
  10
21.60942463656591
  20
41.43766956075123
  10
21.70083010166021
  20
40.978143256286515
  0
HATCH
  5
2470
  100
AcDbEntity
  8
Bottom-Solder-Mask-Layer
  100
AcDbHatch
  10
0
  20
0
  30
0
  210
0
  220
0
  230
1
  2
SOLID
  70
1
  71
0
  91
1
  92
7
  72
0
  73
1
  93
18
  10
10.700830101660207
  20
39.27814325628652
  10
10.609424636565905
  20
38.818616951821795
  10
10.349123894751003
  20
38.42904936159552
  10
9.959556304524718
  20
38.168748619780615
  10
9.500030000060002
  20
38.07734315468631
  10
9.040503695595289
  20
38.168748619780615
  10
8.650936105369004
  20
38.42904936159552
  10
8.390635363554102
  20
38.8186169518218
  10
8.299229898459798
  20
39.27814325628652
  10
8.2992298984598
  20
40.978143256286515
  10
8.390635363554102
  20
41.43766956075123
  10
8.650936105369004
  20
41.82723715097752
  10
9.040503695595289
  20
42.08753789279242
  10
9.500030000060002
  20
42.17894335788672
  10
9.959556304524718
  20
42.08753789279242
  10
10.349123894751003
  20
41.82723715097752
  10
10.609424636565905
  20
41.43766956075123
  10
10.700830101660207
  20
40.978143256286515
  97
1
  330
2469
  75
0
  76
1
  47
0.4128176842155181
  98
1
  10
34.90568961886538
  20
22.81183545379326
  450
0
  451
0
  460
0
  461
0
  452
1
  462
1
  453
2
  463
0
  63
5
  421
255
  463
1
  63
7
  421
16777215
  470
LINEAR
  1001
ACAD
  1010
0
  1020
0
  1030
0
  0
LWPOLYLINE
  5
2469
  100
AcDbEntity
  8
Bottom-Solder-Mask-Layer
  100
AcDbPolyline
  90
18
  70
1
  43
0
  10
10.700830101660207
  20
39.27814325628652
  10
10.609424636565905
  20
38.818616951821795
  10
10.349123894751003
  20
38.42904936159552
  10
9.959556304524718
  20
38.168748619780615
  10
9.500030000060002
  20
38.07734315468631
  10
9.040503695595289
  20
38.168748619780615
  10
8.650936105369004
  20
38.42904936159552
  10
8.390635363554102
  20
38.8186169518218
  10
8.299229898459798
  20
39.27814325628652
  10
8.2992298984598
  20
40.978143256286515
  10
8.390635363554102
  20
41.43766956075123
  10
8.650936105369004
  20
41.82723715097752
  10
9.040503695595289
  20
42.08753789279242
  10
9.500030000060002
  20
42.17894335788672
  10
9.959556304524718
  20
42.08753789279242
  10
10.349123894751003
  20
41.82723715097752
  10
10.609424636565905
  20
41.43766956075123
  10
10.700830101660207
  20
40.978143256286515
  0
HATCH
  5
2478
  100
AcDbEntity
  8
Bottom-Solder-Mask-Layer
  100
AcDbHatch
  10
0
  20
0
  30
0
  210
0
  220
0
  230
1
  2
SOLID
  70
1
  71
0
  91
1
  92
7
  72
0
  73
1
  93
4
  10
88.35007730015464
  20
64.30012100024202
  10
88.35007730015462
  20
56.70012100024202
  10
82.9500773001546
  20
56.70012100024202
  10
82.95007730015462
  20
64.30012100024202
  97
1
  330
2477
  75
0
  76
1
  47
0.4128176842155181
  98
1
  10
34.90568961886538
  20
22.81183545379326
  450
0
  451
0
  460
0
  461
0
  452
1
  462
1
  453
2
  463
0
  63
5
  421
255
  463
1
  63
7
  421
16777215
  470
LINEAR
  1001
ACAD
  1010
0
  1020
0
  1030
0
  0
LWPOLYLINE
  5
2477
  100
AcDbEntity
  8
Bottom-Solder-Mask-Layer
  100
AcDbPolyline
  90
4
  70
1
  43
0
  10
88.35007730015464
  20
64.30012100024202
  10
88.35007730015462
  20
56.70012100024202
  10
82.9500773001546
  20
56.70012100024202
  10
82.95007730015462
  20
64.30012100024202
  0
HATCH
  5
2484
  100
AcDbEntity
  8
Bottom-Solder-Mask-Layer
  100
AcDbHatch
  10
0
  20
0
  30
0
  210
0
  220
0
  230
1
  2
SOLID
  70
1
  71
0
  91
1
  92
7
  72
0
  73
1
  93
4
  10
7.050102700205409
  20
64.30012100024202
  10
7.050102700205408
  20
56.700121000242014
  10
1.650102700205408
  20
56.700121000242014
  10
1.650102700205409
  20
64.30012100024202
  97
1
  330
2483
  75
0
  76
1
  47
0.4128176842155181
  98
1
  10
34.90568961886538
  20
22.81183545379326
  450
0
  451
0
  460
0
  461
0
  452
1
  462
1
  453
2
  463
0
  63
5
  421
255
  463
1
  63
7
  421
16777215
  470
LINEAR
  1001
ACAD
  1010
0
  1020
0
  1030
0
  0
LWPOLYLINE
  5
2483
  100
AcDbEntity
  8
Bottom-Solder-Mask-Layer
  100
AcDbPolyline
  90
4
  70
1
  43
0
  10
7.050102700205409
  20
64.30012100024202
  10
7.050102700205408
  20
56.700121000242014
  10
1.650102700205408
  20
56.700121000242014
  10
1.650102700205409
  20
64.30012100024202
  0
HATCH
  5
2509
  100
AcDbEntity
  8
Bottom-Solder-Mask-Layer
  100
AcDbHatch
  10
0
  20
0
  30
0
  210
0
  220
0
  230
1
  2
SOLID
  70
1
  71
0
  91
1
  92
7
  72
1
  73
1
  93
2
  10
79.20515838231678
  20
40.00008000016
  42
1
  10
80.95516193832388
  20
40.00008000016
  42
1
  97
1
  330
2508
  75
0
  76
1
  47
0.8681437583925616
  98
1
  10
3.629517071192367
  20
33.92795499968543
  450
0
  451
0
  460
0
  461
0
  452
1
  462
1
  453
2
  463
0
  63
5
  421
255
  463
1
  63
7
  421
16777215
  470
LINEAR
  1001
ACAD
  1010
0
  1020
0
  1030
0
  0
LWPOLYLINE
  5
2510
  100
AcDbEntity
  8
Bottom-Solder-Mask-Layer
  100
AcDbPolyline
  90
2
  70
1
  43
0
  10
79.20515838231677
  20
40.00008000016
  42
1
  10
80.95516193832388
  20
40.00008000016
  42
1
  0
HATCH
  5
2539
  100
AcDbEntity
  8
Bottom-Solder-Mask-Layer
  100
AcDbHatch
  10
0
  20
0
  30
0
  210
0
  220
0
  230
1
  2
SOLID
  70
1
  71
0
  91
1
  92
7
  72
1
  73
1
  93
2
  10
69.04513806227614
  20
40.00008000016
  42
1
  10
70.79514161828324
  20
40.00008000016
  42
1
  97
1
  330
2538
  75
0
  76
1
  47
0.8681437583925616
  98
1
  10
3.629517071192367
  20
33.92795499968543
  450
0
  451
0
  460
0
  461
0
  452
1
  462
1
  453
2
  463
0
  63
5
  421
255
  463
1
  63
7
  421
16777215
  470
LINEAR
  1001
ACAD
  1010
0
  1020
0
  1030
0
  0
LWPOLYLINE
  5
2540
  100
AcDbEntity
  8
Bottom-Solder-Mask-Layer
  100
AcDbPolyline
  90
2
  70
1
  43
0
  10
69.04513806227612
  20
40.00008000016
  42
1
  10
70.79514161828324
  20
40.00008000016
  42
1
  0
HATCH
  5
2569
  100
AcDbEntity
  8
Bottom-Solder-Mask-Layer
  100
AcDbHatch
  10
0
  20
0
  30
0
  210
0
  220
0
  230
1
  2
SOLID
  70
1
  71
0
  91
1
  92
7
  72
1
  73
1
  93
2
  10
73.00014606329214
  20
40.00008000016
  42
1
  10
77.00015393730789
  20
40.00008000016
  42
1
  97
1
  330
2568
  75
0
  76
1
  47
0.8681437583925616
  98
1
  10
3.629517071192367
  20
33.92795499968543
  450
0
  451
0
  460
0
  461
0
  452
1
  462
1
  453
2
  463
0
  63
5
  421
255
  463
1
  63
7
  421
16777215
  470
LINEAR
  1001
ACAD
  1010
0
  1020
0
  1030
0
  0
LWPOLYLINE
  5
2570
  100
AcDbEntity
  8
Bottom-Solder-Mask-Layer
  100
AcDbPolyline
  90
4
  70
0
  43
0
  10
73.00014606329214
  20
40.00008000241295
  42
1
  10
77.00015393730789
  20
40.00007999719835
  10
77.00015393730789
  20
40.000079997907044
  42
1
  10
73.00014606329214
  20
40.000080003121646
  0
HATCH
  5
2599
  100
AcDbEntity
  8
Bottom-Solder-Mask-Layer
  100
AcDbHatch
  10
0
  20
0
  30
0
  210
0
  220
0
  230
1
  2
SOLID
  70
1
  71
0
  91
1
  92
7
  72
1
  73
1
  93
2
  10
69.94013984027968
  20
42.54008508017016
  42
1
  10
72.44014492028985
  20
42.54008508017016
  42
1
  97
1
  330
2598
  75
0
  76
1
  47
0.8681437583925616
  98
1
  10
3.629517071192367
  20
33.92795499968543
  450
0
  451
0
  460
0
  461
0
  452
1
  462
1
  453
2
  463
0
  63
5
  421
255
  463
1
  63
7
  421
16777215
  470
LINEAR
  1001
ACAD
  1010
0
  1020
0
  1030
0
  0
LWPOLYLINE
  5
2600
  100
AcDbEntity
  8
Bottom-Solder-Mask-Layer
  100
AcDbPolyline
  90
2
  70
1
  43
0
  10
69.94013984027968
  20
42.54008508017016
  42
1
  10
72.44014492028985
  20
42.54008508017016
  42
1
  0
HATCH
  5
2629
  100
AcDbEntity
  8
Bottom-Solder-Mask-Layer
  100
AcDbHatch
  10
0
  20
0
  30
0
  210
0
  220
0
  230
1
  2
SOLID
  70
1
  71
0
  91
1
  92
7
  72
1
  73
1
  93
2
  10
76.29015254030509
  20
45.08009016018032
  42
1
  10
78.79015762031526
  20
45.08009016018032
  42
1
  97
1
  330
2628
  75
0
  76
1
  47
0.8681437583925616
  98
1
  10
3.629517071192367
  20
33.92795499968543
  450
0
  451
0
  460
0
  461
0
  452
1
  462
1
  453
2
  463
0
  63
5
  421
255
  463
1
  63
7
  421
16777215
  470
LINEAR
  1001
ACAD
  1010
0
  1020
0
  1030
0
  0
LWPOLYLINE
  5
2630
  100
AcDbEntity
  8
Bottom-Solder-Mask-Layer
  100
AcDbPolyline
  90
2
  70
1
  43
0
  10
76.29015254030509
  20
45.08009016018032
  42
1
  10
78.79015762031526
  20
45.08009016018032
  42
1
  0
HATCH
  5
2659
  100
AcDbEntity
  8
Bottom-Solder-Mask-Layer
  100
AcDbHatch
  10
0
  20
0
  30
0
  210
0
  220
0
  230
1
  2
SOLID
  70
1
  71
0
  91
1
  92
7
  72
1
  73
1
  93
2
  10
79.20515838231678
  20
15.000064999764941
  42
1
  10
80.95516193832388
  20
15.000064999764941
  42
1
  97
1
  330
2658
  75
0
  76
1
  47
0.8681437583925616
  98
1
  10
3.629517071192367
  20
33.92795499968543
  450
0
  451
0
  460
0
  461
0
  452
1
  462
1
  453
2
  463
0
  63
5
  421
255
  463
1
  63
7
  421
16777215
  470
LINEAR
  1001
ACAD
  1010
0
  1020
0
  1030
0
  0
LWPOLYLINE
  5
2660
  100
AcDbEntity
  8
Bottom-Solder-Mask-Layer
  100
AcDbPolyline
  90
2
  70
1
  43
0
  10
79.20515838231677
  20
15.000064999764941
  42
1
  10
80.95516193832388
  20
15.000064999764941
  42
1
  0
HATCH
  5
2689
  100
AcDbEntity
  8
Bottom-Solder-Mask-Layer
  100
AcDbHatch
  10
0
  20
0
  30
0
  210
0
  220
0
  230
1
  2
SOLID
  70
1
  71
0
  91
1
  92
7
  72
1
  73
1
  93
2
  10
69.04513806227614
  20
15.000064999764941
  42
1
  10
70.79514161828324
  20
15.000064999764941
  42
1
  97
1
  330
2688
  75
0
  76
1
  47
0.8681437583925616
  98
1
  10
3.629517071192367
  20
33.92795499968543
  450
0
  451
0
  460
0
  461
0
  452
1
  462
1
  453
2
  463
0
  63
5
  421
255
  463
1
  63
7
  421
16777215
  470
LINEAR
  1001
ACAD
  1010
0
  1020
0
  1030
0
  0
LWPOLYLINE
  5
2690
  100
AcDbEntity
  8
Bottom-Solder-Mask-Layer
  100
AcDbPolyline
  90
2
  70
1
  43
0
  10
69.04513806227612
  20
15.000064999764941
  42
1
  10
70.79514161828324
  20
15.000064999764941
  42
1
  0
HATCH
  5
2719
  100
AcDbEntity
  8
Bottom-Solder-Mask-Layer
  100
AcDbHatch
  10
0
  20
0
  30
0
  210
0
  220
0
  230
1
  2
SOLID
  70
1
  71
0
  91
1
  92
7
  72
1
  73
1
  93
2
  10
73.00014606329214
  20
15.000064999764941
  42
1
  10
77.00015393730789
  20
15.000064999764941
  42
1
  97
1
  330
2718
  75
0
  76
1
  47
0.8681437583925616
  98
1
  10
3.629517071192367
  20
33.92795499968543
  450
0
  451
0
  460
0
  461
0
  452
1
  462
1
  453
2
  463
0
  63
5
  421
255
  463
1
  63
7
  421
16777215
  470
LINEAR
  1001
ACAD
  1010
0
  1020
0
  1030
0
  0
LWPOLYLINE
  5
2720
  100
AcDbEntity
  8
Bottom-Solder-Mask-Layer
  100
AcDbPolyline
  90
4
  70
0
  43
0
  10
73.00014606329214
  20
15.000065002017887
  42
1
  10
77.00015393730789
  20
15.000064996803285
  10
77.00015393730789
  20
15.000064997511993
  42
1
  10
73.00014606329214
  20
15.000065002726593
  0
HATCH
  5
2749
  100
AcDbEntity
  8
Bottom-Solder-Mask-Layer
  100
AcDbHatch
  10
0
  20
0
  30
0
  210
0
  220
0
  230
1
  2
SOLID
  70
1
  71
0
  91
1
  92
7
  72
1
  73
1
  93
2
  10
69.94013984027968
  20
17.5400700797751
  42
1
  10
72.44014492028985
  20
17.5400700797751
  42
1
  97
1
  330
2748
  75
0
  76
1
  47
0.8681437583925616
  98
1
  10
3.629517071192367
  20
33.92795499968543
  450
0
  451
0
  460
0
  461
0
  452
1
  462
1
  453
2
  463
0
  63
5
  421
255
  463
1
  63
7
  421
16777215
  470
LINEAR
  1001
ACAD
  1010
0
  1020
0
  1030
0
  0
LWPOLYLINE
  5
2750
  100
AcDbEntity
  8
Bottom-Solder-Mask-Layer
  100
AcDbPolyline
  90
2
  70
1
  43
0
  10
69.94013984027968
  20
17.5400700797751
  42
1
  10
72.44014492028985
  20
17.5400700797751
  42
1
  0
HATCH
  5
2779
  100
AcDbEntity
  8
Bottom-Solder-Mask-Layer
  100
AcDbHatch
  10
0
  20
0
  30
0
  210
0
  220
0
  230
1
  2
SOLID
  70
1
  71
0
  91
1
  92
7
  72
1
  73
1
  93
2
  10
76.29015254030509
  20
20.08007515978526
  42
1
  10
78.79015762031526
  20
20.08007515978526
  42
1
  97
1
  330
2778
  75
0
  76
1
  47
0.8681437583925616
  98
1
  10
3.629517071192367
  20
33.92795499968543
  450
0
  451
0
  460
0
  461
0
  452
1
  462
1
  453
2
  463
0
  63
5
  421
255
  463
1
  63
7
  421
16777215
  470
LINEAR
  1001
ACAD
  1010
0
  1020
0
  1030
0
  0
LWPOLYLINE
  5
2780
  100
AcDbEntity
  8
Bottom-Solder-Mask-Layer
  100
AcDbPolyline
  90
2
  70
1
  43
0
  10
76.29015254030509
  20
20.08007515978526
  42
1
  10
78.79015762031526
  20
20.08007515978526
  42
1
  0
HATCH
  5
2809
  100
AcDbEntity
  8
Bottom-Solder-Mask-Layer
  100
AcDbHatch
  10
0
  20
0
  30
0
  210
0
  220
0
  230
1
  2
SOLID
  70
1
  71
0
  91
1
  92
7
  72
1
  73
1
  93
2
  10
85.04694957935436
  20
60.43662087324176
  42
1
  10
86.67255283056087
  20
60.43662087324176
  42
1
  97
1
  330
2808
  75
0
  76
1
  47
0.8681437583925616
  98
1
  10
3.629517071192367
  20
33.92795499968543
  450
0
  451
0
  460
0
  461
0
  452
1
  462
1
  453
2
  463
0
  63
5
  421
255
  463
1
  63
7
  421
16777215
  470
LINEAR
  1001
ACAD
  1010
0
  1020
0
  1030
0
  0
LWPOLYLINE
  5
2810
  100
AcDbEntity
  8
Bottom-Solder-Mask-Layer
  100
AcDbPolyline
  90
4
  70
0
  43
0
  10
85.04694957935436
  20
60.436620874260804
  42
1
  10
86.67255283056086
  20
60.43662087213621
  10
86.67255283056086
  20
60.43662087222271
  42
1
  10
85.04694957935436
  20
60.436620874347305
  0
HATCH
  5
2839
  100
AcDbEntity
  8
Bottom-Solder-Mask-Layer
  100
AcDbHatch
  10
0
  20
0
  30
0
  210
0
  220
0
  230
1
  2
SOLID
  70
1
  71
0
  91
1
  92
7
  72
1
  73
1
  93
2
  10
24.187248374496747
  20
59.00011800023601
  42
1
  10
25.812851625703253
  20
59.00011800023601
  42
1
  97
1
  330
2838
  75
0
  76
1
  47
0.8681437583925616
  98
1
  10
3.629517071192367
  20
33.92795499968543
  450
0
  451
0
  460
0
  461
0
  452
1
  462
1
  453
2
  463
0
  63
5
  421
255
  463
1
  63
7
  421
16777215
  470
LINEAR
  1001
ACAD
  1010
0
  1020
0
  1030
0
  0
LWPOLYLINE
  5
2840
  100
AcDbEntity
  8
Bottom-Solder-Mask-Layer
  100
AcDbPolyline
  90
2
  70
1
  43
0
  10
24.187248374496747
  20
59.00011800023601
  42
1
  10
25.812851625703253
  20
59.00011800023601
  42
1
  0
HATCH
  5
1542
  100
AcDbEntity
  8
Bottom-Paste-Mask-Layer
  100
AcDbHatch
  10
0
  20
0
  30
0
  210
0
  220
0
  230
1
  2
SOLID
  70
1
  71
0
  91
1
  92
7
  72
1
  73
1
  93
2
  10
39.20507838215676
  20
40.00008000016
  42
1
  10
40.95508193816388
  20
40.00008000016
  42
1
  97
1
  330
1541
  75
0
  76
1
  47
0.8681437583925616
  98
1
  10
3.629517071192367
  20
33.92795499968543
  450
0
  451
0
  460
0
  461
0
  452
1
  462
1
  453
2
  463
0
  63
5
  421
255
  463
1
  63
7
  421
16777215
  470
LINEAR
  1001
ACAD
  1010
0
  1020
0
  1030
0
  0
LWPOLYLINE
  5
1543
  100
AcDbEntity
  8
Bottom-Paste-Mask-Layer
  100
AcDbPolyline
  90
2
  70
1
  43
0
  10
39.20507838215676
  20
40.00008000016
  42
1
  10
40.95508193816388
  20
40.00008000016
  42
1
  0
HATCH
  5
1572
  100
AcDbEntity
  8
Bottom-Paste-Mask-Layer
  100
AcDbHatch
  10
0
  20
0
  30
0
  210
0
  220
0
  230
1
  2
SOLID
  70
1
  71
0
  91
1
  92
7
  72
1
  73
1
  93
2
  10
29.045058062116123
  20
40.00008000016
  42
1
  10
30.79506161812324
  20
40.00008000016
  42
1
  97
1
  330
1571
  75
0
  76
1
  47
0.8681437583925616
  98
1
  10
3.629517071192367
  20
33.92795499968543
  450
0
  451
0
  460
0
  461
0
  452
1
  462
1
  453
2
  463
0
  63
5
  421
255
  463
1
  63
7
  421
16777215
  470
LINEAR
  1001
ACAD
  1010
0
  1020
0
  1030
0
  0
LWPOLYLINE
  5
1573
  100
AcDbEntity
  8
Bottom-Paste-Mask-Layer
  100
AcDbPolyline
  90
2
  70
1
  43
0
  10
29.045058062116123
  20
40.00008000016
  42
1
  10
30.79506161812324
  20
40.00008000016
  42
1
  0
HATCH
  5
1602
  100
AcDbEntity
  8
Bottom-Paste-Mask-Layer
  100
AcDbHatch
  10
0
  20
0
  30
0
  210
0
  220
0
  230
1
  2
SOLID
  70
1
  71
0
  91
1
  92
7
  72
1
  73
1
  93
2
  10
33.000066063132124
  20
40.00008000016
  42
1
  10
37.000073937147874
  20
40.00008000016
  42
1
  97
1
  330
1601
  75
0
  76
1
  47
0.8681437583925616
  98
1
  10
3.629517071192367
  20
33.92795499968543
  450
0
  451
0
  460
0
  461
0
  452
1
  462
1
  453
2
  463
0
  63
5
  421
255
  463
1
  63
7
  421
16777215
  470
LINEAR
  1001
ACAD
  1010
0
  1020
0
  1030
0
  0
LWPOLYLINE
  5
1603
  100
AcDbEntity
  8
Bottom-Paste-Mask-Layer
  100
AcDbPolyline
  90
2
  70
1
  43
0
  10
33.000066063132124
  20
40.00008000016
  42
1
  10
37.00007393714788
  20
40.00008000016
  42
1
  0
HATCH
  5
1632
  100
AcDbEntity
  8
Bottom-Paste-Mask-Layer
  100
AcDbHatch
  10
0
  20
0
  30
0
  210
0
  220
0
  230
1
  2
SOLID
  70
1
  71
0
  91
1
  92
7
  72
1
  73
1
  93
2
  10
29.94005984011968
  20
42.54008508017016
  42
1
  10
32.44006492012984
  20
42.54008508017016
  42
1
  97
1
  330
1631
  75
0
  76
1
  47
0.8681437583925616
  98
1
  10
3.629517071192367
  20
33.92795499968543
  450
0
  451
0
  460
0
  461
0
  452
1
  462
1
  453
2
  463
0
  63
5
  421
255
  463
1
  63
7
  421
16777215
  470
LINEAR
  1001
ACAD
  1010
0
  1020
0
  1030
0
  0
LWPOLYLINE
  5
1633
  100
AcDbEntity
  8
Bottom-Paste-Mask-Layer
  100
AcDbPolyline
  90
2
  70
1
  43
0
  10
29.94005984011968
  20
42.54008508017016
  42
1
  10
32.44006492012984
  20
42.54008508017016
  42
1
  0
HATCH
  5
1662
  100
AcDbEntity
  8
Bottom-Paste-Mask-Layer
  100
AcDbHatch
  10
0
  20
0
  30
0
  210
0
  220
0
  230
1
  2
SOLID
  70
1
  71
0
  91
1
  92
7
  72
1
  73
1
  93
2
  10
36.29007254014508
  20
45.08009016018032
  42
1
  10
38.79007762015524
  20
45.08009016018032
  42
1
  97
1
  330
1661
  75
0
  76
1
  47
0.8681437583925616
  98
1
  10
3.629517071192367
  20
33.92795499968543
  450
0
  451
0
  460
0
  461
0
  452
1
  462
1
  453
2
  463
0
  63
5
  421
255
  463
1
  63
7
  421
16777215
  470
LINEAR
  1001
ACAD
  1010
0
  1020
0
  1030
0
  0
LWPOLYLINE
  5
1663
  100
AcDbEntity
  8
Bottom-Paste-Mask-Layer
  100
AcDbPolyline
  90
4
  70
0
  43
0
  10
36.29007254014508
  20
45.080090160614624
  42
1
  10
38.79007762015524
  20
45.080090160614624
  10
38.79007762015524
  20
45.080090159746014
  42
1
  10
36.29007254014508
  20
45.080090159746014
  0
HATCH
  5
1692
  100
AcDbEntity
  8
Bottom-Paste-Mask-Layer
  100
AcDbHatch
  10
0
  20
0
  30
0
  210
0
  220
0
  230
1
  2
SOLID
  70
1
  71
0
  91
1
  92
7
  72
1
  73
1
  93
2
  10
59.20511838223677
  20
40.000080000160004
  42
1
  10
60.955121938243884
  20
40.000080000160004
  42
1
  97
1
  330
1691
  75
0
  76
1
  47
0.8681437583925616
  98
1
  10
3.629517071192367
  20
33.92795499968543
  450
0
  451
0
  460
0
  461
0
  452
1
  462
1
  453
2
  463
0
  63
5
  421
255
  463
1
  63
7
  421
16777215
  470
LINEAR
  1001
ACAD
  1010
0
  1020
0
  1030
0
  0
LWPOLYLINE
  5
1693
  100
AcDbEntity
  8
Bottom-Paste-Mask-Layer
  100
AcDbPolyline
  90
2
  70
1
  43
0
  10
59.20511838223677
  20
40.000080000160004
  42
1
  10
60.955121938243884
  20
40.000080000160004
  42
1
  0
HATCH
  5
1722
  100
AcDbEntity
  8
Bottom-Paste-Mask-Layer
  100
AcDbHatch
  10
0
  20
0
  30
0
  210
0
  220
0
  230
1
  2
SOLID
  70
1
  71
0
  91
1
  92
7
  72
1
  73
1
  93
2
  10
49.045098062196125
  20
40.000080000160004
  42
1
  10
50.79510161820324
  20
40.000080000160004
  42
1
  97
1
  330
1721
  75
0
  76
1
  47
0.8681437583925616
  98
1
  10
3.629517071192367
  20
33.92795499968543
  450
0
  451
0
  460
0
  461
0
  452
1
  462
1
  453
2
  463
0
  63
5
  421
255
  463
1
  63
7
  421
16777215
  470
LINEAR
  1001
ACAD
  1010
0
  1020
0
  1030
0
  0
LWPOLYLINE
  5
1723
  100
AcDbEntity
  8
Bottom-Paste-Mask-Layer
  100
AcDbPolyline
  90
2
  70
1
  43
0
  10
49.045098062196125
  20
40.000080000160004
  42
1
  10
50.79510161820324
  20
40.000080000160004
  42
1
  0
HATCH
  5
1752
  100
AcDbEntity
  8
Bottom-Paste-Mask-Layer
  100
AcDbHatch
  10
0
  20
0
  30
0
  210
0
  220
0
  230
1
  2
SOLID
  70
1
  71
0
  91
1
  92
7
  72
1
  73
1
  93
2
  10
53.00010606321213
  20
40.000080000160004
  42
1
  10
57.00011393722788
  20
40.000080000160004
  42
1
  97
1
  330
1751
  75
0
  76
1
  47
0.8681437583925616
  98
1
  10
3.629517071192367
  20
33.92795499968543
  450
0
  451
0
  460
0
  461
0
  452
1
  462
1
  453
2
  463
0
  63
5
  421
255
  463
1
  63
7
  421
16777215
  470
LINEAR
  1001
ACAD
  1010
0
  1020
0
  1030
0
  0
LWPOLYLINE
  5
1753
  100
AcDbEntity
  8
Bottom-Paste-Mask-Layer
  100
AcDbPolyline
  90
2
  70
1
  43
0
  10
53.00010606321213
  20
40.000080000160004
  42
1
  10
57.00011393722788
  20
40.000080000160004
  42
1
  0
HATCH
  5
1782
  100
AcDbEntity
  8
Bottom-Paste-Mask-Layer
  100
AcDbHatch
  10
0
  20
0
  30
0
  210
0
  220
0
  230
1
  2
SOLID
  70
1
  71
0
  91
1
  92
7
  72
1
  73
1
  93
2
  10
49.940099840199686
  20
42.540085080170165
  42
1
  10
52.44010492020984
  20
42.540085080170165
  42
1
  97
1
  330
1781
  75
0
  76
1
  47
0.8681437583925616
  98
1
  10
3.629517071192367
  20
33.92795499968543
  450
0
  451
0
  460
0
  461
0
  452
1
  462
1
  453
2
  463
0
  63
5
  421
255
  463
1
  63
7
  421
16777215
  470
LINEAR
  1001
ACAD
  1010
0
  1020
0
  1030
0
  0
LWPOLYLINE
  5
1783
  100
AcDbEntity
  8
Bottom-Paste-Mask-Layer
  100
AcDbPolyline
  90
4
  70
0
  43
0
  10
49.940099840199686
  20
42.54008508060447
  42
1
  10
52.44010492020984
  20
42.54008508060447
  10
52.44010492020984
  20
42.54008507973587
  42
1
  10
49.940099840199686
  20
42.54008507973587
  0
HATCH
  5
1812
  100
AcDbEntity
  8
Bottom-Paste-Mask-Layer
  100
AcDbHatch
  10
0
  20
0
  30
0
  210
0
  220
0
  230
1
  2
SOLID
  70
1
  71
0
  91
1
  92
7
  72
1
  73
1
  93
2
  10
56.29011254022509
  20
45.080090160180326
  42
1
  10
58.79011762023524
  20
45.080090160180326
  42
1
  97
1
  330
1811
  75
0
  76
1
  47
0.8681437583925616
  98
1
  10
3.629517071192367
  20
33.92795499968543
  450
0
  451
0
  460
0
  461
0
  452
1
  462
1
  453
2
  463
0
  63
5
  421
255
  463
1
  63
7
  421
16777215
  470
LINEAR
  1001
ACAD
  1010
0
  1020
0
  1030
0
  0
LWPOLYLINE
  5
1813
  100
AcDbEntity
  8
Bottom-Paste-Mask-Layer
  100
AcDbPolyline
  90
4
  70
0
  43
0
  10
56.29011254022509
  20
45.08009016061463
  42
1
  10
58.79011762023524
  20
45.08009016061463
  10
58.79011762023524
  20
45.08009015974602
  42
1
  10
56.29011254022509
  20
45.08009015974602
  0
HATCH
  5
1842
  100
AcDbEntity
  8
Bottom-Paste-Mask-Layer
  100
AcDbHatch
  10
0
  20
0
  30
0
  210
0
  220
0
  230
1
  2
SOLID
  70
1
  71
0
  91
1
  92
7
  72
1
  73
1
  93
2
  10
59.205118382236776
  20
15.000030000060002
  42
1
  10
60.95512193824389
  20
15.000030000060002
  42
1
  97
1
  330
1841
  75
0
  76
1
  47
0.8681437583925616
  98
1
  10
3.629517071192367
  20
33.92795499968543
  450
0
  451
0
  460
0
  461
0
  452
1
  462
1
  453
2
  463
0
  63
5
  421
255
  463
1
  63
7
  421
16777215
  470
LINEAR
  1001
ACAD
  1010
0
  1020
0
  1030
0
  0
LWPOLYLINE
  5
1843
  100
AcDbEntity
  8
Bottom-Paste-Mask-Layer
  100
AcDbPolyline
  90
2
  70
1
  43
0
  10
59.205118382236776
  20
15.000030000060002
  42
1
  10
60.95512193824389
  20
15.000030000060002
  42
1
  0
HATCH
  5
1872
  100
AcDbEntity
  8
Bottom-Paste-Mask-Layer
  100
AcDbHatch
  10
0
  20
0
  30
0
  210
0
  220
0
  230
1
  2
SOLID
  70
1
  71
0
  91
1
  92
7
  72
1
  73
1
  93
2
  10
49.045098062196125
  20
15.000030000060002
  42
1
  10
50.79510161820324
  20
15.000030000060002
  42
1
  97
1
  330
1871
  75
0
  76
1
  47
0.8681437583925616
  98
1
  10
3.629517071192367
  20
33.92795499968543
  450
0
  451
0
  460
0
  461
0
  452
1
  462
1
  453
2
  463
0
  63
5
  421
255
  463
1
  63
7
  421
16777215
  470
LINEAR
  1001
ACAD
  1010
0
  1020
0
  1030
0
  0
LWPOLYLINE
  5
1873
  100
AcDbEntity
  8
Bottom-Paste-Mask-Layer
  100
AcDbPolyline
  90
2
  70
1
  43
0
  10
49.045098062196125
  20
15.000030000060002
  42
1
  10
50.79510161820324
  20
15.000030000060002
  42
1
  0
HATCH
  5
1902
  100
AcDbEntity
  8
Bottom-Paste-Mask-Layer
  100
AcDbHatch
  10
0
  20
0
  30
0
  210
0
  220
0
  230
1
  2
SOLID
  70
1
  71
0
  91
1
  92
7
  72
1
  73
1
  93
2
  10
53.00010606321213
  20
15.000030000060002
  42
1
  10
57.00011393722788
  20
15.000030000060002
  42
1
  97
1
  330
1901
  75
0
  76
1
  47
0.8681437583925616
  98
1
  10
3.629517071192367
  20
33.92795499968543
  450
0
  451
0
  460
0
  461
0
  452
1
  462
1
  453
2
  463
0
  63
5
  421
255
  463
1
  63
7
  421
16777215
  470
LINEAR
  1001
ACAD
  1010
0
  1020
0
  1030
0
  0
LWPOLYLINE
  5
1903
  100
AcDbEntity
  8
Bottom-Paste-Mask-Layer
  100
AcDbPolyline
  90
2
  70
1
  43
0
  10
53.00010606321213
  20
15.000030000060002
  42
1
  10
57.00011393722788
  20
15.000030000060002
  42
1
  0
HATCH
  5
1932
  100
AcDbEntity
  8
Bottom-Paste-Mask-Layer
  100
AcDbHatch
  10
0
  20
0
  30
0
  210
0
  220
0
  230
1
  2
SOLID
  70
1
  71
0
  91
1
  92
7
  72
1
  73
1
  93
2
  10
49.940099840199686
  20
17.54003508007016
  42
1
  10
52.44010492020984
  20
17.54003508007016
  42
1
  97
1
  330
1931
  75
0
  76
1
  47
0.8681437583925616
  98
1
  10
3.629517071192367
  20
33.92795499968543
  450
0
  451
0
  460
0
  461
0
  452
1
  462
1
  453
2
  463
0
  63
5
  421
255
  463
1
  63
7
  421
16777215
  470
LINEAR
  1001
ACAD
  1010
0
  1020
0
  1030
0
  0
LWPOLYLINE
  5
1933
  100
AcDbEntity
  8
Bottom-Paste-Mask-Layer
  100
AcDbPolyline
  90
4
  70
0
  43
0
  10
49.940099840199686
  20
17.540035080504463
  42
1
  10
52.44010492020984
  20
17.540035080504463
  10
52.44010492020984
  20
17.540035079635864
  42
1
  10
49.940099840199686
  20
17.540035079635864
  0
HATCH
  5
1962
  100
AcDbEntity
  8
Bottom-Paste-Mask-Layer
  100
AcDbHatch
  10
0
  20
0
  30
0
  210
0
  220
0
  230
1
  2
SOLID
  70
1
  71
0
  91
1
  92
7
  72
1
  73
1
  93
2
  10
56.290112540225095
  20
20.080040160080323
  42
1
  10
58.79011762023525
  20
20.080040160080323
  42
1
  97
1
  330
1961
  75
0
  76
1
  47
0.8681437583925616
  98
1
  10
3.629517071192367
  20
33.92795499968543
  450
0
  451
0
  460
0
  461
0
  452
1
  462
1
  453
2
  463
0
  63
5
  421
255
  463
1
  63
7
  421
16777215
  470
LINEAR
  1001
ACAD
  1010
0
  1020
0
  1030
0
  0
LWPOLYLINE
  5
1963
  100
AcDbEntity
  8
Bottom-Paste-Mask-Layer
  100
AcDbPolyline
  90
4
  70
0
  43
0
  10
56.290112540225095
  20
20.08004016051462
  42
1
  10
58.79011762023525
  20
20.08004016051462
  10
58.79011762023525
  20
20.080040159646025
  42
1
  10
56.290112540225095
  20
20.080040159646025
  0
HATCH
  5
1992
  100
AcDbEntity
  8
Bottom-Paste-Mask-Layer
  100
AcDbHatch
  10
0
  20
0
  30
0
  210
0
  220
0
  230
1
  2
SOLID
  70
1
  71
0
  91
1
  92
7
  72
1
  73
1
  93
2
  10
39.20507838215678
  20
15.000030000060002
  42
1
  10
40.95508193816389
  20
15.000030000060002
  42
1
  97
1
  330
1991
  75
0
  76
1
  47
0.8681437583925616
  98
1
  10
3.629517071192367
  20
33.92795499968543
  450
0
  451
0
  460
0
  461
0
  452
1
  462
1
  453
2
  463
0
  63
5
  421
255
  463
1
  63
7
  421
16777215
  470
LINEAR
  1001
ACAD
  1010
0
  1020
0
  1030
0
  0
LWPOLYLINE
  5
1993
  100
AcDbEntity
  8
Bottom-Paste-Mask-Layer
  100
AcDbPolyline
  90
2
  70
1
  43
0
  10
39.20507838215678
  20
15.000030000060002
  42
1
  10
40.95508193816389
  20
15.000030000060002
  42
1
  0
HATCH
  5
2022
  100
AcDbEntity
  8
Bottom-Paste-Mask-Layer
  100
AcDbHatch
  10
0
  20
0
  30
0
  210
0
  220
0
  230
1
  2
SOLID
  70
1
  71
0
  91
1
  92
7
  72
1
  73
1
  93
2
  10
29.045058062116127
  20
15.000030000060002
  42
1
  10
30.795061618123242
  20
15.000030000060002
  42
1
  97
1
  330
2021
  75
0
  76
1
  47
0.8681437583925616
  98
1
  10
3.629517071192367
  20
33.92795499968543
  450
0
  451
0
  460
0
  461
0
  452
1
  462
1
  453
2
  463
0
  63
5
  421
255
  463
1
  63
7
  421
16777215
  470
LINEAR
  1001
ACAD
  1010
0
  1020
0
  1030
0
  0
LWPOLYLINE
  5
2023
  100
AcDbEntity
  8
Bottom-Paste-Mask-Layer
  100
AcDbPolyline
  90
4
  70
0
  43
0
  10
29.04505806211613
  20
15.000030000189591
  42
1
  10
30.79506161812324
  20
15.000030000189591
  10
30.79506161812324
  20
15.000029999930414
  42
1
  10
29.04505806211613
  20
15.000029999930414
  0
HATCH
  5
2052
  100
AcDbEntity
  8
Bottom-Paste-Mask-Layer
  100
AcDbHatch
  10
0
  20
0
  30
0
  210
0
  220
0
  230
1
  2
SOLID
  70
1
  71
0
  91
1
  92
7
  72
1
  73
1
  93
2
  10
33.000066063132124
  20
15.000030000060002
  42
1
  10
37.000073937147874
  20
15.000030000060002
  42
1
  97
1
  330
2051
  75
0
  76
1
  47
0.8681437583925616
  98
1
  10
3.629517071192367
  20
33.92795499968543
  450
0
  451
0
  460
0
  461
0
  452
1
  462
1
  453
2
  463
0
  63
5
  421
255
  463
1
  63
7
  421
16777215
  470
LINEAR
  1001
ACAD
  1010
0
  1020
0
  1030
0
  0
LWPOLYLINE
  5
2053
  100
AcDbEntity
  8
Bottom-Paste-Mask-Layer
  100
AcDbPolyline
  90
2
  70
1
  43
0
  10
33.000066063132124
  20
15.000030000060002
  42
1
  10
37.00007393714788
  20
15.000030000060002
  42
1
  0
HATCH
  5
2082
  100
AcDbEntity
  8
Bottom-Paste-Mask-Layer
  100
AcDbHatch
  10
0
  20
0
  30
0
  210
0
  220
0
  230
1
  2
SOLID
  70
1
  71
0
  91
1
  92
7
  72
1
  73
1
  93
2
  10
29.940059840119684
  20
17.54003508007016
  42
1
  10
32.44006492012984
  20
17.54003508007016
  42
1
  97
1
  330
2081
  75
0
  76
1
  47
0.8681437583925616
  98
1
  10
3.629517071192367
  20
33.92795499968543
  450
0
  451
0
  460
0
  461
0
  452
1
  462
1
  453
2
  463
0
  63
5
  421
255
  463
1
  63
7
  421
16777215
  470
LINEAR
  1001
ACAD
  1010
0
  1020
0
  1030
0
  0
LWPOLYLINE
  5
2083
  100
AcDbEntity
  8
Bottom-Paste-Mask-Layer
  100
AcDbPolyline
  90
2
  70
1
  43
0
  10
29.940059840119684
  20
17.54003508007016
  42
1
  10
32.44006492012985
  20
17.54003508007016
  42
1
  0
HATCH
  5
2112
  100
AcDbEntity
  8
Bottom-Paste-Mask-Layer
  100
AcDbHatch
  10
0
  20
0
  30
0
  210
0
  220
0
  230
1
  2
SOLID
  70
1
  71
0
  91
1
  92
7
  72
1
  73
1
  93
2
  10
36.2900725401451
  20
20.080040160080323
  42
1
  10
38.79007762015525
  20
20.080040160080323
  42
1
  97
1
  330
2111
  75
0
  76
1
  47
0.8681437583925616
  98
1
  10
3.629517071192367
  20
33.92795499968543
  450
0
  451
0
  460
0
  461
0
  452
1
  462
1
  453
2
  463
0
  63
5
  421
255
  463
1
  63
7
  421
16777215
  470
LINEAR
  1001
ACAD
  1010
0
  1020
0
  1030
0
  0
LWPOLYLINE
  5
2113
  100
AcDbEntity
  8
Bottom-Paste-Mask-Layer
  100
AcDbPolyline
  90
4
  70
0
  43
0
  10
36.2900725401451
  20
20.08004016051462
  42
1
  10
38.79007762015525
  20
20.08004016051462
  10
38.79007762015525
  20
20.080040159646025
  42
1
  10
36.2900725401451
  20
20.080040159646025
  0
HATCH
  5
2142
  100
AcDbEntity
  8
Bottom-Paste-Mask-Layer
  100
AcDbHatch
  10
0
  20
0
  30
0
  210
0
  220
0
  230
1
  2
SOLID
  70
1
  71
0
  91
1
  92
7
  72
1
  73
1
  93
2
  10
19.205038382076765
  20
15.000030000060002
  42
1
  10
20.95504193808388
  20
15.000030000060002
  42
1
  97
1
  330
2141
  75
0
  76
1
  47
0.8681437583925616
  98
1
  10
3.629517071192367
  20
33.92795499968543
  450
0
  451
0
  460
0
  461
0
  452
1
  462
1
  453
2
  463
0
  63
5
  421
255
  463
1
  63
7
  421
16777215
  470
LINEAR
  1001
ACAD
  1010
0
  1020
0
  1030
0
  0
LWPOLYLINE
  5
2143
  100
AcDbEntity
  8
Bottom-Paste-Mask-Layer
  100
AcDbPolyline
  90
4
  70
0
  43
0
  10
19.20503838207677
  20
15.000030000189591
  42
1
  10
20.955041938083877
  20
15.000030000189591
  10
20.955041938083877
  20
15.000029999930414
  42
1
  10
19.20503838207677
  20
15.000029999930414
  0
HATCH
  5
2172
  100
AcDbEntity
  8
Bottom-Paste-Mask-Layer
  100
AcDbHatch
  10
0
  20
0
  30
0
  210
0
  220
0
  230
1
  2
SOLID
  70
1
  71
0
  91
1
  92
7
  72
1
  73
1
  93
2
  10
9.045018062036126
  20
15.000030000060002
  42
1
  10
10.795021618043238
  20
15.000030000060002
  42
1
  97
1
  330
2171
  75
0
  76
1
  47
0.8681437583925616
  98
1
  10
3.629517071192367
  20
33.92795499968543
  450
0
  451
0
  460
0
  461
0
  452
1
  462
1
  453
2
  463
0
  63
5
  421
255
  463
1
  63
7
  421
16777215
  470
LINEAR
  1001
ACAD
  1010
0
  1020
0
  1030
0
  0
LWPOLYLINE
  5
2173
  100
AcDbEntity
  8
Bottom-Paste-Mask-Layer
  100
AcDbPolyline
  90
2
  70
1
  43
0
  10
9.045018062036126
  20
15.000030000060002
  42
1
  10
10.795021618043238
  20
15.000030000060002
  42
1
  0
HATCH
  5
2202
  100
AcDbEntity
  8
Bottom-Paste-Mask-Layer
  100
AcDbHatch
  10
0
  20
0
  30
0
  210
0
  220
0
  230
1
  2
SOLID
  70
1
  71
0
  91
1
  92
7
  72
1
  73
1
  93
2
  10
13.000026063052129
  20
15.000030000060002
  42
1
  10
17.000033937067876
  20
15.000030000060002
  42
1
  97
1
  330
2201
  75
0
  76
1
  47
0.8681437583925616
  98
1
  10
3.629517071192367
  20
33.92795499968543
  450
0
  451
0
  460
0
  461
0
  452
1
  462
1
  453
2
  463
0
  63
5
  421
255
  463
1
  63
7
  421
16777215
  470
LINEAR
  1001
ACAD
  1010
0
  1020
0
  1030
0
  0
LWPOLYLINE
  5
2203
  100
AcDbEntity
  8
Bottom-Paste-Mask-Layer
  100
AcDbPolyline
  90
4
  70
0
  43
0
  10
13.000026063052129
  20
15.000030001419498
  42
1
  10
17.000033937067876
  20
15.000030001419494
  10
17.000033937067876
  20
15.000029998700509
  42
1
  10
13.000026063052129
  20
15.000029998700509
  0
HATCH
  5
2232
  100
AcDbEntity
  8
Bottom-Paste-Mask-Layer
  100
AcDbHatch
  10
0
  20
0
  30
0
  210
0
  220
0
  230
1
  2
SOLID
  70
1
  71
0
  91
1
  92
7
  72
1
  73
1
  93
2
  10
9.940019840039682
  20
17.54003508007016
  42
1
  10
12.440024920049844
  20
17.54003508007016
  42
1
  97
1
  330
2231
  75
0
  76
1
  47
0.8681437583925616
  98
1
  10
3.629517071192367
  20
33.92795499968543
  450
0
  451
0
  460
0
  461
0
  452
1
  462
1
  453
2
  463
0
  63
5
  421
255
  463
1
  63
7
  421
16777215
  470
LINEAR
  1001
ACAD
  1010
0
  1020
0
  1030
0
  0
LWPOLYLINE
  5
2233
  100
AcDbEntity
  8
Bottom-Paste-Mask-Layer
  100
AcDbPolyline
  90
2
  70
1
  43
0
  10
9.94001984003968
  20
17.54003508007016
  42
1
  10
12.440024920049844
  20
17.54003508007016
  42
1
  0
HATCH
  5
2262
  100
AcDbEntity
  8
Bottom-Paste-Mask-Layer
  100
AcDbHatch
  10
0
  20
0
  30
0
  210
0
  220
0
  230
1
  2
SOLID
  70
1
  71
0
  91
1
  92
7
  72
1
  73
1
  93
2
  10
16.29003254006508
  20
20.080040160080323
  42
1
  10
18.790037620075243
  20
20.080040160080323
  42
1
  97
1
  330
2261
  75
0
  76
1
  47
0.8681437583925616
  98
1
  10
3.629517071192367
  20
33.92795499968543
  450
0
  451
0
  460
0
  461
0
  452
1
  462
1
  453
2
  463
0
  63
5
  421
255
  463
1
  63
7
  421
16777215
  470
LINEAR
  1001
ACAD
  1010
0
  1020
0
  1030
0
  0
LWPOLYLINE
  5
2263
  100
AcDbEntity
  8
Bottom-Paste-Mask-Layer
  100
AcDbPolyline
  90
2
  70
1
  43
0
  10
16.29003254006508
  20
20.080040160080323
  42
1
  10
18.790037620075243
  20
20.080040160080323
  42
1
  0
HATCH
  5
2310
  100
AcDbEntity
  8
Bottom-Paste-Mask-Layer
  100
AcDbHatch
  10
0
  20
0
  30
0
  210
0
  220
0
  230
1
  2
SOLID
  70
1
  71
0
  91
1
  92
7
  72
1
  73
1
  93
2
  10
11.559897919795846
  20
32.62801625603252
  42
1
  10
13.359897919795847
  20
32.62801625603252
  42
1
  97
1
  330
2309
  75
0
  76
1
  47
0.8681437583925616
  98
1
  10
3.629517071192367
  20
33.92795499968543
  450
0
  451
0
  460
0
  461
0
  452
1
  462
1
  453
2
  463
0
  63
5
  421
255
  463
1
  63
7
  421
16777215
  470
LINEAR
  1001
ACAD
  1010
0
  1020
0
  1030
0
  0
LWPOLYLINE
  5
2311
  100
AcDbEntity
  8
Bottom-Paste-Mask-Layer
  100
AcDbPolyline
  90
2
  70
1
  43
0
  10
11.559897919795846
  20
32.62801625603252
  42
1
  10
13.359897919795847
  20
32.62801625603252
  42
1
  0
HATCH
  5
2340
  100
AcDbEntity
  8
Bottom-Paste-Mask-Layer
  100
AcDbHatch
  10
0
  20
0
  30
0
  210
0
  220
0
  230
1
  2
SOLID
  70
1
  71
0
  91
1
  92
7
  72
1
  73
1
  93
2
  10
14.099902999806005
  20
32.62801625603252
  42
1
  10
15.899902999806006
  20
32.62801625603252
  42
1
  97
1
  330
2339
  75
0
  76
1
  47
0.8681437583925616
  98
1
  10
3.629517071192367
  20
33.92795499968543
  450
0
  451
0
  460
0
  461
0
  452
1
  462
1
  453
2
  463
0
  63
5
  421
255
  463
1
  63
7
  421
16777215
  470
LINEAR
  1001
ACAD
  1010
0
  1020
0
  1030
0
  0
LWPOLYLINE
  5
2341
  100
AcDbEntity
  8
Bottom-Paste-Mask-Layer
  100
AcDbPolyline
  90
2
  70
1
  43
0
  10
14.099902999806003
  20
32.62801625603252
  42
1
  10
15.899902999806006
  20
32.62801625603252
  42
1
  0
HATCH
  5
2370
  100
AcDbEntity
  8
Bottom-Paste-Mask-Layer
  100
AcDbHatch
  10
0
  20
0
  30
0
  210
0
  220
0
  230
1
  2
SOLID
  70
1
  71
0
  91
1
  92
7
  72
1
  73
1
  93
2
  10
16.639908079816166
  20
32.62801625603252
  42
1
  10
18.439908079816163
  20
32.62801625603252
  42
1
  97
1
  330
2369
  75
0
  76
1
  47
0.8681437583925616
  98
1
  10
3.629517071192367
  20
33.92795499968543
  450
0
  451
0
  460
0
  461
0
  452
1
  462
1
  453
2
  463
0
  63
5
  421
255
  463
1
  63
7
  421
16777215
  470
LINEAR
  1001
ACAD
  1010
0
  1020
0
  1030
0
  0
LWPOLYLINE
  5
2371
  100
AcDbEntity
  8
Bottom-Paste-Mask-Layer
  100
AcDbPolyline
  90
2
  70
1
  43
0
  10
16.639908079816166
  20
32.62801625603252
  42
1
  10
18.439908079816167
  20
32.62801625603252
  42
1
  0
HATCH
  5
2400
  100
AcDbEntity
  8
Bottom-Paste-Mask-Layer
  100
AcDbHatch
  10
0
  20
0
  30
0
  210
0
  220
0
  230
1
  2
SOLID
  70
1
  71
0
  91
1
  92
7
  72
1
  73
1
  93
2
  10
11.559897919795846
  20
47.12814325628652
  42
1
  10
13.359897919795847
  20
47.12814325628652
  42
1
  97
1
  330
2399
  75
0
  76
1
  47
0.8681437583925616
  98
1
  10
3.629517071192367
  20
33.92795499968543
  450
0
  451
0
  460
0
  461
0
  452
1
  462
1
  453
2
  463
0
  63
5
  421
255
  463
1
  63
7
  421
16777215
  470
LINEAR
  1001
ACAD
  1010
0
  1020
0
  1030
0
  0
LWPOLYLINE
  5
2401
  100
AcDbEntity
  8
Bottom-Paste-Mask-Layer
  100
AcDbPolyline
  90
2
  70
1
  43
0
  10
11.559897919795846
  20
47.12814325628652
  42
1
  10
13.359897919795847
  20
47.12814325628652
  42
1
  0
HATCH
  5
2430
  100
AcDbEntity
  8
Bottom-Paste-Mask-Layer
  100
AcDbHatch
  10
0
  20
0
  30
0
  210
0
  220
0
  230
1
  2
SOLID
  70
1
  71
0
  91
1
  92
7
  72
1
  73
1
  93
2
  10
16.639908079816166
  20
47.12814325628652
  42
1
  10
18.439908079816163
  20
47.12814325628652
  42
1
  97
1
  330
2429
  75
0
  76
1
  47
0.8681437583925616
  98
1
  10
3.629517071192367
  20
33.92795499968543
  450
0
  451
0
  460
0
  461
0
  452
1
  462
1
  453
2
  463
0
  63
5
  421
255
  463
1
  63
7
  421
16777215
  470
LINEAR
  1001
ACAD
  1010
0
  1020
0
  1030
0
  0
LWPOLYLINE
  5
2431
  100
AcDbEntity
  8
Bottom-Paste-Mask-Layer
  100
AcDbPolyline
  90
2
  70
1
  43
0
  10
16.639908079816166
  20
47.12814325628652
  42
1
  10
18.439908079816167
  20
47.12814325628652
  42
1
  0
HATCH
  5
2452
  100
AcDbEntity
  8
Bottom-Paste-Mask-Layer
  100
AcDbHatch
  10
0
  20
0
  30
0
  210
0
  220
0
  230
1
  2
SOLID
  70
1
  71
0
  91
1
  92
7
  72
0
  73
1
  93
18
  10
21.65003000006001
  20
39.27814325628652
  10
21.562491462447987
  20
38.838057309066656
  10
21.313202798424538
  20
38.464970457921986
  10
20.940115947279864
  20
38.21568179389853
  10
20.500030000060008
  20
38.12814325628652
  10
20.059944052840155
  20
38.21568179389853
  10
19.686857201695478
  20
38.46497045792199
  10
19.43756853767203
  20
38.83805730906666
  10
19.350030000060013
  20
39.27814325628652
  10
19.35003000006001
  20
40.978143256286515
  10
19.43756853767203
  20
41.41822920350637
  10
19.686857201695478
  20
41.79131605465104
  10
20.059944052840155
  20
42.0406047186745
  10
20.500030000060008
  20
42.12814325628651
  10
20.940115947279864
  20
42.0406047186745
  10
21.313202798424538
  20
41.79131605465104
  10
21.56249146244799
  20
41.41822920350637
  10
21.65003000006001
  20
40.978143256286515
  97
1
  330
2451
  75
0
  76
1
  47
0.4128176842155181
  98
1
  10
34.90568961886538
  20
22.81183545379326
  450
0
  451
0
  460
0
  461
0
  452
1
  462
1
  453
2
  463
0
  63
5
  421
255
  463
1
  63
7
  421
16777215
  470
LINEAR
  1001
ACAD
  1010
0
  1020
0
  1030
0
  0
LWPOLYLINE
  5
2451
  100
AcDbEntity
  8
Bottom-Paste-Mask-Layer
  100
AcDbPolyline
  90
18
  70
1
  43
0
  10
21.65003000006001
  20
39.27814325628652
  10
21.562491462447987
  20
38.838057309066656
  10
21.313202798424538
  20
38.464970457921986
  10
20.940115947279864
  20
38.21568179389853
  10
20.500030000060008
  20
38.12814325628652
  10
20.059944052840155
  20
38.21568179389853
  10
19.686857201695478
  20
38.46497045792199
  10
19.43756853767203
  20
38.83805730906666
  10
19.350030000060013
  20
39.27814325628652
  10
19.35003000006001
  20
40.978143256286515
  10
19.43756853767203
  20
41.41822920350637
  10
19.686857201695478
  20
41.79131605465104
  10
20.059944052840155
  20
42.0406047186745
  10
20.500030000060008
  20
42.12814325628651
  10
20.940115947279864
  20
42.0406047186745
  10
21.313202798424538
  20
41.79131605465104
  10
21.56249146244799
  20
41.41822920350637
  10
21.65003000006001
  20
40.978143256286515
  0
HATCH
  5
2472
  100
AcDbEntity
  8
Bottom-Paste-Mask-Layer
  100
AcDbHatch
  10
0
  20
0
  30
0
  210
0
  220
0
  230
1
  2
SOLID
  70
1
  71
0
  91
1
  92
7
  72
0
  73
1
  93
18
  10
10.650030000060003
  20
39.27814325628652
  10
10.562491462447984
  20
38.838057309066656
  10
10.313202798424532
  20
38.464970457921986
  10
9.940115947279857
  20
38.21568179389853
  10
9.500030000060002
  20
38.12814325628652
  10
9.05994405284015
  20
38.21568179389853
  10
8.686857201695473
  20
38.46497045792199
  10
8.437568537672023
  20
38.83805730906666
  10
8.350030000060006
  20
39.27814325628652
  10
8.350030000060004
  20
40.978143256286515
  10
8.437568537672023
  20
41.41822920350637
  10
8.686857201695473
  20
41.79131605465104
  10
9.05994405284015
  20
42.0406047186745
  10
9.500030000060002
  20
42.12814325628651
  10
9.940115947279857
  20
42.0406047186745
  10
10.313202798424532
  20
41.79131605465104
  10
10.562491462447984
  20
41.41822920350637
  10
10.650030000060003
  20
40.978143256286515
  97
1
  330
2471
  75
0
  76
1
  47
0.4128176842155181
  98
1
  10
34.90568961886538
  20
22.81183545379326
  450
0
  451
0
  460
0
  461
0
  452
1
  462
1
  453
2
  463
0
  63
5
  421
255
  463
1
  63
7
  421
16777215
  470
LINEAR
  1001
ACAD
  1010
0
  1020
0
  1030
0
  0
LWPOLYLINE
  5
2471
  100
AcDbEntity
  8
Bottom-Paste-Mask-Layer
  100
AcDbPolyline
  90
18
  70
1
  43
0
  10
10.650030000060003
  20
39.27814325628652
  10
10.562491462447984
  20
38.838057309066656
  10
10.313202798424532
  20
38.464970457921986
  10
9.940115947279857
  20
38.21568179389853
  10
9.500030000060002
  20
38.12814325628652
  10
9.05994405284015
  20
38.21568179389853
  10
8.686857201695473
  20
38.46497045792199
  10
8.437568537672023
  20
38.83805730906666
  10
8.350030000060006
  20
39.27814325628652
  10
8.350030000060004
  20
40.978143256286515
  10
8.437568537672023
  20
41.41822920350637
  10
8.686857201695473
  20
41.79131605465104
  10
9.05994405284015
  20
42.0406047186745
  10
9.500030000060002
  20
42.12814325628651
  10
9.940115947279857
  20
42.0406047186745
  10
10.313202798424532
  20
41.79131605465104
  10
10.562491462447984
  20
41.41822920350637
  10
10.650030000060003
  20
40.978143256286515
  0
HATCH
  5
2480
  100
AcDbEntity
  8
Bottom-Paste-Mask-Layer
  100
AcDbHatch
  10
0
  20
0
  30
0
  210
0
  220
0
  230
1
  2
SOLID
  70
1
  71
0
  91
1
  92
7
  72
0
  73
1
  93
4
  10
88.30007730015463
  20
64.25012100024202
  10
88.30007730015461
  20
56.750121000242025
  10
83.00007730015462
  20
56.750121000242025
  10
83.00007730015463
  20
64.25012100024202
  97
1
  330
2479
  75
0
  76
1
  47
0.4128176842155181
  98
1
  10
34.90568961886538
  20
22.81183545379326
  450
0
  451
0
  460
0
  461
0
  452
1
  462
1
  453
2
  463
0
  63
5
  421
255
  463
1
  63
7
  421
16777215
  470
LINEAR
  1001
ACAD
  1010
0
  1020
0
  1030
0
  0
LWPOLYLINE
  5
2479
  100
AcDbEntity
  8
Bottom-Paste-Mask-Layer
  100
AcDbPolyline
  90
4
  70
1
  43
0
  10
88.30007730015463
  20
64.25012100024202
  10
88.30007730015461
  20
56.750121000242025
  10
83.00007730015462
  20
56.750121000242025
  10
83.00007730015463
  20
64.25012100024202
  0
HATCH
  5
2486
  100
AcDbEntity
  8
Bottom-Paste-Mask-Layer
  100
AcDbHatch
  10
0
  20
0
  30
0
  210
0
  220
0
  230
1
  2
SOLID
  70
1
  71
0
  91
1
  92
7
  72
0
  73
1
  93
4
  10
7.00010270020541
  20
64.250121000242
  10
7.000102700205409
  20
56.75012100024201
  10
1.7001027002054074
  20
56.75012100024201
  10
1.7001027002054083
  20
64.250121000242
  97
1
  330
2485
  75
0
  76
1
  47
0.4128176842155181
  98
1
  10
34.90568961886538
  20
22.81183545379326
  450
0
  451
0
  460
0
  461
0
  452
1
  462
1
  453
2
  463
0
  63
5
  421
255
  463
1
  63
7
  421
16777215
  470
LINEAR
  1001
ACAD
  1010
0
  1020
0
  1030
0
  0
LWPOLYLINE
  5
2485
  100
AcDbEntity
  8
Bottom-Paste-Mask-Layer
  100
AcDbPolyline
  90
4
  70
1
  43
0
  10
7.00010270020541
  20
64.250121000242
  10
7.000102700205409
  20
56.75012100024201
  10
1.7001027002054074
  20
56.75012100024201
  10
1.7001027002054083
  20
64.250121000242
  0
HATCH
  5
2512
  100
AcDbEntity
  8
Bottom-Paste-Mask-Layer
  100
AcDbHatch
  10
0
  20
0
  30
0
  210
0
  220
0
  230
1
  2
SOLID
  70
1
  71
0
  91
1
  92
7
  72
1
  73
1
  93
2
  10
79.20515838231678
  20
40.00008000016
  42
1
  10
80.95516193832388
  20
40.00008000016
  42
1
  97
1
  330
2511
  75
0
  76
1
  47
0.8681437583925616
  98
1
  10
3.629517071192367
  20
33.92795499968543
  450
0
  451
0
  460
0
  461
0
  452
1
  462
1
  453
2
  463
0
  63
5
  421
255
  463
1
  63
7
  421
16777215
  470
LINEAR
  1001
ACAD
  1010
0
  1020
0
  1030
0
  0
LWPOLYLINE
  5
2513
  100
AcDbEntity
  8
Bottom-Paste-Mask-Layer
  100
AcDbPolyline
  90
2
  70
1
  43
0
  10
79.20515838231677
  20
40.00008000016
  42
1
  10
80.95516193832388
  20
40.00008000016
  42
1
  0
HATCH
  5
2542
  100
AcDbEntity
  8
Bottom-Paste-Mask-Layer
  100
AcDbHatch
  10
0
  20
0
  30
0
  210
0
  220
0
  230
1
  2
SOLID
  70
1
  71
0
  91
1
  92
7
  72
1
  73
1
  93
2
  10
69.04513806227614
  20
40.00008000016
  42
1
  10
70.79514161828324
  20
40.00008000016
  42
1
  97
1
  330
2541
  75
0
  76
1
  47
0.8681437583925616
  98
1
  10
3.629517071192367
  20
33.92795499968543
  450
0
  451
0
  460
0
  461
0
  452
1
  462
1
  453
2
  463
0
  63
5
  421
255
  463
1
  63
7
  421
16777215
  470
LINEAR
  1001
ACAD
  1010
0
  1020
0
  1030
0
  0
LWPOLYLINE
  5
2543
  100
AcDbEntity
  8
Bottom-Paste-Mask-Layer
  100
AcDbPolyline
  90
2
  70
1
  43
0
  10
69.04513806227612
  20
40.00008000016
  42
1
  10
70.79514161828324
  20
40.00008000016
  42
1
  0
HATCH
  5
2572
  100
AcDbEntity
  8
Bottom-Paste-Mask-Layer
  100
AcDbHatch
  10
0
  20
0
  30
0
  210
0
  220
0
  230
1
  2
SOLID
  70
1
  71
0
  91
1
  92
7
  72
1
  73
1
  93
2
  10
73.00014606329214
  20
40.00008000016
  42
1
  10
77.00015393730789
  20
40.00008000016
  42
1
  97
1
  330
2571
  75
0
  76
1
  47
0.8681437583925616
  98
1
  10
3.629517071192367
  20
33.92795499968543
  450
0
  451
0
  460
0
  461
0
  452
1
  462
1
  453
2
  463
0
  63
5
  421
255
  463
1
  63
7
  421
16777215
  470
LINEAR
  1001
ACAD
  1010
0
  1020
0
  1030
0
  0
LWPOLYLINE
  5
2573
  100
AcDbEntity
  8
Bottom-Paste-Mask-Layer
  100
AcDbPolyline
  90
4
  70
0
  43
0
  10
73.00014606329214
  20
40.00008000241295
  42
1
  10
77.00015393730789
  20
40.00007999719835
  10
77.00015393730789
  20
40.000079997907044
  42
1
  10
73.00014606329214
  20
40.000080003121646
  0
HATCH
  5
2602
  100
AcDbEntity
  8
Bottom-Paste-Mask-Layer
  100
AcDbHatch
  10
0
  20
0
  30
0
  210
0
  220
0
  230
1
  2
SOLID
  70
1
  71
0
  91
1
  92
7
  72
1
  73
1
  93
2
  10
69.94013984027968
  20
42.54008508017016
  42
1
  10
72.44014492028985
  20
42.54008508017016
  42
1
  97
1
  330
2601
  75
0
  76
1
  47
0.8681437583925616
  98
1
  10
3.629517071192367
  20
33.92795499968543
  450
0
  451
0
  460
0
  461
0
  452
1
  462
1
  453
2
  463
0
  63
5
  421
255
  463
1
  63
7
  421
16777215
  470
LINEAR
  1001
ACAD
  1010
0
  1020
0
  1030
0
  0
LWPOLYLINE
  5
2603
  100
AcDbEntity
  8
Bottom-Paste-Mask-Layer
  100
AcDbPolyline
  90
2
  70
1
  43
0
  10
69.94013984027968
  20
42.54008508017016
  42
1
  10
72.44014492028985
  20
42.54008508017016
  42
1
  0
HATCH
  5
2632
  100
AcDbEntity
  8
Bottom-Paste-Mask-Layer
  100
AcDbHatch
  10
0
  20
0
  30
0
  210
0
  220
0
  230
1
  2
SOLID
  70
1
  71
0
  91
1
  92
7
  72
1
  73
1
  93
2
  10
76.29015254030509
  20
45.08009016018032
  42
1
  10
78.79015762031526
  20
45.08009016018032
  42
1
  97
1
  330
2631
  75
0
  76
1
  47
0.8681437583925616
  98
1
  10
3.629517071192367
  20
33.92795499968543
  450
0
  451
0
  460
0
  461
0
  452
1
  462
1
  453
2
  463
0
  63
5
  421
255
  463
1
  63
7
  421
16777215
  470
LINEAR
  1001
ACAD
  1010
0
  1020
0
  1030
0
  0
LWPOLYLINE
  5
2633
  100
AcDbEntity
  8
Bottom-Paste-Mask-Layer
  100
AcDbPolyline
  90
2
  70
1
  43
0
  10
76.29015254030509
  20
45.08009016018032
  42
1
  10
78.79015762031526
  20
45.08009016018032
  42
1
  0
HATCH
  5
2662
  100
AcDbEntity
  8
Bottom-Paste-Mask-Layer
  100
AcDbHatch
  10
0
  20
0
  30
0
  210
0
  220
0
  230
1
  2
SOLID
  70
1
  71
0
  91
1
  92
7
  72
1
  73
1
  93
2
  10
79.20515838231678
  20
15.000064999764941
  42
1
  10
80.95516193832388
  20
15.000064999764941
  42
1
  97
1
  330
2661
  75
0
  76
1
  47
0.8681437583925616
  98
1
  10
3.629517071192367
  20
33.92795499968543
  450
0
  451
0
  460
0
  461
0
  452
1
  462
1
  453
2
  463
0
  63
5
  421
255
  463
1
  63
7
  421
16777215
  470
LINEAR
  1001
ACAD
  1010
0
  1020
0
  1030
0
  0
LWPOLYLINE
  5
2663
  100
AcDbEntity
  8
Bottom-Paste-Mask-Layer
  100
AcDbPolyline
  90
2
  70
1
  43
0
  10
79.20515838231677
  20
15.000064999764941
  42
1
  10
80.95516193832388
  20
15.000064999764941
  42
1
  0
HATCH
  5
2692
  100
AcDbEntity
  8
Bottom-Paste-Mask-Layer
  100
AcDbHatch
  10
0
  20
0
  30
0
  210
0
  220
0
  230
1
  2
SOLID
  70
1
  71
0
  91
1
  92
7
  72
1
  73
1
  93
2
  10
69.04513806227614
  20
15.000064999764941
  42
1
  10
70.79514161828324
  20
15.000064999764941
  42
1
  97
1
  330
2691
  75
0
  76
1
  47
0.8681437583925616
  98
1
  10
3.629517071192367
  20
33.92795499968543
  450
0
  451
0
  460
0
  461
0
  452
1
  462
1
  453
2
  463
0
  63
5
  421
255
  463
1
  63
7
  421
16777215
  470
LINEAR
  1001
ACAD
  1010
0
  1020
0
  1030
0
  0
LWPOLYLINE
  5
2693
  100
AcDbEntity
  8
Bottom-Paste-Mask-Layer
  100
AcDbPolyline
  90
2
  70
1
  43
0
  10
69.04513806227612
  20
15.000064999764941
  42
1
  10
70.79514161828324
  20
15.000064999764941
  42
1
  0
HATCH
  5
2722
  100
AcDbEntity
  8
Bottom-Paste-Mask-Layer
  100
AcDbHatch
  10
0
  20
0
  30
0
  210
0
  220
0
  230
1
  2
SOLID
  70
1
  71
0
  91
1
  92
7
  72
1
  73
1
  93
2
  10
73.00014606329214
  20
15.000064999764941
  42
1
  10
77.00015393730789
  20
15.000064999764941
  42
1
  97
1
  330
2721
  75
0
  76
1
  47
0.8681437583925616
  98
1
  10
3.629517071192367
  20
33.92795499968543
  450
0
  451
0
  460
0
  461
0
  452
1
  462
1
  453
2
  463
0
  63
5
  421
255
  463
1
  63
7
  421
16777215
  470
LINEAR
  1001
ACAD
  1010
0
  1020
0
  1030
0
  0
LWPOLYLINE
  5
2723
  100
AcDbEntity
  8
Bottom-Paste-Mask-Layer
  100
AcDbPolyline
  90
4
  70
0
  43
0
  10
73.00014606329214
  20
15.000065002017887
  42
1
  10
77.00015393730789
  20
15.000064996803285
  10
77.00015393730789
  20
15.000064997511993
  42
1
  10
73.00014606329214
  20
15.000065002726593
  0
HATCH
  5
2752
  100
AcDbEntity
  8
Bottom-Paste-Mask-Layer
  100
AcDbHatch
  10
0
  20
0
  30
0
  210
0
  220
0
  230
1
  2
SOLID
  70
1
  71
0
  91
1
  92
7
  72
1
  73
1
  93
2
  10
69.94013984027968
  20
17.5400700797751
  42
1
  10
72.44014492028985
  20
17.5400700797751
  42
1
  97
1
  330
2751
  75
0
  76
1
  47
0.8681437583925616
  98
1
  10
3.629517071192367
  20
33.92795499968543
  450
0
  451
0
  460
0
  461
0
  452
1
  462
1
  453
2
  463
0
  63
5
  421
255
  463
1
  63
7
  421
16777215
  470
LINEAR
  1001
ACAD
  1010
0
  1020
0
  1030
0
  0
LWPOLYLINE
  5
2753
  100
AcDbEntity
  8
Bottom-Paste-Mask-Layer
  100
AcDbPolyline
  90
2
  70
1
  43
0
  10
69.94013984027968
  20
17.5400700797751
  42
1
  10
72.44014492028985
  20
17.5400700797751
  42
1
  0
HATCH
  5
2782
  100
AcDbEntity
  8
Bottom-Paste-Mask-Layer
  100
AcDbHatch
  10
0
  20
0
  30
0
  210
0
  220
0
  230
1
  2
SOLID
  70
1
  71
0
  91
1
  92
7
  72
1
  73
1
  93
2
  10
76.29015254030509
  20
20.08007515978526
  42
1
  10
78.79015762031526
  20
20.08007515978526
  42
1
  97
1
  330
2781
  75
0
  76
1
  47
0.8681437583925616
  98
1
  10
3.629517071192367
  20
33.92795499968543
  450
0
  451
0
  460
0
  461
0
  452
1
  462
1
  453
2
  463
0
  63
5
  421
255
  463
1
  63
7
  421
16777215
  470
LINEAR
  1001
ACAD
  1010
0
  1020
0
  1030
0
  0
LWPOLYLINE
  5
2783
  100
AcDbEntity
  8
Bottom-Paste-Mask-Layer
  100
AcDbPolyline
  90
2
  70
1
  43
0
  10
76.29015254030509
  20
20.08007515978526
  42
1
  10
78.79015762031526
  20
20.08007515978526
  42
1
  0
HATCH
  5
2812
  100
AcDbEntity
  8
Bottom-Paste-Mask-Layer
  100
AcDbHatch
  10
0
  20
0
  30
0
  210
0
  220
0
  230
1
  2
SOLID
  70
1
  71
0
  91
1
  92
7
  72
1
  73
1
  93
2
  10
85.09774968095456
  20
60.43662087324176
  42
1
  10
86.62175272896067
  20
60.43662087324176
  42
1
  97
1
  330
2811
  75
0
  76
1
  47
0.8681437583925616
  98
1
  10
3.629517071192367
  20
33.92795499968543
  450
0
  451
0
  460
0
  461
0
  452
1
  462
1
  453
2
  463
0
  63
5
  421
255
  463
1
  63
7
  421
16777215
  470
LINEAR
  1001
ACAD
  1010
0
  1020
0
  1030
0
  0
LWPOLYLINE
  5
2813
  100
AcDbEntity
  8
Bottom-Paste-Mask-Layer
  100
AcDbPolyline
  90
2
  70
1
  43
0
  10
85.09774968095456
  20
60.43662087324176
  42
1
  10
86.62175272896066
  20
60.43662087324176
  42
1
  0
HATCH
  5
2842
  100
AcDbEntity
  8
Bottom-Paste-Mask-Layer
  100
AcDbHatch
  10
0
  20
0
  30
0
  210
0
  220
0
  230
1
  2
SOLID
  70
1
  71
0
  91
1
  92
7
  72
1
  73
1
  93
2
  10
24.238048476096953
  20
59.00011800023601
  42
1
  10
25.762051524103047
  20
59.00011800023601
  42
1
  97
1
  330
2841
  75
0
  76
1
  47
0.8681437583925616
  98
1
  10
3.629517071192367
  20
33.92795499968543
  450
0
  451
0
  460
0
  461
0
  452
1
  462
1
  453
2
  463
0
  63
5
  421
255
  463
1
  63
7
  421
16777215
  470
LINEAR
  1001
ACAD
  1010
0
  1020
0
  1030
0
  0
LWPOLYLINE
  5
2843
  100
AcDbEntity
  8
Bottom-Paste-Mask-Layer
  100
AcDbPolyline
  90
2
  70
1
  43
0
  10
24.238048476096953
  20
59.00011800023601
  42
1
  10
25.76205152410305
  20
59.00011800023601
  42
1
  0
HATCH
  5
1046
  100
AcDbEntity
  8
Top-Layer
  100
AcDbHatch
  10
0
  20
0
  30
0
  210
0
  220
0
  230
1
  2
SOLID
  70
1
  71
0
  91
1
  92
7
  72
0
  73
1
  93
32
  10
0
  20
4.049006858013708
  10
0
  20
68.04913639827281
  10
0.07521639082099012
  20
68.71670033055035
  10
0.29709389937189973
  20
69.35078981975929
  10
0.6545066608941966
  20
69.91960897118354
  10
1.1295325070994329
  20
70.39463481738876
  10
1.6983516585236826
  20
70.75204757891106
  10
2.3324411477326117
  20
70.97392508746196
  10
3.00000508001016
  20
71.04914147828296
  10
87.00017526035055
  20
71.04914147828296
  10
87.66773919262809
  20
70.97392508746196
  10
88.30182868183701
  20
70.75204757891106
  10
88.87064783326127
  20
70.39463481738876
  10
89.3456736794665
  20
69.91960897118354
  10
89.7030864409888
  20
69.35078981975929
  10
89.9249639495397
  20
68.71670033055035
  10
90.0001803403607
  20
68.04913639827281
  10
90.0001803403607
  20
4.049006858013708
  10
89.9249639495397
  20
3.3814429257361596
  10
89.7030864409888
  20
2.747353436527231
  10
89.3456736794665
  20
2.1785342851029794
  10
88.87064783326127
  20
1.7035084388977442
  10
88.30182868183701
  20
1.346095677375449
  10
87.66773919262809
  20
1.1242181688245392
  10
87.00017526035055
  20
1.0490017780035485
  10
3.00000508001016
  20
1.0490017780035485
  10
2.3324411477326112
  20
1.1242181688245387
  10
1.6983516585236822
  20
1.3460956773754482
  10
1.1295325070994309
  20
1.703508438897745
  10
0.6545066608941966
  20
2.1785342851029794
  10
0.29709389937189973
  20
2.747353436527232
  10
0.07521639082099012
  20
3.3814429257361605
  97
1
  330
1045
  75
0
  76
1
  47
0.4128176842155181
  98
1
  10
34.90568961886538
  20
22.81183545379326
  450
0
  451
0
  460
0
  461
0
  452
1
  462
1
  453
2
  463
0
  63
5
  421
255
  463
1
  63
7
  421
16777215
  470
LINEAR
  1001
ACAD
  1010
0
  1020
0
  1030
0
  0
LWPOLYLINE
  5
1045
  100
AcDbEntity
  8
Top-Layer
  100
AcDbPolyline
  90
32
  70
1
  43
0.005080010160020321
  10
0
  20
4.049006858013708
  10
0
  20
68.04913639827281
  10
0.07521639082099012
  20
68.71670033055035
  10
0.29709389937189973
  20
69.35078981975929
  10
0.6545066608941966
  20
69.91960897118354
  10
1.1295325070994329
  20
70.39463481738876
  10
1.6983516585236826
  20
70.75204757891106
  10
2.3324411477326117
  20
70.97392508746196
  10
3.00000508001016
  20
71.04914147828296
  10
87.00017526035055
  20
71.04914147828296
  10
87.66773919262809
  20
70.97392508746196
  10
88.30182868183701
  20
70.75204757891106
  10
88.87064783326127
  20
70.39463481738876
  10
89.3456736794665
  20
69.91960897118354
  10
89.7030864409888
  20
69.35078981975929
  10
89.9249639495397
  20
68.71670033055035
  10
90.0001803403607
  20
68.04913639827281
  10
90.0001803403607
  20
4.049006858013708
  10
89.9249639495397
  20
3.3814429257361596
  10
89.7030864409888
  20
2.747353436527231
  10
89.3456736794665
  20
2.1785342851029794
  10
88.87064783326127
  20
1.7035084388977442
  10
88.30182868183701
  20
1.346095677375449
  10
87.66773919262809
  20
1.1242181688245392
  10
87.00017526035055
  20
1.0490017780035485
  10
3.00000508001016
  20
1.0490017780035485
  10
2.3324411477326112
  20
1.1242181688245387
  10
1.6983516585236822
  20
1.3460956773754482
  10
1.1295325070994309
  20
1.703508438897745
  10
0.6545066608941966
  20
2.1785342851029794
  10
0.29709389937189973
  20
2.747353436527232
  10
0.07521639082099012
  20
3.3814429257361605
  0
LWPOLYLINE
  5
1257
  100
AcDbEntity
  8
Top-Layer
  100
AcDbPolyline
  90
2
  70
0
  43
0.25400050800101603
  10
15.549933099866205
  20
60.95465390930782
  10
85.34171816889155
  20
60.95465390930782
  0
LWPOLYLINE
  5
1258
  100
AcDbEntity
  8
Top-Layer
  100
AcDbPolyline
  90
2
  70
0
  43
0.25400050800101603
  10
85.34171816889155
  20
60.95465390930782
  10
85.85975120495762
  20
60.43662087324176
  0
LWPOLYLINE
  5
1259
  100
AcDbEntity
  8
Top-Layer
  100
AcDbPolyline
  90
2
  70
0
  43
0.25400050800101603
  10
25.0000500001
  20
59.00011800023601
  10
15.59539719079438
  20
59.00011800023601
  0
LWPOLYLINE
  5
1260
  100
AcDbEntity
  8
Top-Layer
  100
AcDbPolyline
  90
2
  70
0
  43
0.25400050800101603
  10
15.59539719079438
  20
59.00011800023601
  10
15.549933099866205
  20
58.95465390930783
  0
LWPOLYLINE
  5
1263
  100
AcDbEntity
  8
Top-Layer
  100
AcDbPolyline
  90
2
  70
0
  43
0.25400050800101603
  10
2.9550639101278207
  20
51.87210374420751
  10
7.699024398048807
  20
47.12814325628652
  0
LWPOLYLINE
  5
1264
  100
AcDbEntity
  8
Top-Layer
  100
AcDbPolyline
  90
2
  70
0
  43
0.25400050800101603
  10
7.699024398048807
  20
47.12814325628652
  10
12.459897919795846
  20
47.12814325628652
  0
HATCH
  5
1266
  100
AcDbEntity
  8
Top-Layer
  100
AcDbHatch
  10
0
  20
0
  30
0
  210
0
  220
0
  230
1
  2
SOLID
  70
1
  71
0
  91
1
  92
7
  72
0
  73
1
  93
12
  10
1.9550893101786113
  20
50.697071994144004
  10
1.9550893101786113
  20
53.04705929411861
  10
2.0136618273236406
  20
53.18848677697356
  10
2.155089310178623
  20
53.2470846941694
  10
3.7550893101786342
  20
53.247084694169395
  10
3.8965167930335878
  20
53.188486776973555
  10
3.9550893101786175
  20
53.047059294118604
  10
3.9550893101786175
  20
50.697071994144004
  10
3.8965167930335878
  20
50.55564451128903
  10
3.7550893101786342
  20
50.497071994144
  10
2.155089310178623
  20
50.497071994144
  10
2.0136618273236406
  20
50.55564451128903
  97
1
  330
1265
  75
0
  76
1
  47
0.4128176842155181
  98
1
  10
34.90568961886538
  20
22.81183545379326
  450
0
  451
0
  460
0
  461
0
  452
1
  462
1
  453
2
  463
0
  63
5
  421
255
  463
1
  63
7
  421
16777215
  470
LINEAR
  1001
ACAD
  1010
0
  1020
0
  1030
0
  0
LWPOLYLINE
  5
1265
  100
AcDbEntity
  8
Top-Layer
  100
AcDbPolyline
  90
12
  70
1
  43
0
  10
1.9550893101786113
  20
50.697071994144004
  10
1.9550893101786113
  20
53.04705929411861
  10
2.0136618273236406
  20
53.18848677697356
  10
2.155089310178623
  20
53.2470846941694
  10
3.7550893101786342
  20
53.247084694169395
  10
3.8965167930335878
  20
53.188486776973555
  10
3.9550893101786175
  20
53.047059294118604
  10
3.9550893101786175
  20
50.697071994144004
  10
3.8965167930335878
  20
50.55564451128903
  10
3.7550893101786342
  20
50.497071994144
  10
2.155089310178623
  20
50.497071994144
  10
2.0136618273236406
  20
50.55564451128903
  0
HATCH
  5
1272
  100
AcDbEntity
  8
Top-Layer
  100
AcDbHatch
  10
0
  20
0
  30
0
  210
0
  220
0
  230
1
  2
SOLID
  70
1
  71
0
  91
1
  92
7
  72
0
  73
1
  93
12
  10
4.495094390188771
  20
50.697071994144004
  10
4.495094390188771
  20
53.047059294118604
  10
4.553666907333801
  20
53.188486776973555
  10
4.695094390188784
  20
53.247084694169395
  10
6.295094390188795
  20
53.247084694169395
  10
6.436521873043748
  20
53.188486776973555
  10
6.495094390188778
  20
53.047059294118604
  10
6.495094390188778
  20
50.697071994144004
  10
6.436521873043748
  20
50.55564451128903
  10
6.295094390188795
  20
50.497071994144
  10
4.695094390188784
  20
50.497071994144
  10
4.553666907333801
  20
50.55564451128903
  97
1
  330
1271
  75
0
  76
1
  47
0.4128176842155181
  98
1
  10
34.90568961886538
  20
22.81183545379326
  450
0
  451
0
  460
0
  461
0
  452
1
  462
1
  453
2
  463
0
  63
5
  421
255
  463
1
  63
7
  421
16777215
  470
LINEAR
  1001
ACAD
  1010
0
  1020
0
  1030
0
  0
LWPOLYLINE
  5
1271
  100
AcDbEntity
  8
Top-Layer
  100
AcDbPolyline
  90
12
  70
1
  43
0
  10
4.495094390188771
  20
50.697071994144004
  10
4.495094390188771
  20
53.047059294118604
  10
4.553666907333801
  20
53.188486776973555
  10
4.695094390188784
  20
53.247084694169395
  10
6.295094390188795
  20
53.247084694169395
  10
6.436521873043748
  20
53.188486776973555
  10
6.495094390188778
  20
53.047059294118604
  10
6.495094390188778
  20
50.697071994144004
  10
6.436521873043748
  20
50.55564451128903
  10
6.295094390188795
  20
50.497071994144
  10
4.695094390188784
  20
50.497071994144
  10
4.553666907333801
  20
50.55564451128903
  0
HATCH
  5
1278
  100
AcDbEntity
  8
Top-Layer
  100
AcDbHatch
  10
0
  20
0
  30
0
  210
0
  220
0
  230
1
  2
SOLID
  70
1
  71
0
  91
1
  92
7
  72
0
  73
1
  93
12
  10
7.035099470198932
  20
50.697071994144004
  10
7.035099470198932
  20
53.047059294118604
  10
7.093671987343961
  20
53.188486776973555
  10
7.235099470198944
  20
53.247084694169395
  10
8.835099470198955
  20
53.247084694169395
  10
8.97652695305391
  20
53.188486776973555
  10
9.035099470198938
  20
53.047059294118604
  10
9.035099470198938
  20
50.697071994144
  10
8.97652695305391
  20
50.555644511289024
  10
8.835099470198955
  20
50.497071994143994
  10
7.235099470198944
  20
50.497071994144
  10
7.093671987343961
  20
50.55564451128903
  97
1
  330
1277
  75
0
  76
1
  47
0.4128176842155181
  98
1
  10
34.90568961886538
  20
22.81183545379326
  450
0
  451
0
  460
0
  461
0
  452
1
  462
1
  453
2
  463
0
  63
5
  421
255
  463
1
  63
7
  421
16777215
  470
LINEAR
  1001
ACAD
  1010
0
  1020
0
  1030
0
  0
LWPOLYLINE
  5
1277
  100
AcDbEntity
  8
Top-Layer
  100
AcDbPolyline
  90
12
  70
1
  43
0
  10
7.035099470198932
  20
50.697071994144004
  10
7.035099470198932
  20
53.047059294118604
  10
7.093671987343961
  20
53.188486776973555
  10
7.235099470198944
  20
53.247084694169395
  10
8.835099470198955
  20
53.247084694169395
  10
8.97652695305391
  20
53.188486776973555
  10
9.035099470198938
  20
53.047059294118604
  10
9.035099470198938
  20
50.697071994144
  10
8.97652695305391
  20
50.555644511289024
  10
8.835099470198955
  20
50.497071994143994
  10
7.235099470198944
  20
50.497071994144
  10
7.093671987343961
  20
50.55564451128903
  0
HATCH
  5
1284
  100
AcDbEntity
  8
Top-Layer
  100
AcDbHatch
  10
0
  20
0
  30
0
  210
0
  220
0
  230
1
  2
SOLID
  70
1
  71
0
  91
1
  92
7
  72
0
  73
1
  93
12
  10
9.575104550209092
  20
50.697071994144
  10
9.575104550209092
  20
53.047059294118604
  10
9.633677067354151
  20
53.188486776973555
  10
9.775104550209104
  20
53.247084694169395
  10
11.375104550209116
  20
53.247084694169395
  10
11.516532033064069
  20
53.188486776973555
  10
11.5751045502091
  20
53.047059294118604
  10
11.5751045502091
  20
50.697071994144
  10
11.516532033064069
  20
50.555644511289024
  10
11.375104550209116
  20
50.497071994143994
  10
9.775104550209104
  20
50.497071994143994
  10
9.633677067354151
  20
50.555644511289024
  97
1
  330
1283
  75
0
  76
1
  47
0.4128176842155181
  98
1
  10
34.90568961886538
  20
22.81183545379326
  450
0
  451
0
  460
0
  461
0
  452
1
  462
1
  453
2
  463
0
  63
5
  421
255
  463
1
  63
7
  421
16777215
  470
LINEAR
  1001
ACAD
  1010
0
  1020
0
  1030
0
  0
LWPOLYLINE
  5
1283
  100
AcDbEntity
  8
Top-Layer
  100
AcDbPolyline
  90
12
  70
1
  43
0
  10
9.575104550209092
  20
50.697071994144
  10
9.575104550209092
  20
53.047059294118604
  10
9.633677067354151
  20
53.188486776973555
  10
9.775104550209104
  20
53.247084694169395
  10
11.375104550209116
  20
53.247084694169395
  10
11.516532033064069
  20
53.188486776973555
  10
11.5751045502091
  20
53.047059294118604
  10
11.5751045502091
  20
50.697071994144
  10
11.516532033064069
  20
50.555644511289024
  10
11.375104550209116
  20
50.497071994143994
  10
9.775104550209104
  20
50.497071994143994
  10
9.633677067354151
  20
50.555644511289024
  0
HATCH
  5
1290
  100
AcDbEntity
  8
Top-Layer
  100
AcDbHatch
  10
0
  20
0
  30
0
  210
0
  220
0
  230
1
  2
SOLID
  70
1
  71
0
  91
1
  92
7
  72
0
  73
1
  93
12
  10
12.115109630219253
  20
50.697071994144
  10
12.115109630219253
  20
53.047059294118604
  10
12.17368214736431
  20
53.188486776973555
  10
12.315109630219265
  20
53.247084694169395
  10
13.915109630219275
  20
53.247084694169395
  10
14.05653711307423
  20
53.188486776973555
  10
14.115109630219258
  20
53.047059294118604
  10
14.115109630219258
  20
50.697071994144
  10
14.05653711307423
  20
50.555644511289024
  10
13.915109630219275
  20
50.497071994143994
  10
12.315109630219265
  20
50.497071994143994
  10
12.17368214736431
  20
50.555644511289024
  97
1
  330
1289
  75
0
  76
1
  47
0.4128176842155181
  98
1
  10
34.90568961886538
  20
22.81183545379326
  450
0
  451
0
  460
0
  461
0
  452
1
  462
1
  453
2
  463
0
  63
5
  421
255
  463
1
  63
7
  421
16777215
  470
LINEAR
  1001
ACAD
  1010
0
  1020
0
  1030
0
  0
LWPOLYLINE
  5
1289
  100
AcDbEntity
  8
Top-Layer
  100
AcDbPolyline
  90
12
  70
1
  43
0
  10
12.115109630219253
  20
50.697071994144
  10
12.115109630219253
  20
53.047059294118604
  10
12.17368214736431
  20
53.188486776973555
  10
12.315109630219265
  20
53.247084694169395
  10
13.915109630219275
  20
53.247084694169395
  10
14.05653711307423
  20
53.188486776973555
  10
14.115109630219258
  20
53.047059294118604
  10
14.115109630219258
  20
50.697071994144
  10
14.05653711307423
  20
50.555644511289024
  10
13.915109630219275
  20
50.497071994143994
  10
12.315109630219265
  20
50.497071994143994
  10
12.17368214736431
  20
50.555644511289024
  0
HATCH
  5
1296
  100
AcDbEntity
  8
Top-Layer
  100
AcDbHatch
  10
0
  20
0
  30
0
  210
0
  220
0
  230
1
  2
SOLID
  70
1
  71
0
  91
1
  92
7
  72
0
  73
1
  93
12
  10
14.655114710229412
  20
50.697071994144
  10
14.655114710229412
  20
53.047059294118604
  10
14.713687227374443
  20
53.188486776973555
  10
14.855114710229424
  20
53.247084694169395
  10
16.455114710229434
  20
53.247084694169395
  10
16.59654219308439
  20
53.188486776973555
  10
16.65511471022942
  20
53.047059294118604
  10
16.655114710229412
  20
50.697071994144
  10
16.59654219308438
  20
50.555644511289024
  10
16.455114710229427
  20
50.497071994143994
  10
14.855114710229424
  20
50.497071994143994
  10
14.713687227374443
  20
50.555644511289024
  97
1
  330
1295
  75
0
  76
1
  47
0.4128176842155181
  98
1
  10
34.90568961886538
  20
22.81183545379326
  450
0
  451
0
  460
0
  461
0
  452
1
  462
1
  453
2
  463
0
  63
5
  421
255
  463
1
  63
7
  421
16777215
  470
LINEAR
  1001
ACAD
  1010
0
  1020
0
  1030
0
  0
LWPOLYLINE
  5
1295
  100
AcDbEntity
  8
Top-Layer
  100
AcDbPolyline
  90
12
  70
1
  43
0
  10
14.655114710229412
  20
50.697071994144
  10
14.655114710229412
  20
53.047059294118604
  10
14.713687227374443
  20
53.188486776973555
  10
14.855114710229424
  20
53.247084694169395
  10
16.455114710229434
  20
53.247084694169395
  10
16.59654219308439
  20
53.188486776973555
  10
16.65511471022942
  20
53.047059294118604
  10
16.655114710229412
  20
50.697071994144
  10
16.59654219308438
  20
50.555644511289024
  10
16.455114710229427
  20
50.497071994143994
  10
14.855114710229424
  20
50.497071994143994
  10
14.713687227374443
  20
50.555644511289024
  0
HATCH
  5
1302
  100
AcDbEntity
  8
Top-Layer
  100
AcDbHatch
  10
0
  20
0
  30
0
  210
0
  220
0
  230
1
  2
SOLID
  70
1
  71
0
  91
1
  92
7
  72
0
  73
1
  93
12
  10
17.195119790239566
  20
50.697071994144
  10
17.195119790239573
  20
53.047059294118604
  10
17.253692307384604
  20
53.188486776973555
  10
17.395119790239587
  20
53.247084694169395
  10
18.995119790239595
  20
53.247084694169395
  10
19.13654727309455
  20
53.188486776973555
  10
19.19511979023958
  20
53.047059294118604
  10
19.195119790239573
  20
50.697071994144
  10
19.136547273094543
  20
50.555644511289024
  10
18.99511979023959
  20
50.497071994143994
  10
17.39511979023958
  20
50.497071994143994
  10
17.253692307384597
  20
50.555644511289024
  97
1
  330
1301
  75
0
  76
1
  47
0.4128176842155181
  98
1
  10
34.90568961886538
  20
22.81183545379326
  450
0
  451
0
  460
0
  461
0
  452
1
  462
1
  453
2
  463
0
  63
5
  421
255
  463
1
  63
7
  421
16777215
  470
LINEAR
  1001
ACAD
  1010
0
  1020
0
  1030
0
  0
LWPOLYLINE
  5
1301
  100
AcDbEntity
  8
Top-Layer
  100
AcDbPolyline
  90
12
  70
1
  43
0
  10
17.195119790239566
  20
50.697071994144
  10
17.195119790239573
  20
53.047059294118604
  10
17.253692307384604
  20
53.188486776973555
  10
17.395119790239587
  20
53.247084694169395
  10
18.995119790239595
  20
53.247084694169395
  10
19.13654727309455
  20
53.188486776973555
  10
19.19511979023958
  20
53.047059294118604
  10
19.195119790239573
  20
50.697071994144
  10
19.136547273094543
  20
50.555644511289024
  10
18.99511979023959
  20
50.497071994143994
  10
17.39511979023958
  20
50.497071994143994
  10
17.253692307384597
  20
50.555644511289024
  0
HATCH
  5
1308
  100
AcDbEntity
  8
Top-Layer
  100
AcDbHatch
  10
0
  20
0
  30
0
  210
0
  220
0
  230
1
  2
SOLID
  70
1
  71
0
  91
1
  92
7
  72
0
  73
1
  93
12
  10
19.19499278998558
  20
69.21223582447166
  10
19.19499278998558
  20
66.86224852449706
  10
19.136420272840553
  20
66.7208210416421
  10
18.99499278998557
  20
66.66222312444626
  10
17.394992789985587
  20
66.66222312444626
  10
17.253565307130604
  20
66.7208210416421
  10
17.194992789985577
  20
66.86224852449706
  10
17.194992789985577
  20
69.21223582447166
  10
17.253565307130604
  20
69.35366330732663
  10
17.394992789985587
  20
69.41223582447167
  10
18.99499278998557
  20
69.41223582447167
  10
19.136420272840553
  20
69.35366330732663
  97
1
  330
1307
  75
0
  76
1
  47
0.4128176842155181
  98
1
  10
34.90568961886538
  20
22.81183545379326
  450
0
  451
0
  460
0
  461
0
  452
1
  462
1
  453
2
  463
0
  63
5
  421
255
  463
1
  63
7
  421
16777215
  470
LINEAR
  1001
ACAD
  1010
0
  1020
0
  1030
0
  0
LWPOLYLINE
  5
1307
  100
AcDbEntity
  8
Top-Layer
  100
AcDbPolyline
  90
12
  70
1
  43
0
  10
19.19499278998558
  20
69.21223582447166
  10
19.19499278998558
  20
66.86224852449706
  10
19.136420272840553
  20
66.7208210416421
  10
18.99499278998557
  20
66.66222312444626
  10
17.394992789985587
  20
66.66222312444626
  10
17.253565307130604
  20
66.7208210416421
  10
17.194992789985577
  20
66.86224852449706
  10
17.194992789985577
  20
69.21223582447166
  10
17.253565307130604
  20
69.35366330732663
  10
17.394992789985587
  20
69.41223582447167
  10
18.99499278998557
  20
69.41223582447167
  10
19.136420272840553
  20
69.35366330732663
  0
HATCH
  5
1314
  100
AcDbEntity
  8
Top-Layer
  100
AcDbHatch
  10
0
  20
0
  30
0
  210
0
  220
0
  230
1
  2
SOLID
  70
1
  71
0
  91
1
  92
7
  72
0
  73
1
  93
12
  10
14.528190656381314
  20
66.95310450620902
  10
14.528190656381314
  20
69.30309180618363
  10
14.586763173526345
  20
69.4445192890386
  10
14.728190656381328
  20
69.50311720623442
  10
16.32819065638131
  20
69.50311720623442
  10
16.469618139236292
  20
69.4445192890386
  10
16.52819065638132
  20
69.30309180618363
  10
16.52819065638132
  20
66.95310450620902
  10
16.469618139236292
  20
66.81167702335405
  10
16.32819065638131
  20
66.75310450620903
  10
14.728190656381328
  20
66.75310450620903
  10
14.586763173526345
  20
66.81167702335405
  97
1
  330
1313
  75
0
  76
1
  47
0.4128176842155181
  98
1
  10
34.90568961886538
  20
22.81183545379326
  450
0
  451
0
  460
0
  461
0
  452
1
  462
1
  453
2
  463
0
  63
5
  421
255
  463
1
  63
7
  421
16777215
  470
LINEAR
  1001
ACAD
  1010
0
  1020
0
  1030
0
  0
LWPOLYLINE
  5
1313
  100
AcDbEntity
  8
Top-Layer
  100
AcDbPolyline
  90
12
  70
1
  43
0
  10
14.528190656381314
  20
66.95310450620902
  10
14.528190656381314
  20
69.30309180618363
  10
14.586763173526345
  20
69.4445192890386
  10
14.728190656381328
  20
69.50311720623442
  10
16.32819065638131
  20
69.50311720623442
  10
16.469618139236292
  20
69.4445192890386
  10
16.52819065638132
  20
69.30309180618363
  10
16.52819065638132
  20
66.95310450620902
  10
16.469618139236292
  20
66.81167702335405
  10
16.32819065638131
  20
66.75310450620903
  10
14.728190656381328
  20
66.75310450620903
  10
14.586763173526345
  20
66.81167702335405
  0
HATCH
  5
1320
  100
AcDbEntity
  8
Top-Layer
  100
AcDbHatch
  10
0
  20
0
  30
0
  210
0
  220
0
  230
1
  2
SOLID
  70
1
  71
0
  91
1
  92
7
  72
0
  73
1
  93
12
  10
12.115185830371663
  20
66.86217232434466
  10
12.115185830371663
  20
69.21215962431927
  10
12.173758347516692
  20
69.35358710717423
  10
12.315185830371675
  20
69.41218502437006
  10
13.915185830371657
  20
69.41218502437006
  10
14.05661331322664
  20
69.35358710717423
  10
14.115185830371669
  20
69.21215962431927
  10
14.115185830371669
  20
66.86217232434466
  10
14.05661331322664
  20
66.7207448414897
  10
13.915185830371657
  20
66.66217232434465
  10
12.315185830371675
  20
66.66217232434465
  10
12.173758347516692
  20
66.7207448414897
  97
1
  330
1319
  75
0
  76
1
  47
0.4128176842155181
  98
1
  10
34.90568961886538
  20
22.81183545379326
  450
0
  451
0
  460
0
  461
0
  452
1
  462
1
  453
2
  463
0
  63
5
  421
255
  463
1
  63
7
  421
16777215
  470
LINEAR
  1001
ACAD
  1010
0
  1020
0
  1030
0
  0
LWPOLYLINE
  5
1319
  100
AcDbEntity
  8
Top-Layer
  100
AcDbPolyline
  90
12
  70
1
  43
0
  10
12.115185830371663
  20
66.86217232434466
  10
12.115185830371663
  20
69.21215962431927
  10
12.173758347516692
  20
69.35358710717423
  10
12.315185830371675
  20
69.41218502437006
  10
13.915185830371657
  20
69.41218502437006
  10
14.05661331322664
  20
69.35358710717423
  10
14.115185830371669
  20
69.21215962431927
  10
14.115185830371669
  20
66.86217232434466
  10
14.05661331322664
  20
66.7207448414897
  10
13.915185830371657
  20
66.66217232434465
  10
12.315185830371675
  20
66.66217232434465
  10
12.173758347516692
  20
66.7207448414897
  0
HATCH
  5
1326
  100
AcDbEntity
  8
Top-Layer
  100
AcDbHatch
  10
0
  20
0
  30
0
  210
0
  220
0
  230
1
  2
SOLID
  70
1
  71
0
  91
1
  92
7
  72
0
  73
1
  93
12
  10
9.575180750361502
  20
66.86217232434466
  10
9.575180750361502
  20
69.21215962431927
  10
9.633753267506531
  20
69.35358710717423
  10
9.775180750361514
  20
69.41218502437006
  10
11.375180750361496
  20
69.41218502437006
  10
11.516608233216479
  20
69.35358710717423
  10
11.575180750361508
  20
69.21215962431927
  10
11.575180750361508
  20
66.86217232434466
  10
11.516608233216479
  20
66.7207448414897
  10
11.375180750361496
  20
66.66217232434465
  10
9.775180750361514
  20
66.66217232434465
  10
9.633753267506531
  20
66.7207448414897
  97
1
  330
1325
  75
0
  76
1
  47
0.4128176842155181
  98
1
  10
34.90568961886538
  20
22.81183545379326
  450
0
  451
0
  460
0
  461
0
  452
1
  462
1
  453
2
  463
0
  63
5
  421
255
  463
1
  63
7
  421
16777215
  470
LINEAR
  1001
ACAD
  1010
0
  1020
0
  1030
0
  0
LWPOLYLINE
  5
1325
  100
AcDbEntity
  8
Top-Layer
  100
AcDbPolyline
  90
12
  70
1
  43
0
  10
9.575180750361502
  20
66.86217232434466
  10
9.575180750361502
  20
69.21215962431927
  10
9.633753267506531
  20
69.35358710717423
  10
9.775180750361514
  20
69.41218502437006
  10
11.375180750361496
  20
69.41218502437006
  10
11.516608233216479
  20
69.35358710717423
  10
11.575180750361508
  20
69.21215962431927
  10
11.575180750361508
  20
66.86217232434466
  10
11.516608233216479
  20
66.7207448414897
  10
11.375180750361496
  20
66.66217232434465
  10
9.775180750361514
  20
66.66217232434465
  10
9.633753267506531
  20
66.7207448414897
  0
HATCH
  5
1332
  100
AcDbEntity
  8
Top-Layer
  100
AcDbHatch
  10
0
  20
0
  30
0
  210
0
  220
0
  230
1
  2
SOLID
  70
1
  71
0
  91
1
  92
7
  72
0
  73
1
  93
12
  10
7.035175670351342
  20
66.86217232434466
  10
7.035175670351342
  20
69.21215962431927
  10
7.093748187496371
  20
69.35358710717423
  10
7.235175670351354
  20
69.41218502437006
  10
8.835175670351337
  20
69.41218502437006
  10
8.976603153206318
  20
69.35358710717423
  10
9.035175670351348
  20
69.21215962431927
  10
9.035175670351348
  20
66.86217232434466
  10
8.976603153206318
  20
66.7207448414897
  10
8.835175670351337
  20
66.66217232434465
  10
7.235175670351354
  20
66.66217232434465
  10
7.093748187496371
  20
66.7207448414897
  97
1
  330
1331
  75
0
  76
1
  47
0.4128176842155181
  98
1
  10
34.90568961886538
  20
22.81183545379326
  450
0
  451
0
  460
0
  461
0
  452
1
  462
1
  453
2
  463
0
  63
5
  421
255
  463
1
  63
7
  421
16777215
  470
LINEAR
  1001
ACAD
  1010
0
  1020
0
  1030
0
  0
LWPOLYLINE
  5
1331
  100
AcDbEntity
  8
Top-Layer
  100
AcDbPolyline
  90
12
  70
1
  43
0
  10
7.035175670351342
  20
66.86217232434466
  10
7.035175670351342
  20
69.21215962431927
  10
7.093748187496371
  20
69.35358710717423
  10
7.235175670351354
  20
69.41218502437006
  10
8.835175670351337
  20
69.41218502437006
  10
8.976603153206318
  20
69.35358710717423
  10
9.035175670351348
  20
69.21215962431927
  10
9.035175670351348
  20
66.86217232434466
  10
8.976603153206318
  20
66.7207448414897
  10
8.835175670351337
  20
66.66217232434465
  10
7.235175670351354
  20
66.66217232434465
  10
7.093748187496371
  20
66.7207448414897
  0
HATCH
  5
1338
  100
AcDbEntity
  8
Top-Layer
  100
AcDbHatch
  10
0
  20
0
  30
0
  210
0
  220
0
  230
1
  2
SOLID
  70
1
  71
0
  91
1
  92
7
  72
0
  73
1
  93
12
  10
4.495170590341181
  20
66.86217232434466
  10
4.495170590341181
  20
69.21215962431927
  10
4.553743107486211
  20
69.35358710717423
  10
4.695170590341194
  20
69.41218502437006
  10
6.295170590341176
  20
69.41218502437006
  10
6.4365980731961585
  20
69.35358710717423
  10
6.495170590341187
  20
69.21215962431927
  10
6.495170590341187
  20
66.86217232434466
  10
6.4365980731961585
  20
66.7207448414897
  10
6.295170590341176
  20
66.66217232434465
  10
4.695170590341194
  20
66.66217232434465
  10
4.553743107486211
  20
66.7207448414897
  97
1
  330
1337
  75
0
  76
1
  47
0.4128176842155181
  98
1
  10
34.90568961886538
  20
22.81183545379326
  450
0
  451
0
  460
0
  461
0
  452
1
  462
1
  453
2
  463
0
  63
5
  421
255
  463
1
  63
7
  421
16777215
  470
LINEAR
  1001
ACAD
  1010
0
  1020
0
  1030
0
  0
LWPOLYLINE
  5
1337
  100
AcDbEntity
  8
Top-Layer
  100
AcDbPolyline
  90
12
  70
1
  43
0
  10
4.495170590341181
  20
66.86217232434466
  10
4.495170590341181
  20
69.21215962431927
  10
4.553743107486211
  20
69.35358710717423
  10
4.695170590341194
  20
69.41218502437006
  10
6.295170590341176
  20
69.41218502437006
  10
6.4365980731961585
  20
69.35358710717423
  10
6.495170590341187
  20
69.21215962431927
  10
6.495170590341187
  20
66.86217232434466
  10
6.4365980731961585
  20
66.7207448414897
  10
6.295170590341176
  20
66.66217232434465
  10
4.695170590341194
  20
66.66217232434465
  10
4.553743107486211
  20
66.7207448414897
  0
HATCH
  5
1344
  100
AcDbEntity
  8
Top-Layer
  100
AcDbHatch
  10
0
  20
0
  30
0
  210
0
  220
0
  230
1
  2
SOLID
  70
1
  71
0
  91
1
  92
7
  72
0
  73
1
  93
12
  10
1.9551655103310213
  20
66.86217232434466
  10
1.9551655103310213
  20
69.21215962431927
  10
2.013738027476051
  20
69.35358710717423
  10
2.155165510331033
  20
69.41218502437006
  10
3.755165510331015
  20
69.41218502437006
  10
3.896592993185998
  20
69.35358710717423
  10
3.9551655103310273
  20
69.21215962431927
  10
3.9551655103310273
  20
66.86217232434466
  10
3.896592993185998
  20
66.7207448414897
  10
3.755165510331015
  20
66.66217232434465
  10
2.155165510331033
  20
66.66217232434465
  10
2.013738027476051
  20
66.7207448414897
  97
1
  330
1343
  75
0
  76
1
  47
0.4128176842155181
  98
1
  10
34.90568961886538
  20
22.81183545379326
  450
0
  451
0
  460
0
  461
0
  452
1
  462
1
  453
2
  463
0
  63
5
  421
255
  463
1
  63
7
  421
16777215
  470
LINEAR
  1001
ACAD
  1010
0
  1020
0
  1030
0
  0
LWPOLYLINE
  5
1343
  100
AcDbEntity
  8
Top-Layer
  100
AcDbPolyline
  90
12
  70
1
  43
0
  10
1.9551655103310213
  20
66.86217232434466
  10
1.9551655103310213
  20
69.21215962431927
  10
2.013738027476051
  20
69.35358710717423
  10
2.155165510331033
  20
69.41218502437006
  10
3.755165510331015
  20
69.41218502437006
  10
3.896592993185998
  20
69.35358710717423
  10
3.9551655103310273
  20
69.21215962431927
  10
3.9551655103310273
  20
66.86217232434466
  10
3.896592993185998
  20
66.7207448414897
  10
3.755165510331015
  20
66.66217232434465
  10
2.155165510331033
  20
66.66217232434465
  10
2.013738027476051
  20
66.7207448414897
  0
HATCH
  5
1350
  100
AcDbEntity
  8
Top-Layer
  100
AcDbHatch
  10
0
  20
0
  30
0
  210
0
  220
0
  230
1
  2
SOLID
  70
1
  71
0
  91
1
  92
7
  72
1
  73
1
  93
2
  10
5.915071530143061
  20
64.95566991133983
  42
1
  10
7.6150715301430605
  20
64.95566991133983
  42
1
  97
1
  330
1349
  75
0
  76
1
  47
0.8681437583925616
  98
1
  10
3.629517071192367
  20
33.92795499968543
  450
0
  451
0
  460
0
  461
0
  452
1
  462
1
  453
2
  463
0
  63
5
  421
255
  463
1
  63
7
  421
16777215
  470
LINEAR
  1001
ACAD
  1010
0
  1020
0
  1030
0
  0
LWPOLYLINE
  5
1351
  100
AcDbEntity
  8
Top-Layer
  100
AcDbPolyline
  90
2
  70
1
  43
0
  10
5.91507153014306
  20
64.95566991133983
  42
1
  10
7.615071530143061
  20
64.95566991133983
  42
1
  0
HATCH
  5
1359
  100
AcDbEntity
  8
Top-Layer
  100
AcDbHatch
  10
0
  20
0
  30
0
  210
0
  220
0
  230
1
  2
SOLID
  70
1
  71
0
  91
1
  92
7
  72
1
  73
1
  93
2
  10
8.455076610153222
  20
64.95566991133983
  42
1
  10
10.155076610153221
  20
64.95566991133983
  42
1
  97
1
  330
1358
  75
0
  76
1
  47
0.8681437583925616
  98
1
  10
3.629517071192367
  20
33.92795499968543
  450
0
  451
0
  460
0
  461
0
  452
1
  462
1
  453
2
  463
0
  63
5
  421
255
  463
1
  63
7
  421
16777215
  470
LINEAR
  1001
ACAD
  1010
0
  1020
0
  1030
0
  0
LWPOLYLINE
  5
1360
  100
AcDbEntity
  8
Top-Layer
  100
AcDbPolyline
  90
4
  70
0
  43
0
  10
8.455076610153222
  20
64.9556699116839
  42
1
  10
10.155076610153221
  20
64.9556699116839
  10
10.155076610153221
  20
64.95566991099577
  42
1
  10
8.455076610153222
  20
64.95566991099577
  0
HATCH
  5
1368
  100
AcDbEntity
  8
Top-Layer
  100
AcDbHatch
  10
0
  20
0
  30
0
  210
0
  220
0
  230
1
  2
SOLID
  70
1
  71
0
  91
1
  92
7
  72
1
  73
1
  93
2
  10
10.995081690163381
  20
64.95566991133983
  42
1
  10
12.69508169016338
  20
64.95566991133983
  42
1
  97
1
  330
1367
  75
0
  76
1
  47
0.8681437583925616
  98
1
  10
3.629517071192367
  20
33.92795499968543
  450
0
  451
0
  460
0
  461
0
  452
1
  462
1
  453
2
  463
0
  63
5
  421
255
  463
1
  63
7
  421
16777215
  470
LINEAR
  1001
ACAD
  1010
0
  1020
0
  1030
0
  0
LWPOLYLINE
  5
1369
  100
AcDbEntity
  8
Top-Layer
  100
AcDbPolyline
  90
4
  70
0
  43
0
  10
10.995081690163381
  20
64.9556699116839
  42
1
  10
12.69508169016338
  20
64.9556699116839
  10
12.69508169016338
  20
64.95566991099577
  42
1
  10
10.995081690163381
  20
64.95566991099577
  0
HATCH
  5
1377
  100
AcDbEntity
  8
Top-Layer
  100
AcDbHatch
  10
0
  20
0
  30
0
  210
0
  220
0
  230
1
  2
SOLID
  70
1
  71
0
  91
1
  92
7
  72
1
  73
1
  93
2
  10
13.535086770173542
  20
64.95566991133983
  42
1
  10
15.235086770173542
  20
64.95566991133983
  42
1
  97
1
  330
1376
  75
0
  76
1
  47
0.8681437583925616
  98
1
  10
3.629517071192367
  20
33.92795499968543
  450
0
  451
0
  460
0
  461
0
  452
1
  462
1
  453
2
  463
0
  63
5
  421
255
  463
1
  63
7
  421
16777215
  470
LINEAR
  1001
ACAD
  1010
0
  1020
0
  1030
0
  0
LWPOLYLINE
  5
1378
  100
AcDbEntity
  8
Top-Layer
  100
AcDbPolyline
  90
4
  70
0
  43
0
  10
13.535086770173542
  20
64.9556699116839
  42
1
  10
15.235086770173542
  20
64.9556699116839
  10
15.235086770173542
  20
64.95566991099577
  42
1
  10
13.535086770173542
  20
64.95566991099577
  0
HATCH
  5
1386
  100
AcDbEntity
  8
Top-Layer
  100
AcDbHatch
  10
0
  20
0
  30
0
  210
0
  220
0
  230
1
  2
SOLID
  70
1
  71
0
  91
1
  92
7
  72
1
  73
1
  93
2
  10
13.535086770173542
  20
54.79564959129919
  42
1
  10
15.235086770173542
  20
54.79564959129919
  42
1
  97
1
  330
1385
  75
0
  76
1
  47
0.8681437583925616
  98
1
  10
3.629517071192367
  20
33.92795499968543
  450
0
  451
0
  460
0
  461
0
  452
1
  462
1
  453
2
  463
0
  63
5
  421
255
  463
1
  63
7
  421
16777215
  470
LINEAR
  1001
ACAD
  1010
0
  1020
0
  1030
0
  0
LWPOLYLINE
  5
1387
  100
AcDbEntity
  8
Top-Layer
  100
AcDbPolyline
  90
4
  70
0
  43
0
  10
13.535086770173542
  20
54.79564959164326
  42
1
  10
15.235086770173542
  20
54.79564959164326
  10
15.235086770173542
  20
54.795649590955115
  42
1
  10
13.535086770173542
  20
54.795649590955115
  0
HATCH
  5
1395
  100
AcDbEntity
  8
Top-Layer
  100
AcDbHatch
  10
0
  20
0
  30
0
  210
0
  220
0
  230
1
  2
SOLID
  70
1
  71
0
  91
1
  92
7
  72
1
  73
1
  93
2
  10
10.995081690163381
  20
54.79564959129919
  42
1
  10
12.69508169016338
  20
54.79564959129919
  42
1
  97
1
  330
1394
  75
0
  76
1
  47
0.8681437583925616
  98
1
  10
3.629517071192367
  20
33.92795499968543
  450
0
  451
0
  460
0
  461
0
  452
1
  462
1
  453
2
  463
0
  63
5
  421
255
  463
1
  63
7
  421
16777215
  470
LINEAR
  1001
ACAD
  1010
0
  1020
0
  1030
0
  0
LWPOLYLINE
  5
1396
  100
AcDbEntity
  8
Top-Layer
  100
AcDbPolyline
  90
4
  70
0
  43
0
  10
10.995081690163381
  20
54.79564959164326
  42
1
  10
12.69508169016338
  20
54.79564959164326
  10
12.69508169016338
  20
54.795649590955115
  42
1
  10
10.995081690163381
  20
54.795649590955115
  0
HATCH
  5
1404
  100
AcDbEntity
  8
Top-Layer
  100
AcDbHatch
  10
0
  20
0
  30
0
  210
0
  220
0
  230
1
  2
SOLID
  70
1
  71
0
  91
1
  92
7
  72
1
  73
1
  93
2
  10
8.455076610153222
  20
54.79564959129919
  42
1
  10
10.155076610153221
  20
54.79564959129919
  42
1
  97
1
  330
1403
  75
0
  76
1
  47
0.8681437583925616
  98
1
  10
3.629517071192367
  20
33.92795499968543
  450
0
  451
0
  460
0
  461
0
  452
1
  462
1
  453
2
  463
0
  63
5
  421
255
  463
1
  63
7
  421
16777215
  470
LINEAR
  1001
ACAD
  1010
0
  1020
0
  1030
0
  0
LWPOLYLINE
  5
1405
  100
AcDbEntity
  8
Top-Layer
  100
AcDbPolyline
  90
4
  70
0
  43
0
  10
8.455076610153222
  20
54.79564959164326
  42
1
  10
10.155076610153221
  20
54.79564959164326
  10
10.155076610153221
  20
54.795649590955115
  42
1
  10
8.455076610153222
  20
54.795649590955115
  0
HATCH
  5
1413
  100
AcDbEntity
  8
Top-Layer
  100
AcDbHatch
  10
0
  20
0
  30
0
  210
0
  220
0
  230
1
  2
SOLID
  70
1
  71
0
  91
1
  92
7
  72
1
  73
1
  93
2
  10
5.915071530143061
  20
54.79564959129919
  42
1
  10
7.6150715301430605
  20
54.79564959129919
  42
1
  97
1
  330
1412
  75
0
  76
1
  47
0.8681437583925616
  98
1
  10
3.629517071192367
  20
33.92795499968543
  450
0
  451
0
  460
0
  461
0
  452
1
  462
1
  453
2
  463
0
  63
5
  421
255
  463
1
  63
7
  421
16777215
  470
LINEAR
  1001
ACAD
  1010
0
  1020
0
  1030
0
  0
LWPOLYLINE
  5
1414
  100
AcDbEntity
  8
Top-Layer
  100
AcDbPolyline
  90
2
  70
1
  43
0
  10
5.91507153014306
  20
54.79564959129919
  42
1
  10
7.615071530143061
  20
54.79564959129919
  42
1
  0
HATCH
  5
1422
  100
AcDbEntity
  8
Top-Layer
  100
AcDbHatch
  10
0
  20
0
  30
0
  210
0
  220
0
  230
1
  2
SOLID
  70
1
  71
0
  91
1
  92
7
  72
1
  73
1
  93
2
  10
1.0750918501837132
  20
58.684651369302756
  42
1
  10
2.7750918501837134
  20
58.684651369302756
  42
1
  97
1
  330
1421
  75
0
  76
1
  47
0.8681437583925616
  98
1
  10
3.629517071192367
  20
33.92795499968543
  450
0
  451
0
  460
0
  461
0
  452
1
  462
1
  453
2
  463
0
  63
5
  421
255
  463
1
  63
7
  421
16777215
  470
LINEAR
  1001
ACAD
  1010
0
  1020
0
  1030
0
  0
LWPOLYLINE
  5
1423
  100
AcDbEntity
  8
Top-Layer
  100
AcDbPolyline
  90
2
  70
1
  43
0
  10
1.0750918501837132
  20
58.684651369302756
  42
1
  10
2.7750918501837134
  20
58.684651369302756
  42
1
  0
HATCH
  5
1431
  100
AcDbEntity
  8
Top-Layer
  100
AcDbHatch
  10
0
  20
0
  30
0
  210
0
  220
0
  230
1
  2
SOLID
  70
1
  71
0
  91
1
  92
7
  72
1
  73
1
  93
2
  10
1.0750918501837132
  20
61.22465644931292
  42
1
  10
2.7750918501837134
  20
61.22465644931292
  42
1
  97
1
  330
1430
  75
0
  76
1
  47
0.8681437583925616
  98
1
  10
3.629517071192367
  20
33.92795499968543
  450
0
  451
0
  460
0
  461
0
  452
1
  462
1
  453
2
  463
0
  63
5
  421
255
  463
1
  63
7
  421
16777215
  470
LINEAR
  1001
ACAD
  1010
0
  1020
0
  1030
0
  0
LWPOLYLINE
  5
1432
  100
AcDbEntity
  8
Top-Layer
  100
AcDbPolyline
  90
2
  70
1
  43
0
  10
1.0750918501837132
  20
61.22465644931292
  42
1
  10
2.7750918501837134
  20
61.22465644931292
  42
1
  0
HATCH
  5
1440
  100
AcDbEntity
  8
Top-Layer
  100
AcDbHatch
  10
0
  20
0
  30
0
  210
0
  220
0
  230
1
  2
SOLID
  70
1
  71
0
  91
1
  92
7
  72
1
  73
1
  93
2
  10
3.615096930193874
  20
58.684651369302756
  42
1
  10
5.315096930193874
  20
58.684651369302756
  42
1
  97
1
  330
1439
  75
0
  76
1
  47
0.8681437583925616
  98
1
  10
3.629517071192367
  20
33.92795499968543
  450
0
  451
0
  460
0
  461
0
  452
1
  462
1
  453
2
  463
0
  63
5
  421
255
  463
1
  63
7
  421
16777215
  470
LINEAR
  1001
ACAD
  1010
0
  1020
0
  1030
0
  0
LWPOLYLINE
  5
1441
  100
AcDbEntity
  8
Top-Layer
  100
AcDbPolyline
  90
2
  70
1
  43
0
  10
3.6150969301938733
  20
58.684651369302756
  42
1
  10
5.3150969301938735
  20
58.684651369302756
  42
1
  0
HATCH
  5
1449
  100
AcDbEntity
  8
Top-Layer
  100
AcDbHatch
  10
0
  20
0
  30
0
  210
0
  220
0
  230
1
  2
SOLID
  70
1
  71
0
  91
1
  92
7
  72
1
  73
1
  93
2
  10
3.615096930193874
  20
61.22465644931292
  42
1
  10
5.315096930193874
  20
61.22465644931292
  42
1
  97
1
  330
1448
  75
0
  76
1
  47
0.8681437583925616
  98
1
  10
3.629517071192367
  20
33.92795499968543
  450
0
  451
0
  460
0
  461
0
  452
1
  462
1
  453
2
  463
0
  63
5
  421
255
  463
1
  63
7
  421
16777215
  470
LINEAR
  1001
ACAD
  1010
0
  1020
0
  1030
0
  0
LWPOLYLINE
  5
1450
  100
AcDbEntity
  8
Top-Layer
  100
AcDbPolyline
  90
2
  70
1
  43
0
  10
3.6150969301938733
  20
61.22465644931292
  42
1
  10
5.3150969301938735
  20
61.22465644931292
  42
1
  0
HATCH
  5
1458
  100
AcDbEntity
  8
Top-Layer
  100
AcDbHatch
  10
0
  20
0
  30
0
  210
0
  220
0
  230
1
  2
SOLID
  70
1
  71
0
  91
1
  92
7
  72
1
  73
1
  93
2
  10
6.155102010204034
  20
58.684651369302756
  42
1
  10
7.855102010204034
  20
58.684651369302756
  42
1
  97
1
  330
1457
  75
0
  76
1
  47
0.8681437583925616
  98
1
  10
3.629517071192367
  20
33.92795499968543
  450
0
  451
0
  460
0
  461
0
  452
1
  462
1
  453
2
  463
0
  63
5
  421
255
  463
1
  63
7
  421
16777215
  470
LINEAR
  1001
ACAD
  1010
0
  1020
0
  1030
0
  0
LWPOLYLINE
  5
1459
  100
AcDbEntity
  8
Top-Layer
  100
AcDbPolyline
  90
2
  70
1
  43
0
  10
6.1551020102040335
  20
58.684651369302756
  42
1
  10
7.8551020102040345
  20
58.684651369302756
  42
1
  0
HATCH
  5
1467
  100
AcDbEntity
  8
Top-Layer
  100
AcDbHatch
  10
0
  20
0
  30
0
  210
0
  220
0
  230
1
  2
SOLID
  70
1
  71
0
  91
1
  92
7
  72
1
  73
1
  93
2
  10
6.155102010204034
  20
61.22465644931292
  42
1
  10
7.855102010204034
  20
61.22465644931292
  42
1
  97
1
  330
1466
  75
0
  76
1
  47
0.8681437583925616
  98
1
  10
3.629517071192367
  20
33.92795499968543
  450
0
  451
0
  460
0
  461
0
  452
1
  462
1
  453
2
  463
0
  63
5
  421
255
  463
1
  63
7
  421
16777215
  470
LINEAR
  1001
ACAD
  1010
0
  1020
0
  1030
0
  0
LWPOLYLINE
  5
1468
  100
AcDbEntity
  8
Top-Layer
  100
AcDbPolyline
  90
2
  70
1
  43
0
  10
6.1551020102040335
  20
61.22465644931292
  42
1
  10
7.8551020102040345
  20
61.22465644931292
  42
1
  0
HATCH
  5
1476
  100
AcDbEntity
  8
Top-Layer
  100
AcDbHatch
  10
0
  20
0
  30
0
  210
0
  220
0
  230
1
  2
SOLID
  70
1
  71
0
  91
1
  92
7
  72
1
  73
1
  93
2
  10
8.695107090214195
  20
58.684651369302756
  42
1
  10
10.395107090214195
  20
58.684651369302756
  42
1
  97
1
  330
1475
  75
0
  76
1
  47
0.8681437583925616
  98
1
  10
3.629517071192367
  20
33.92795499968543
  450
0
  451
0
  460
0
  461
0
  452
1
  462
1
  453
2
  463
0
  63
5
  421
255
  463
1
  63
7
  421
16777215
  470
LINEAR
  1001
ACAD
  1010
0
  1020
0
  1030
0
  0
LWPOLYLINE
  5
1477
  100
AcDbEntity
  8
Top-Layer
  100
AcDbPolyline
  90
4
  70
0
  43
0
  10
8.695107090214195
  20
58.68465136964682
  42
1
  10
10.395107090214193
  20
58.68465136964682
  10
10.395107090214193
  20
58.68465136895868
  42
1
  10
8.695107090214195
  20
58.68465136895868
  0
HATCH
  5
1485
  100
AcDbEntity
  8
Top-Layer
  100
AcDbHatch
  10
0
  20
0
  30
0
  210
0
  220
0
  230
1
  2
SOLID
  70
1
  71
0
  91
1
  92
7
  72
1
  73
1
  93
2
  10
8.695107090214195
  20
61.22465644931292
  42
1
  10
10.395107090214195
  20
61.22465644931292
  42
1
  97
1
  330
1484
  75
0
  76
1
  47
0.8681437583925616
  98
1
  10
3.629517071192367
  20
33.92795499968543
  450
0
  451
0
  460
0
  461
0
  452
1
  462
1
  453
2
  463
0
  63
5
  421
255
  463
1
  63
7
  421
16777215
  470
LINEAR
  1001
ACAD
  1010
0
  1020
0
  1030
0
  0
LWPOLYLINE
  5
1486
  100
AcDbEntity
  8
Top-Layer
  100
AcDbPolyline
  90
4
  70
0
  43
0
  10
8.695107090214195
  20
61.22465644965698
  42
1
  10
10.395107090214193
  20
61.22465644965698
  10
10.395107090214193
  20
61.224656448968844
  42
1
  10
8.695107090214195
  20
61.224656448968844
  0
HATCH
  5
1494
  100
AcDbEntity
  8
Top-Layer
  100
AcDbHatch
  10
0
  20
0
  30
0
  210
0
  220
0
  230
1
  2
SOLID
  70
1
  71
0
  91
1
  92
7
  72
0
  73
1
  93
12
  10
16.689861979723958
  20
58.404590409180834
  10
14.409851819703633
  20
58.404590409180834
  10
14.332076864153725
  20
58.436797673595365
  10
14.299869599739194
  20
58.514598029196065
  10
14.299869599739194
  20
59.39458278916558
  10
14.332076864153725
  20
59.4723831447663
  10
14.409851819703633
  20
59.50459040918083
  10
16.689861979723958
  20
59.50459040918083
  10
16.767662335324687
  20
59.4723831447663
  10
16.79986959973919
  20
59.39458278916558
  10
16.79986959973919
  20
58.514598029196065
  10
16.767662335324687
  20
58.436797673595365
  97
1
  330
1493
  75
0
  76
1
  47
0.4128176842155181
  98
1
  10
34.90568961886538
  20
22.81183545379326
  450
0
  451
0
  460
0
  461
0
  452
1
  462
1
  453
2
  463
0
  63
5
  421
255
  463
1
  63
7
  421
16777215
  470
LINEAR
  1001
ACAD
  1010
0
  1020
0
  1030
0
  0
LWPOLYLINE
  5
1493
  100
AcDbEntity
  8
Top-Layer
  100
AcDbPolyline
  90
12
  70
1
  43
0
  10
16.689861979723958
  20
58.404590409180834
  10
14.409851819703633
  20
58.404590409180834
  10
14.332076864153725
  20
58.436797673595365
  10
14.299869599739194
  20
58.514598029196065
  10
14.299869599739194
  20
59.39458278916558
  10
14.332076864153725
  20
59.4723831447663
  10
14.409851819703633
  20
59.50459040918083
  10
16.689861979723958
  20
59.50459040918083
  10
16.767662335324687
  20
59.4723831447663
  10
16.79986959973919
  20
59.39458278916558
  10
16.79986959973919
  20
58.514598029196065
  10
16.767662335324687
  20
58.436797673595365
  0
HATCH
  5
1500
  100
AcDbEntity
  8
Top-Layer
  100
AcDbHatch
  10
0
  20
0
  30
0
  210
0
  220
0
  230
1
  2
SOLID
  70
1
  71
0
  91
1
  92
7
  72
0
  73
1
  93
12
  10
16.689861979723958
  20
60.40459040918083
  10
14.409851819703633
  20
60.40459040918083
  10
14.332076864153725
  20
60.43682307364617
  10
14.299869599739194
  20
60.51459802919607
  10
14.299869599739194
  20
61.39458278916559
  10
14.332076864153725
  20
61.472383144766304
  10
14.409851819703633
  20
61.504590409180835
  10
16.689861979723958
  20
61.504590409180835
  10
16.767662335324687
  20
61.472383144766304
  10
16.79986959973919
  20
61.39458278916559
  10
16.79986959973919
  20
60.51459802919607
  10
16.767662335324687
  20
60.43682307364617
  97
1
  330
1499
  75
0
  76
1
  47
0.4128176842155181
  98
1
  10
34.90568961886538
  20
22.81183545379326
  450
0
  451
0
  460
0
  461
0
  452
1
  462
1
  453
2
  463
0
  63
5
  421
255
  463
1
  63
7
  421
16777215
  470
LINEAR
  1001
ACAD
  1010
0
  1020
0
  1030
0
  0
LWPOLYLINE
  5
1499
  100
AcDbEntity
  8
Top-Layer
  100
AcDbPolyline
  90
12
  70
1
  43
0
  10
16.689861979723958
  20
60.40459040918083
  10
14.409851819703633
  20
60.40459040918083
  10
14.332076864153725
  20
60.43682307364617
  10
14.299869599739194
  20
60.51459802919607
  10
14.299869599739194
  20
61.39458278916559
  10
14.332076864153725
  20
61.472383144766304
  10
14.409851819703633
  20
61.504590409180835
  10
16.689861979723958
  20
61.504590409180835
  10
16.767662335324687
  20
61.472383144766304
  10
16.79986959973919
  20
61.39458278916559
  10
16.79986959973919
  20
60.51459802919607
  10
16.767662335324687
  20
60.43682307364617
  0
HATCH
  5
1506
  100
AcDbEntity
  8
Top-Layer
  100
AcDbHatch
  10
0
  20
0
  30
0
  210
0
  220
0
  230
1
  2
SOLID
  70
1
  71
0
  91
1
  92
7
  72
0
  73
1
  93
12
  10
21.1250664501329
  20
55.24357948715899
  10
19.025066450132908
  20
55.24357948715899
  10
18.954352708705414
  20
55.2728657457315
  10
18.925066450132913
  20
55.34357948715899
  10
18.925066450132913
  20
56.14357948715898
  10
18.954352708705414
  20
56.21429322858648
  10
19.025066450132908
  20
56.24357948715899
  10
21.1250664501329
  20
56.24357948715899
  10
21.195780191560374
  20
56.21429322858648
  10
21.22506645013289
  20
56.14357948715898
  10
21.22506645013289
  20
55.34357948715899
  10
21.195780191560374
  20
55.2728657457315
  97
1
  330
1505
  75
0
  76
1
  47
0.4128176842155181
  98
1
  10
34.90568961886538
  20
22.81183545379326
  450
0
  451
0
  460
0
  461
0
  452
1
  462
1
  453
2
  463
0
  63
5
  421
255
  463
1
  63
7
  421
16777215
  470
LINEAR
  1001
ACAD
  1010
0
  1020
0
  1030
0
  0
LWPOLYLINE
  5
1505
  100
AcDbEntity
  8
Top-Layer
  100
AcDbPolyline
  90
12
  70
1
  43
0
  10
21.1250664501329
  20
55.24357948715899
  10
19.025066450132908
  20
55.24357948715899
  10
18.954352708705414
  20
55.2728657457315
  10
18.925066450132913
  20
55.34357948715899
  10
18.925066450132913
  20
56.14357948715898
  10
18.954352708705414
  20
56.21429322858648
  10
19.025066450132908
  20
56.24357948715899
  10
21.1250664501329
  20
56.24357948715899
  10
21.195780191560374
  20
56.21429322858648
  10
21.22506645013289
  20
56.14357948715898
  10
21.22506645013289
  20
55.34357948715899
  10
21.195780191560374
  20
55.2728657457315
  0
HATCH
  5
1512
  100
AcDbEntity
  8
Top-Layer
  100
AcDbHatch
  10
0
  20
0
  30
0
  210
0
  220
0
  230
1
  2
SOLID
  70
1
  71
0
  91
1
  92
7
  72
0
  73
1
  93
12
  10
21.1250664501329
  20
53.74357948715898
  10
19.025066450132908
  20
53.74357948715898
  10
18.954352708705414
  20
53.772865745731494
  10
18.925066450132913
  20
53.84357948715899
  10
18.925066450132913
  20
54.64357948715898
  10
18.954352708705414
  20
54.71429322858647
  10
19.025066450132908
  20
54.74357948715898
  10
21.1250664501329
  20
54.74357948715898
  10
21.195780191560374
  20
54.71429322858647
  10
21.22506645013289
  20
54.64357948715898
  10
21.22506645013289
  20
53.84357948715899
  10
21.195780191560374
  20
53.772865745731494
  97
1
  330
1511
  75
0
  76
1
  47
0.4128176842155181
  98
1
  10
34.90568961886538
  20
22.81183545379326
  450
0
  451
0
  460
0
  461
0
  452
1
  462
1
  453
2
  463
0
  63
5
  421
255
  463
1
  63
7
  421
16777215
  470
LINEAR
  1001
ACAD
  1010
0
  1020
0
  1030
0
  0
LWPOLYLINE
  5
1511
  100
AcDbEntity
  8
Top-Layer
  100
AcDbPolyline
  90
12
  70
1
  43
0
  10
21.1250664501329
  20
53.74357948715898
  10
19.025066450132908
  20
53.74357948715898
  10
18.954352708705414
  20
53.772865745731494
  10
18.925066450132913
  20
53.84357948715899
  10
18.925066450132913
  20
54.64357948715898
  10
18.954352708705414
  20
54.71429322858647
  10
19.025066450132908
  20
54.74357948715898
  10
21.1250664501329
  20
54.74357948715898
  10
21.195780191560374
  20
54.71429322858647
  10
21.22506645013289
  20
54.64357948715898
  10
21.22506645013289
  20
53.84357948715899
  10
21.195780191560374
  20
53.772865745731494
  0
HATCH
  5
1521
  100
AcDbEntity
  8
Top-Layer
  100
AcDbHatch
  10
0
  20
0
  30
0
  210
0
  220
0
  230
1
  2
SOLID
  70
1
  71
0
  91
1
  92
7
  72
1
  73
1
  93
2
  10
39.20507838215676
  20
40.00008000016
  42
1
  10
40.95508193816388
  20
40.00008000016
  42
1
  97
1
  330
1520
  75
0
  76
1
  47
0.8681437583925616
  98
1
  10
3.629517071192367
  20
33.92795499968543
  450
0
  451
0
  460
0
  461
0
  452
1
  462
1
  453
2
  463
0
  63
5
  421
255
  463
1
  63
7
  421
16777215
  470
LINEAR
  1001
ACAD
  1010
0
  1020
0
  1030
0
  0
LWPOLYLINE
  5
1522
  100
AcDbEntity
  8
Top-Layer
  100
AcDbPolyline
  90
2
  70
1
  43
0
  10
39.20507838215676
  20
40.00008000016
  42
1
  10
40.95508193816388
  20
40.00008000016
  42
1
  0
HATCH
  5
1551
  100
AcDbEntity
  8
Top-Layer
  100
AcDbHatch
  10
0
  20
0
  30
0
  210
0
  220
0
  230
1
  2
SOLID
  70
1
  71
0
  91
1
  92
7
  72
1
  73
1
  93
2
  10
29.045058062116123
  20
40.00008000016
  42
1
  10
30.79506161812324
  20
40.00008000016
  42
1
  97
1
  330
1550
  75
0
  76
1
  47
0.8681437583925616
  98
1
  10
3.629517071192367
  20
33.92795499968543
  450
0
  451
0
  460
0
  461
0
  452
1
  462
1
  453
2
  463
0
  63
5
  421
255
  463
1
  63
7
  421
16777215
  470
LINEAR
  1001
ACAD
  1010
0
  1020
0
  1030
0
  0
LWPOLYLINE
  5
1552
  100
AcDbEntity
  8
Top-Layer
  100
AcDbPolyline
  90
2
  70
1
  43
0
  10
29.045058062116123
  20
40.00008000016
  42
1
  10
30.79506161812324
  20
40.00008000016
  42
1
  0
HATCH
  5
1581
  100
AcDbEntity
  8
Top-Layer
  100
AcDbHatch
  10
0
  20
0
  30
0
  210
0
  220
0
  230
1
  2
SOLID
  70
1
  71
0
  91
1
  92
7
  72
1
  73
1
  93
2
  10
33.000066063132124
  20
40.00008000016
  42
1
  10
37.000073937147874
  20
40.00008000016
  42
1
  97
1
  330
1580
  75
0
  76
1
  47
0.8681437583925616
  98
1
  10
3.629517071192367
  20
33.92795499968543
  450
0
  451
0
  460
0
  461
0
  452
1
  462
1
  453
2
  463
0
  63
5
  421
255
  463
1
  63
7
  421
16777215
  470
LINEAR
  1001
ACAD
  1010
0
  1020
0
  1030
0
  0
LWPOLYLINE
  5
1582
  100
AcDbEntity
  8
Top-Layer
  100
AcDbPolyline
  90
2
  70
1
  43
0
  10
33.000066063132124
  20
40.00008000016
  42
1
  10
37.00007393714788
  20
40.00008000016
  42
1
  0
HATCH
  5
1611
  100
AcDbEntity
  8
Top-Layer
  100
AcDbHatch
  10
0
  20
0
  30
0
  210
0
  220
0
  230
1
  2
SOLID
  70
1
  71
0
  91
1
  92
7
  72
1
  73
1
  93
2
  10
29.94005984011968
  20
42.54008508017016
  42
1
  10
32.44006492012984
  20
42.54008508017016
  42
1
  97
1
  330
1610
  75
0
  76
1
  47
0.8681437583925616
  98
1
  10
3.629517071192367
  20
33.92795499968543
  450
0
  451
0
  460
0
  461
0
  452
1
  462
1
  453
2
  463
0
  63
5
  421
255
  463
1
  63
7
  421
16777215
  470
LINEAR
  1001
ACAD
  1010
0
  1020
0
  1030
0
  0
LWPOLYLINE
  5
1612
  100
AcDbEntity
  8
Top-Layer
  100
AcDbPolyline
  90
2
  70
1
  43
0
  10
29.94005984011968
  20
42.54008508017016
  42
1
  10
32.44006492012984
  20
42.54008508017016
  42
1
  0
HATCH
  5
1641
  100
AcDbEntity
  8
Top-Layer
  100
AcDbHatch
  10
0
  20
0
  30
0
  210
0
  220
0
  230
1
  2
SOLID
  70
1
  71
0
  91
1
  92
7
  72
1
  73
1
  93
2
  10
36.29007254014508
  20
45.08009016018032
  42
1
  10
38.79007762015524
  20
45.08009016018032
  42
1
  97
1
  330
1640
  75
0
  76
1
  47
0.8681437583925616
  98
1
  10
3.629517071192367
  20
33.92795499968543
  450
0
  451
0
  460
0
  461
0
  452
1
  462
1
  453
2
  463
0
  63
5
  421
255
  463
1
  63
7
  421
16777215
  470
LINEAR
  1001
ACAD
  1010
0
  1020
0
  1030
0
  0
LWPOLYLINE
  5
1642
  100
AcDbEntity
  8
Top-Layer
  100
AcDbPolyline
  90
4
  70
0
  43
0
  10
36.29007254014508
  20
45.080090160614624
  42
1
  10
38.79007762015524
  20
45.080090160614624
  10
38.79007762015524
  20
45.080090159746014
  42
1
  10
36.29007254014508
  20
45.080090159746014
  0
HATCH
  5
1671
  100
AcDbEntity
  8
Top-Layer
  100
AcDbHatch
  10
0
  20
0
  30
0
  210
0
  220
0
  230
1
  2
SOLID
  70
1
  71
0
  91
1
  92
7
  72
1
  73
1
  93
2
  10
59.20511838223677
  20
40.000080000160004
  42
1
  10
60.955121938243884
  20
40.000080000160004
  42
1
  97
1
  330
1670
  75
0
  76
1
  47
0.8681437583925616
  98
1
  10
3.629517071192367
  20
33.92795499968543
  450
0
  451
0
  460
0
  461
0
  452
1
  462
1
  453
2
  463
0
  63
5
  421
255
  463
1
  63
7
  421
16777215
  470
LINEAR
  1001
ACAD
  1010
0
  1020
0
  1030
0
  0
LWPOLYLINE
  5
1672
  100
AcDbEntity
  8
Top-Layer
  100
AcDbPolyline
  90
2
  70
1
  43
0
  10
59.20511838223677
  20
40.000080000160004
  42
1
  10
60.955121938243884
  20
40.000080000160004
  42
1
  0
HATCH
  5
1701
  100
AcDbEntity
  8
Top-Layer
  100
AcDbHatch
  10
0
  20
0
  30
0
  210
0
  220
0
  230
1
  2
SOLID
  70
1
  71
0
  91
1
  92
7
  72
1
  73
1
  93
2
  10
49.045098062196125
  20
40.000080000160004
  42
1
  10
50.79510161820324
  20
40.000080000160004
  42
1
  97
1
  330
1700
  75
0
  76
1
  47
0.8681437583925616
  98
1
  10
3.629517071192367
  20
33.92795499968543
  450
0
  451
0
  460
0
  461
0
  452
1
  462
1
  453
2
  463
0
  63
5
  421
255
  463
1
  63
7
  421
16777215
  470
LINEAR
  1001
ACAD
  1010
0
  1020
0
  1030
0
  0
LWPOLYLINE
  5
1702
  100
AcDbEntity
  8
Top-Layer
  100
AcDbPolyline
  90
2
  70
1
  43
0
  10
49.045098062196125
  20
40.000080000160004
  42
1
  10
50.79510161820324
  20
40.000080000160004
  42
1
  0
HATCH
  5
1731
  100
AcDbEntity
  8
Top-Layer
  100
AcDbHatch
  10
0
  20
0
  30
0
  210
0
  220
0
  230
1
  2
SOLID
  70
1
  71
0
  91
1
  92
7
  72
1
  73
1
  93
2
  10
53.00010606321213
  20
40.000080000160004
  42
1
  10
57.00011393722788
  20
40.000080000160004
  42
1
  97
1
  330
1730
  75
0
  76
1
  47
0.8681437583925616
  98
1
  10
3.629517071192367
  20
33.92795499968543
  450
0
  451
0
  460
0
  461
0
  452
1
  462
1
  453
2
  463
0
  63
5
  421
255
  463
1
  63
7
  421
16777215
  470
LINEAR
  1001
ACAD
  1010
0
  1020
0
  1030
0
  0
LWPOLYLINE
  5
1732
  100
AcDbEntity
  8
Top-Layer
  100
AcDbPolyline
  90
2
  70
1
  43
0
  10
53.00010606321213
  20
40.000080000160004
  42
1
  10
57.00011393722788
  20
40.000080000160004
  42
1
  0
HATCH
  5
1761
  100
AcDbEntity
  8
Top-Layer
  100
AcDbHatch
  10
0
  20
0
  30
0
  210
0
  220
0
  230
1
  2
SOLID
  70
1
  71
0
  91
1
  92
7
  72
1
  73
1
  93
2
  10
49.940099840199686
  20
42.540085080170165
  42
1
  10
52.44010492020984
  20
42.540085080170165
  42
1
  97
1
  330
1760
  75
0
  76
1
  47
0.8681437583925616
  98
1
  10
3.629517071192367
  20
33.92795499968543
  450
0
  451
0
  460
0
  461
0
  452
1
  462
1
  453
2
  463
0
  63
5
  421
255
  463
1
  63
7
  421
16777215
  470
LINEAR
  1001
ACAD
  1010
0
  1020
0
  1030
0
  0
LWPOLYLINE
  5
1762
  100
AcDbEntity
  8
Top-Layer
  100
AcDbPolyline
  90
4
  70
0
  43
0
  10
49.940099840199686
  20
42.54008508060447
  42
1
  10
52.44010492020984
  20
42.54008508060447
  10
52.44010492020984
  20
42.54008507973587
  42
1
  10
49.940099840199686
  20
42.54008507973587
  0
HATCH
  5
1791
  100
AcDbEntity
  8
Top-Layer
  100
AcDbHatch
  10
0
  20
0
  30
0
  210
0
  220
0
  230
1
  2
SOLID
  70
1
  71
0
  91
1
  92
7
  72
1
  73
1
  93
2
  10
56.29011254022509
  20
45.080090160180326
  42
1
  10
58.79011762023524
  20
45.080090160180326
  42
1
  97
1
  330
1790
  75
0
  76
1
  47
0.8681437583925616
  98
1
  10
3.629517071192367
  20
33.92795499968543
  450
0
  451
0
  460
0
  461
0
  452
1
  462
1
  453
2
  463
0
  63
5
  421
255
  463
1
  63
7
  421
16777215
  470
LINEAR
  1001
ACAD
  1010
0
  1020
0
  1030
0
  0
LWPOLYLINE
  5
1792
  100
AcDbEntity
  8
Top-Layer
  100
AcDbPolyline
  90
4
  70
0
  43
0
  10
56.29011254022509
  20
45.08009016061463
  42
1
  10
58.79011762023524
  20
45.08009016061463
  10
58.79011762023524
  20
45.08009015974602
  42
1
  10
56.29011254022509
  20
45.08009015974602
  0
HATCH
  5
1821
  100
AcDbEntity
  8
Top-Layer
  100
AcDbHatch
  10
0
  20
0
  30
0
  210
0
  220
0
  230
1
  2
SOLID
  70
1
  71
0
  91
1
  92
7
  72
1
  73
1
  93
2
  10
59.205118382236776
  20
15.000030000060002
  42
1
  10
60.95512193824389
  20
15.000030000060002
  42
1
  97
1
  330
1820
  75
0
  76
1
  47
0.8681437583925616
  98
1
  10
3.629517071192367
  20
33.92795499968543
  450
0
  451
0
  460
0
  461
0
  452
1
  462
1
  453
2
  463
0
  63
5
  421
255
  463
1
  63
7
  421
16777215
  470
LINEAR
  1001
ACAD
  1010
0
  1020
0
  1030
0
  0
LWPOLYLINE
  5
1822
  100
AcDbEntity
  8
Top-Layer
  100
AcDbPolyline
  90
2
  70
1
  43
0
  10
59.205118382236776
  20
15.000030000060002
  42
1
  10
60.95512193824389
  20
15.000030000060002
  42
1
  0
HATCH
  5
1851
  100
AcDbEntity
  8
Top-Layer
  100
AcDbHatch
  10
0
  20
0
  30
0
  210
0
  220
0
  230
1
  2
SOLID
  70
1
  71
0
  91
1
  92
7
  72
1
  73
1
  93
2
  10
49.045098062196125
  20
15.000030000060002
  42
1
  10
50.79510161820324
  20
15.000030000060002
  42
1
  97
1
  330
1850
  75
0
  76
1
  47
0.8681437583925616
  98
1
  10
3.629517071192367
  20
33.92795499968543
  450
0
  451
0
  460
0
  461
0
  452
1
  462
1
  453
2
  463
0
  63
5
  421
255
  463
1
  63
7
  421
16777215
  470
LINEAR
  1001
ACAD
  1010
0
  1020
0
  1030
0
  0
LWPOLYLINE
  5
1852
  100
AcDbEntity
  8
Top-Layer
  100
AcDbPolyline
  90
2
  70
1
  43
0
  10
49.045098062196125
  20
15.000030000060002
  42
1
  10
50.79510161820324
  20
15.000030000060002
  42
1
  0
HATCH
  5
1881
  100
AcDbEntity
  8
Top-Layer
  100
AcDbHatch
  10
0
  20
0
  30
0
  210
0
  220
0
  230
1
  2
SOLID
  70
1
  71
0
  91
1
  92
7
  72
1
  73
1
  93
2
  10
53.00010606321213
  20
15.000030000060002
  42
1
  10
57.00011393722788
  20
15.000030000060002
  42
1
  97
1
  330
1880
  75
0
  76
1
  47
0.8681437583925616
  98
1
  10
3.629517071192367
  20
33.92795499968543
  450
0
  451
0
  460
0
  461
0
  452
1
  462
1
  453
2
  463
0
  63
5
  421
255
  463
1
  63
7
  421
16777215
  470
LINEAR
  1001
ACAD
  1010
0
  1020
0
  1030
0
  0
LWPOLYLINE
  5
1882
  100
AcDbEntity
  8
Top-Layer
  100
AcDbPolyline
  90
2
  70
1
  43
0
  10
53.00010606321213
  20
15.000030000060002
  42
1
  10
57.00011393722788
  20
15.000030000060002
  42
1
  0
HATCH
  5
1911
  100
AcDbEntity
  8
Top-Layer
  100
AcDbHatch
  10
0
  20
0
  30
0
  210
0
  220
0
  230
1
  2
SOLID
  70
1
  71
0
  91
1
  92
7
  72
1
  73
1
  93
2
  10
49.940099840199686
  20
17.54003508007016
  42
1
  10
52.44010492020984
  20
17.54003508007016
  42
1
  97
1
  330
1910
  75
0
  76
1
  47
0.8681437583925616
  98
1
  10
3.629517071192367
  20
33.92795499968543
  450
0
  451
0
  460
0
  461
0
  452
1
  462
1
  453
2
  463
0
  63
5
  421
255
  463
1
  63
7
  421
16777215
  470
LINEAR
  1001
ACAD
  1010
0
  1020
0
  1030
0
  0
LWPOLYLINE
  5
1912
  100
AcDbEntity
  8
Top-Layer
  100
AcDbPolyline
  90
4
  70
0
  43
0
  10
49.940099840199686
  20
17.540035080504463
  42
1
  10
52.44010492020984
  20
17.540035080504463
  10
52.44010492020984
  20
17.540035079635864
  42
1
  10
49.940099840199686
  20
17.540035079635864
  0
HATCH
  5
1941
  100
AcDbEntity
  8
Top-Layer
  100
AcDbHatch
  10
0
  20
0
  30
0
  210
0
  220
0
  230
1
  2
SOLID
  70
1
  71
0
  91
1
  92
7
  72
1
  73
1
  93
2
  10
56.290112540225095
  20
20.080040160080323
  42
1
  10
58.79011762023525
  20
20.080040160080323
  42
1
  97
1
  330
1940
  75
0
  76
1
  47
0.8681437583925616
  98
1
  10
3.629517071192367
  20
33.92795499968543
  450
0
  451
0
  460
0
  461
0
  452
1
  462
1
  453
2
  463
0
  63
5
  421
255
  463
1
  63
7
  421
16777215
  470
LINEAR
  1001
ACAD
  1010
0
  1020
0
  1030
0
  0
LWPOLYLINE
  5
1942
  100
AcDbEntity
  8
Top-Layer
  100
AcDbPolyline
  90
4
  70
0
  43
0
  10
56.290112540225095
  20
20.08004016051462
  42
1
  10
58.79011762023525
  20
20.08004016051462
  10
58.79011762023525
  20
20.080040159646025
  42
1
  10
56.290112540225095
  20
20.080040159646025
  0
HATCH
  5
1971
  100
AcDbEntity
  8
Top-Layer
  100
AcDbHatch
  10
0
  20
0
  30
0
  210
0
  220
0
  230
1
  2
SOLID
  70
1
  71
0
  91
1
  92
7
  72
1
  73
1
  93
2
  10
39.20507838215678
  20
15.000030000060002
  42
1
  10
40.95508193816389
  20
15.000030000060002
  42
1
  97
1
  330
1970
  75
0
  76
1
  47
0.8681437583925616
  98
1
  10
3.629517071192367
  20
33.92795499968543
  450
0
  451
0
  460
0
  461
0
  452
1
  462
1
  453
2
  463
0
  63
5
  421
255
  463
1
  63
7
  421
16777215
  470
LINEAR
  1001
ACAD
  1010
0
  1020
0
  1030
0
  0
LWPOLYLINE
  5
1972
  100
AcDbEntity
  8
Top-Layer
  100
AcDbPolyline
  90
2
  70
1
  43
0
  10
39.20507838215678
  20
15.000030000060002
  42
1
  10
40.95508193816389
  20
15.000030000060002
  42
1
  0
HATCH
  5
2001
  100
AcDbEntity
  8
Top-Layer
  100
AcDbHatch
  10
0
  20
0
  30
0
  210
0
  220
0
  230
1
  2
SOLID
  70
1
  71
0
  91
1
  92
7
  72
1
  73
1
  93
2
  10
29.045058062116127
  20
15.000030000060002
  42
1
  10
30.795061618123242
  20
15.000030000060002
  42
1
  97
1
  330
2000
  75
0
  76
1
  47
0.8681437583925616
  98
1
  10
3.629517071192367
  20
33.92795499968543
  450
0
  451
0
  460
0
  461
0
  452
1
  462
1
  453
2
  463
0
  63
5
  421
255
  463
1
  63
7
  421
16777215
  470
LINEAR
  1001
ACAD
  1010
0
  1020
0
  1030
0
  0
LWPOLYLINE
  5
2002
  100
AcDbEntity
  8
Top-Layer
  100
AcDbPolyline
  90
4
  70
0
  43
0
  10
29.04505806211613
  20
15.000030000189591
  42
1
  10
30.79506161812324
  20
15.000030000189591
  10
30.79506161812324
  20
15.000029999930414
  42
1
  10
29.04505806211613
  20
15.000029999930414
  0
HATCH
  5
2031
  100
AcDbEntity
  8
Top-Layer
  100
AcDbHatch
  10
0
  20
0
  30
0
  210
0
  220
0
  230
1
  2
SOLID
  70
1
  71
0
  91
1
  92
7
  72
1
  73
1
  93
2
  10
33.000066063132124
  20
15.000030000060002
  42
1
  10
37.000073937147874
  20
15.000030000060002
  42
1
  97
1
  330
2030
  75
0
  76
1
  47
0.8681437583925616
  98
1
  10
3.629517071192367
  20
33.92795499968543
  450
0
  451
0
  460
0
  461
0
  452
1
  462
1
  453
2
  463
0
  63
5
  421
255
  463
1
  63
7
  421
16777215
  470
LINEAR
  1001
ACAD
  1010
0
  1020
0
  1030
0
  0
LWPOLYLINE
  5
2032
  100
AcDbEntity
  8
Top-Layer
  100
AcDbPolyline
  90
2
  70
1
  43
0
  10
33.000066063132124
  20
15.000030000060002
  42
1
  10
37.00007393714788
  20
15.000030000060002
  42
1
  0
HATCH
  5
2061
  100
AcDbEntity
  8
Top-Layer
  100
AcDbHatch
  10
0
  20
0
  30
0
  210
0
  220
0
  230
1
  2
SOLID
  70
1
  71
0
  91
1
  92
7
  72
1
  73
1
  93
2
  10
29.940059840119684
  20
17.54003508007016
  42
1
  10
32.44006492012984
  20
17.54003508007016
  42
1
  97
1
  330
2060
  75
0
  76
1
  47
0.8681437583925616
  98
1
  10
3.629517071192367
  20
33.92795499968543
  450
0
  451
0
  460
0
  461
0
  452
1
  462
1
  453
2
  463
0
  63
5
  421
255
  463
1
  63
7
  421
16777215
  470
LINEAR
  1001
ACAD
  1010
0
  1020
0
  1030
0
  0
LWPOLYLINE
  5
2062
  100
AcDbEntity
  8
Top-Layer
  100
AcDbPolyline
  90
2
  70
1
  43
0
  10
29.940059840119684
  20
17.54003508007016
  42
1
  10
32.44006492012985
  20
17.54003508007016
  42
1
  0
HATCH
  5
2091
  100
AcDbEntity
  8
Top-Layer
  100
AcDbHatch
  10
0
  20
0
  30
0
  210
0
  220
0
  230
1
  2
SOLID
  70
1
  71
0
  91
1
  92
7
  72
1
  73
1
  93
2
  10
36.2900725401451
  20
20.080040160080323
  42
1
  10
38.79007762015525
  20
20.080040160080323
  42
1
  97
1
  330
2090
  75
0
  76
1
  47
0.8681437583925616
  98
1
  10
3.629517071192367
  20
33.92795499968543
  450
0
  451
0
  460
0
  461
0
  452
1
  462
1
  453
2
  463
0
  63
5
  421
255
  463
1
  63
7
  421
16777215
  470
LINEAR
  1001
ACAD
  1010
0
  1020
0
  1030
0
  0
LWPOLYLINE
  5
2092
  100
AcDbEntity
  8
Top-Layer
  100
AcDbPolyline
  90
4
  70
0
  43
0
  10
36.2900725401451
  20
20.08004016051462
  42
1
  10
38.79007762015525
  20
20.08004016051462
  10
38.79007762015525
  20
20.080040159646025
  42
1
  10
36.2900725401451
  20
20.080040159646025
  0
HATCH
  5
2121
  100
AcDbEntity
  8
Top-Layer
  100
AcDbHatch
  10
0
  20
0
  30
0
  210
0
  220
0
  230
1
  2
SOLID
  70
1
  71
0
  91
1
  92
7
  72
1
  73
1
  93
2
  10
19.205038382076765
  20
15.000030000060002
  42
1
  10
20.95504193808388
  20
15.000030000060002
  42
1
  97
1
  330
2120
  75
0
  76
1
  47
0.8681437583925616
  98
1
  10
3.629517071192367
  20
33.92795499968543
  450
0
  451
0
  460
0
  461
0
  452
1
  462
1
  453
2
  463
0
  63
5
  421
255
  463
1
  63
7
  421
16777215
  470
LINEAR
  1001
ACAD
  1010
0
  1020
0
  1030
0
  0
LWPOLYLINE
  5
2122
  100
AcDbEntity
  8
Top-Layer
  100
AcDbPolyline
  90
4
  70
0
  43
0
  10
19.20503838207677
  20
15.000030000189591
  42
1
  10
20.955041938083877
  20
15.000030000189591
  10
20.955041938083877
  20
15.000029999930414
  42
1
  10
19.20503838207677
  20
15.000029999930414
  0
HATCH
  5
2151
  100
AcDbEntity
  8
Top-Layer
  100
AcDbHatch
  10
0
  20
0
  30
0
  210
0
  220
0
  230
1
  2
SOLID
  70
1
  71
0
  91
1
  92
7
  72
1
  73
1
  93
2
  10
9.045018062036126
  20
15.000030000060002
  42
1
  10
10.795021618043238
  20
15.000030000060002
  42
1
  97
1
  330
2150
  75
0
  76
1
  47
0.8681437583925616
  98
1
  10
3.629517071192367
  20
33.92795499968543
  450
0
  451
0
  460
0
  461
0
  452
1
  462
1
  453
2
  463
0
  63
5
  421
255
  463
1
  63
7
  421
16777215
  470
LINEAR
  1001
ACAD
  1010
0
  1020
0
  1030
0
  0
LWPOLYLINE
  5
2152
  100
AcDbEntity
  8
Top-Layer
  100
AcDbPolyline
  90
2
  70
1
  43
0
  10
9.045018062036126
  20
15.000030000060002
  42
1
  10
10.795021618043238
  20
15.000030000060002
  42
1
  0
HATCH
  5
2181
  100
AcDbEntity
  8
Top-Layer
  100
AcDbHatch
  10
0
  20
0
  30
0
  210
0
  220
0
  230
1
  2
SOLID
  70
1
  71
0
  91
1
  92
7
  72
1
  73
1
  93
2
  10
13.000026063052129
  20
15.000030000060002
  42
1
  10
17.000033937067876
  20
15.000030000060002
  42
1
  97
1
  330
2180
  75
0
  76
1
  47
0.8681437583925616
  98
1
  10
3.629517071192367
  20
33.92795499968543
  450
0
  451
0
  460
0
  461
0
  452
1
  462
1
  453
2
  463
0
  63
5
  421
255
  463
1
  63
7
  421
16777215
  470
LINEAR
  1001
ACAD
  1010
0
  1020
0
  1030
0
  0
LWPOLYLINE
  5
2182
  100
AcDbEntity
  8
Top-Layer
  100
AcDbPolyline
  90
4
  70
0
  43
0
  10
13.000026063052129
  20
15.000030001419498
  42
1
  10
17.000033937067876
  20
15.000030001419494
  10
17.000033937067876
  20
15.000029998700509
  42
1
  10
13.000026063052129
  20
15.000029998700509
  0
HATCH
  5
2211
  100
AcDbEntity
  8
Top-Layer
  100
AcDbHatch
  10
0
  20
0
  30
0
  210
0
  220
0
  230
1
  2
SOLID
  70
1
  71
0
  91
1
  92
7
  72
1
  73
1
  93
2
  10
9.940019840039682
  20
17.54003508007016
  42
1
  10
12.440024920049844
  20
17.54003508007016
  42
1
  97
1
  330
2210
  75
0
  76
1
  47
0.8681437583925616
  98
1
  10
3.629517071192367
  20
33.92795499968543
  450
0
  451
0
  460
0
  461
0
  452
1
  462
1
  453
2
  463
0
  63
5
  421
255
  463
1
  63
7
  421
16777215
  470
LINEAR
  1001
ACAD
  1010
0
  1020
0
  1030
0
  0
LWPOLYLINE
  5
2212
  100
AcDbEntity
  8
Top-Layer
  100
AcDbPolyline
  90
2
  70
1
  43
0
  10
9.94001984003968
  20
17.54003508007016
  42
1
  10
12.440024920049844
  20
17.54003508007016
  42
1
  0
HATCH
  5
2241
  100
AcDbEntity
  8
Top-Layer
  100
AcDbHatch
  10
0
  20
0
  30
0
  210
0
  220
0
  230
1
  2
SOLID
  70
1
  71
0
  91
1
  92
7
  72
1
  73
1
  93
2
  10
16.29003254006508
  20
20.080040160080323
  42
1
  10
18.790037620075243
  20
20.080040160080323
  42
1
  97
1
  330
2240
  75
0
  76
1
  47
0.8681437583925616
  98
1
  10
3.629517071192367
  20
33.92795499968543
  450
0
  451
0
  460
0
  461
0
  452
1
  462
1
  453
2
  463
0
  63
5
  421
255
  463
1
  63
7
  421
16777215
  470
LINEAR
  1001
ACAD
  1010
0
  1020
0
  1030
0
  0
LWPOLYLINE
  5
2242
  100
AcDbEntity
  8
Top-Layer
  100
AcDbPolyline
  90
2
  70
1
  43
0
  10
16.29003254006508
  20
20.080040160080323
  42
1
  10
18.790037620075243
  20
20.080040160080323
  42
1
  0
HATCH
  5
2268
  100
AcDbEntity
  8
Top-Layer
  100
AcDbHatch
  10
0
  20
0
  30
0
  210
0
  220
0
  230
1
  2
SOLID
  70
1
  71
0
  91
1
  92
7
  72
0
  73
1
  93
4
  10
3.9000100000199986
  20
30.599927999856003
  10
6.100010000020003
  20
30.599927999856003
  10
6.100010000019999
  20
29.399927999856
  10
3.900010000019995
  20
29.399927999856
  97
1
  330
2267
  75
0
  76
1
  47
0.4128176842155181
  98
1
  10
34.90568961886538
  20
22.81183545379326
  450
0
  451
0
  460
0
  461
0
  452
1
  462
1
  453
2
  463
0
  63
5
  421
255
  463
1
  63
7
  421
16777215
  470
LINEAR
  1001
ACAD
  1010
0
  1020
0
  1030
0
  0
LWPOLYLINE
  5
2267
  100
AcDbEntity
  8
Top-Layer
  100
AcDbPolyline
  90
4
  70
1
  43
0
  10
3.9000100000199986
  20
30.599927999856003
  10
6.100010000020003
  20
30.599927999856003
  10
6.100010000019999
  20
29.399927999856
  10
3.900010000019995
  20
29.399927999856
  0
HATCH
  5
2274
  100
AcDbEntity
  8
Top-Layer
  100
AcDbHatch
  10
0
  20
0
  30
0
  210
0
  220
0
  230
1
  2
SOLID
  70
1
  71
0
  91
1
  92
7
  72
0
  73
1
  93
4
  10
3.9000100000199986
  20
28.100055000110004
  10
6.100010000020003
  20
28.100055000110004
  10
6.100010000019999
  20
26.90005500011
  10
3.900010000019995
  20
26.90005500011
  97
1
  330
2273
  75
0
  76
1
  47
0.4128176842155181
  98
1
  10
34.90568961886538
  20
22.81183545379326
  450
0
  451
0
  460
0
  461
0
  452
1
  462
1
  453
2
  463
0
  63
5
  421
255
  463
1
  63
7
  421
16777215
  470
LINEAR
  1001
ACAD
  1010
0
  1020
0
  1030
0
  0
LWPOLYLINE
  5
2273
  100
AcDbEntity
  8
Top-Layer
  100
AcDbPolyline
  90
4
  70
1
  43
0
  10
3.9000100000199986
  20
28.100055000110004
  10
6.100010000020003
  20
28.100055000110004
  10
6.100010000019999
  20
26.90005500011
  10
3.900010000019995
  20
26.90005500011
  0
HATCH
  5
2280
  100
AcDbEntity
  8
Top-Layer
  100
AcDbHatch
  10
0
  20
0
  30
0
  210
0
  220
0
  230
1
  2
SOLID
  70
1
  71
0
  91
1
  92
7
  72
0
  73
1
  93
4
  10
3.9000100000199986
  20
25.600182000364008
  10
6.100010000020003
  20
25.600182000364008
  10
6.100010000019999
  20
24.400182000364005
  10
3.900010000019995
  20
24.400182000364005
  97
1
  330
2279
  75
0
  76
1
  47
0.4128176842155181
  98
1
  10
34.90568961886538
  20
22.81183545379326
  450
0
  451
0
  460
0
  461
0
  452
1
  462
1
  453
2
  463
0
  63
5
  421
255
  463
1
  63
7
  421
16777215
  470
LINEAR
  1001
ACAD
  1010
0
  1020
0
  1030
0
  0
LWPOLYLINE
  5
2279
  100
AcDbEntity
  8
Top-Layer
  100
AcDbPolyline
  90
4
  70
1
  43
0
  10
3.9000100000199986
  20
25.600182000364008
  10
6.100010000020003
  20
25.600182000364008
  10
6.100010000019999
  20
24.400182000364005
  10
3.900010000019995
  20
24.400182000364005
  0
HATCH
  5
2289
  100
AcDbEntity
  8
Top-Layer
  100
AcDbHatch
  10
0
  20
0
  30
0
  210
0
  220
0
  230
1
  2
SOLID
  70
1
  71
0
  91
1
  92
7
  72
1
  73
1
  93
2
  10
11.559897919795846
  20
32.62801625603252
  42
1
  10
13.359897919795847
  20
32.62801625603252
  42
1
  97
1
  330
2288
  75
0
  76
1
  47
0.8681437583925616
  98
1
  10
3.629517071192367
  20
33.92795499968543
  450
0
  451
0
  460
0
  461
0
  452
1
  462
1
  453
2
  463
0
  63
5
  421
255
  463
1
  63
7
  421
16777215
  470
LINEAR
  1001
ACAD
  1010
0
  1020
0
  1030
0
  0
LWPOLYLINE
  5
2290
  100
AcDbEntity
  8
Top-Layer
  100
AcDbPolyline
  90
2
  70
1
  43
0
  10
11.559897919795846
  20
32.62801625603252
  42
1
  10
13.359897919795847
  20
32.62801625603252
  42
1
  0
HATCH
  5
2319
  100
AcDbEntity
  8
Top-Layer
  100
AcDbHatch
  10
0
  20
0
  30
0
  210
0
  220
0
  230
1
  2
SOLID
  70
1
  71
0
  91
1
  92
7
  72
1
  73
1
  93
2
  10
14.099902999806005
  20
32.62801625603252
  42
1
  10
15.899902999806006
  20
32.62801625603252
  42
1
  97
1
  330
2318
  75
0
  76
1
  47
0.8681437583925616
  98
1
  10
3.629517071192367
  20
33.92795499968543
  450
0
  451
0
  460
0
  461
0
  452
1
  462
1
  453
2
  463
0
  63
5
  421
255
  463
1
  63
7
  421
16777215
  470
LINEAR
  1001
ACAD
  1010
0
  1020
0
  1030
0
  0
LWPOLYLINE
  5
2320
  100
AcDbEntity
  8
Top-Layer
  100
AcDbPolyline
  90
2
  70
1
  43
0
  10
14.099902999806003
  20
32.62801625603252
  42
1
  10
15.899902999806006
  20
32.62801625603252
  42
1
  0
HATCH
  5
2349
  100
AcDbEntity
  8
Top-Layer
  100
AcDbHatch
  10
0
  20
0
  30
0
  210
0
  220
0
  230
1
  2
SOLID
  70
1
  71
0
  91
1
  92
7
  72
1
  73
1
  93
2
  10
16.639908079816166
  20
32.62801625603252
  42
1
  10
18.439908079816163
  20
32.62801625603252
  42
1
  97
1
  330
2348
  75
0
  76
1
  47
0.8681437583925616
  98
1
  10
3.629517071192367
  20
33.92795499968543
  450
0
  451
0
  460
0
  461
0
  452
1
  462
1
  453
2
  463
0
  63
5
  421
255
  463
1
  63
7
  421
16777215
  470
LINEAR
  1001
ACAD
  1010
0
  1020
0
  1030
0
  0
LWPOLYLINE
  5
2350
  100
AcDbEntity
  8
Top-Layer
  100
AcDbPolyline
  90
2
  70
1
  43
0
  10
16.639908079816166
  20
32.62801625603252
  42
1
  10
18.439908079816167
  20
32.62801625603252
  42
1
  0
HATCH
  5
2379
  100
AcDbEntity
  8
Top-Layer
  100
AcDbHatch
  10
0
  20
0
  30
0
  210
0
  220
0
  230
1
  2
SOLID
  70
1
  71
0
  91
1
  92
7
  72
1
  73
1
  93
2
  10
11.559897919795846
  20
47.12814325628652
  42
1
  10
13.359897919795847
  20
47.12814325628652
  42
1
  97
1
  330
2378
  75
0
  76
1
  47
0.8681437583925616
  98
1
  10
3.629517071192367
  20
33.92795499968543
  450
0
  451
0
  460
0
  461
0
  452
1
  462
1
  453
2
  463
0
  63
5
  421
255
  463
1
  63
7
  421
16777215
  470
LINEAR
  1001
ACAD
  1010
0
  1020
0
  1030
0
  0
LWPOLYLINE
  5
2380
  100
AcDbEntity
  8
Top-Layer
  100
AcDbPolyline
  90
2
  70
1
  43
0
  10
11.559897919795846
  20
47.12814325628652
  42
1
  10
13.359897919795847
  20
47.12814325628652
  42
1
  0
HATCH
  5
2409
  100
AcDbEntity
  8
Top-Layer
  100
AcDbHatch
  10
0
  20
0
  30
0
  210
0
  220
0
  230
1
  2
SOLID
  70
1
  71
0
  91
1
  92
7
  72
1
  73
1
  93
2
  10
16.639908079816166
  20
47.12814325628652
  42
1
  10
18.439908079816163
  20
47.12814325628652
  42
1
  97
1
  330
2408
  75
0
  76
1
  47
0.8681437583925616
  98
1
  10
3.629517071192367
  20
33.92795499968543
  450
0
  451
0
  460
0
  461
0
  452
1
  462
1
  453
2
  463
0
  63
5
  421
255
  463
1
  63
7
  421
16777215
  470
LINEAR
  1001
ACAD
  1010
0
  1020
0
  1030
0
  0
LWPOLYLINE
  5
2410
  100
AcDbEntity
  8
Top-Layer
  100
AcDbPolyline
  90
2
  70
1
  43
0
  10
16.639908079816166
  20
47.12814325628652
  42
1
  10
18.439908079816167
  20
47.12814325628652
  42
1
  0
HATCH
  5
2438
  100
AcDbEntity
  8
Top-Layer
  100
AcDbHatch
  10
0
  20
0
  30
0
  210
0
  220
0
  230
1
  2
SOLID
  70
1
  71
0
  91
1
  92
7
  72
0
  73
1
  93
18
  10
21.65003000006001
  20
39.27814325628652
  10
21.562491462447987
  20
38.838057309066656
  10
21.313202798424538
  20
38.464970457921986
  10
20.940115947279864
  20
38.21568179389853
  10
20.500030000060008
  20
38.12814325628652
  10
20.059944052840155
  20
38.21568179389853
  10
19.686857201695478
  20
38.46497045792199
  10
19.43756853767203
  20
38.83805730906666
  10
19.350030000060013
  20
39.27814325628652
  10
19.35003000006001
  20
40.978143256286515
  10
19.43756853767203
  20
41.41822920350637
  10
19.686857201695478
  20
41.79131605465104
  10
20.059944052840155
  20
42.0406047186745
  10
20.500030000060008
  20
42.12814325628651
  10
20.940115947279864
  20
42.0406047186745
  10
21.313202798424538
  20
41.79131605465104
  10
21.56249146244799
  20
41.41822920350637
  10
21.65003000006001
  20
40.978143256286515
  97
1
  330
2437
  75
0
  76
1
  47
0.4128176842155181
  98
1
  10
34.90568961886538
  20
22.81183545379326
  450
0
  451
0
  460
0
  461
0
  452
1
  462
1
  453
2
  463
0
  63
5
  421
255
  463
1
  63
7
  421
16777215
  470
LINEAR
  1001
ACAD
  1010
0
  1020
0
  1030
0
  0
LWPOLYLINE
  5
2437
  100
AcDbEntity
  8
Top-Layer
  100
AcDbPolyline
  90
18
  70
1
  43
0
  10
21.65003000006001
  20
39.27814325628652
  10
21.562491462447987
  20
38.838057309066656
  10
21.313202798424538
  20
38.464970457921986
  10
20.940115947279864
  20
38.21568179389853
  10
20.500030000060008
  20
38.12814325628652
  10
20.059944052840155
  20
38.21568179389853
  10
19.686857201695478
  20
38.46497045792199
  10
19.43756853767203
  20
38.83805730906666
  10
19.350030000060013
  20
39.27814325628652
  10
19.35003000006001
  20
40.978143256286515
  10
19.43756853767203
  20
41.41822920350637
  10
19.686857201695478
  20
41.79131605465104
  10
20.059944052840155
  20
42.0406047186745
  10
20.500030000060008
  20
42.12814325628651
  10
20.940115947279864
  20
42.0406047186745
  10
21.313202798424538
  20
41.79131605465104
  10
21.56249146244799
  20
41.41822920350637
  10
21.65003000006001
  20
40.978143256286515
  0
HATCH
  5
2458
  100
AcDbEntity
  8
Top-Layer
  100
AcDbHatch
  10
0
  20
0
  30
0
  210
0
  220
0
  230
1
  2
SOLID
  70
1
  71
0
  91
1
  92
7
  72
0
  73
1
  93
18
  10
10.650030000060003
  20
39.27814325628652
  10
10.562491462447984
  20
38.838057309066656
  10
10.313202798424532
  20
38.464970457921986
  10
9.940115947279857
  20
38.21568179389853
  10
9.500030000060002
  20
38.12814325628652
  10
9.05994405284015
  20
38.21568179389853
  10
8.686857201695473
  20
38.46497045792199
  10
8.437568537672023
  20
38.83805730906666
  10
8.350030000060006
  20
39.27814325628652
  10
8.350030000060004
  20
40.978143256286515
  10
8.437568537672023
  20
41.41822920350637
  10
8.686857201695473
  20
41.79131605465104
  10
9.05994405284015
  20
42.0406047186745
  10
9.500030000060002
  20
42.12814325628651
  10
9.940115947279857
  20
42.0406047186745
  10
10.313202798424532
  20
41.79131605465104
  10
10.562491462447984
  20
41.41822920350637
  10
10.650030000060003
  20
40.978143256286515
  97
1
  330
2457
  75
0
  76
1
  47
0.4128176842155181
  98
1
  10
34.90568961886538
  20
22.81183545379326
  450
0
  451
0
  460
0
  461
0
  452
1
  462
1
  453
2
  463
0
  63
5
  421
255
  463
1
  63
7
  421
16777215
  470
LINEAR
  1001
ACAD
  1010
0
  1020
0
  1030
0
  0
LWPOLYLINE
  5
2457
  100
AcDbEntity
  8
Top-Layer
  100
AcDbPolyline
  90
18
  70
1
  43
0
  10
10.650030000060003
  20
39.27814325628652
  10
10.562491462447984
  20
38.838057309066656
  10
10.313202798424532
  20
38.464970457921986
  10
9.940115947279857
  20
38.21568179389853
  10
9.500030000060002
  20
38.12814325628652
  10
9.05994405284015
  20
38.21568179389853
  10
8.686857201695473
  20
38.46497045792199
  10
8.437568537672023
  20
38.83805730906666
  10
8.350030000060006
  20
39.27814325628652
  10
8.350030000060004
  20
40.978143256286515
  10
8.437568537672023
  20
41.41822920350637
  10
8.686857201695473
  20
41.79131605465104
  10
9.05994405284015
  20
42.0406047186745
  10
9.500030000060002
  20
42.12814325628651
  10
9.940115947279857
  20
42.0406047186745
  10
10.313202798424532
  20
41.79131605465104
  10
10.562491462447984
  20
41.41822920350637
  10
10.650030000060003
  20
40.978143256286515
  0
HATCH
  5
2491
  100
AcDbEntity
  8
Top-Layer
  100
AcDbHatch
  10
0
  20
0
  30
0
  210
0
  220
0
  230
1
  2
SOLID
  70
1
  71
0
  91
1
  92
7
  72
1
  73
1
  93
2
  10
79.20515838231678
  20
40.00008000016
  42
1
  10
80.95516193832388
  20
40.00008000016
  42
1
  97
1
  330
2490
  75
0
  76
1
  47
0.8681437583925616
  98
1
  10
3.629517071192367
  20
33.92795499968543
  450
0
  451
0
  460
0
  461
0
  452
1
  462
1
  453
2
  463
0
  63
5
  421
255
  463
1
  63
7
  421
16777215
  470
LINEAR
  1001
ACAD
  1010
0
  1020
0
  1030
0
  0
LWPOLYLINE
  5
2492
  100
AcDbEntity
  8
Top-Layer
  100
AcDbPolyline
  90
2
  70
1
  43
0
  10
79.20515838231677
  20
40.00008000016
  42
1
  10
80.95516193832388
  20
40.00008000016
  42
1
  0
HATCH
  5
2521
  100
AcDbEntity
  8
Top-Layer
  100
AcDbHatch
  10
0
  20
0
  30
0
  210
0
  220
0
  230
1
  2
SOLID
  70
1
  71
0
  91
1
  92
7
  72
1
  73
1
  93
2
  10
69.04513806227614
  20
40.00008000016
  42
1
  10
70.79514161828324
  20
40.00008000016
  42
1
  97
1
  330
2520
  75
0
  76
1
  47
0.8681437583925616
  98
1
  10
3.629517071192367
  20
33.92795499968543
  450
0
  451
0
  460
0
  461
0
  452
1
  462
1
  453
2
  463
0
  63
5
  421
255
  463
1
  63
7
  421
16777215
  470
LINEAR
  1001
ACAD
  1010
0
  1020
0
  1030
0
  0
LWPOLYLINE
  5
2522
  100
AcDbEntity
  8
Top-Layer
  100
AcDbPolyline
  90
2
  70
1
  43
0
  10
69.04513806227612
  20
40.00008000016
  42
1
  10
70.79514161828324
  20
40.00008000016
  42
1
  0
HATCH
  5
2551
  100
AcDbEntity
  8
Top-Layer
  100
AcDbHatch
  10
0
  20
0
  30
0
  210
0
  220
0
  230
1
  2
SOLID
  70
1
  71
0
  91
1
  92
7
  72
1
  73
1
  93
2
  10
73.00014606329214
  20
40.00008000016
  42
1
  10
77.00015393730789
  20
40.00008000016
  42
1
  97
1
  330
2550
  75
0
  76
1
  47
0.8681437583925616
  98
1
  10
3.629517071192367
  20
33.92795499968543
  450
0
  451
0
  460
0
  461
0
  452
1
  462
1
  453
2
  463
0
  63
5
  421
255
  463
1
  63
7
  421
16777215
  470
LINEAR
  1001
ACAD
  1010
0
  1020
0
  1030
0
  0
LWPOLYLINE
  5
2552
  100
AcDbEntity
  8
Top-Layer
  100
AcDbPolyline
  90
4
  70
0
  43
0
  10
73.00014606329214
  20
40.00008000241295
  42
1
  10
77.00015393730789
  20
40.00007999719835
  10
77.00015393730789
  20
40.000079997907044
  42
1
  10
73.00014606329214
  20
40.000080003121646
  0
HATCH
  5
2581
  100
AcDbEntity
  8
Top-Layer
  100
AcDbHatch
  10
0
  20
0
  30
0
  210
0
  220
0
  230
1
  2
SOLID
  70
1
  71
0
  91
1
  92
7
  72
1
  73
1
  93
2
  10
69.94013984027968
  20
42.54008508017016
  42
1
  10
72.44014492028985
  20
42.54008508017016
  42
1
  97
1
  330
2580
  75
0
  76
1
  47
0.8681437583925616
  98
1
  10
3.629517071192367
  20
33.92795499968543
  450
0
  451
0
  460
0
  461
0
  452
1
  462
1
  453
2
  463
0
  63
5
  421
255
  463
1
  63
7
  421
16777215
  470
LINEAR
  1001
ACAD
  1010
0
  1020
0
  1030
0
  0
LWPOLYLINE
  5
2582
  100
AcDbEntity
  8
Top-Layer
  100
AcDbPolyline
  90
2
  70
1
  43
0
  10
69.94013984027968
  20
42.54008508017016
  42
1
  10
72.44014492028985
  20
42.54008508017016
  42
1
  0
HATCH
  5
2611
  100
AcDbEntity
  8
Top-Layer
  100
AcDbHatch
  10
0
  20
0
  30
0
  210
0
  220
0
  230
1
  2
SOLID
  70
1
  71
0
  91
1
  92
7
  72
1
  73
1
  93
2
  10
76.29015254030509
  20
45.08009016018032
  42
1
  10
78.79015762031526
  20
45.08009016018032
  42
1
  97
1
  330
2610
  75
0
  76
1
  47
0.8681437583925616
  98
1
  10
3.629517071192367
  20
33.92795499968543
  450
0
  451
0
  460
0
  461
0
  452
1
  462
1
  453
2
  463
0
  63
5
  421
255
  463
1
  63
7
  421
16777215
  470
LINEAR
  1001
ACAD
  1010
0
  1020
0
  1030
0
  0
LWPOLYLINE
  5
2612
  100
AcDbEntity
  8
Top-Layer
  100
AcDbPolyline
  90
2
  70
1
  43
0
  10
76.29015254030509
  20
45.08009016018032
  42
1
  10
78.79015762031526
  20
45.08009016018032
  42
1
  0
HATCH
  5
2641
  100
AcDbEntity
  8
Top-Layer
  100
AcDbHatch
  10
0
  20
0
  30
0
  210
0
  220
0
  230
1
  2
SOLID
  70
1
  71
0
  91
1
  92
7
  72
1
  73
1
  93
2
  10
79.20515838231678
  20
15.000064999764941
  42
1
  10
80.95516193832388
  20
15.000064999764941
  42
1
  97
1
  330
2640
  75
0
  76
1
  47
0.8681437583925616
  98
1
  10
3.629517071192367
  20
33.92795499968543
  450
0
  451
0
  460
0
  461
0
  452
1
  462
1
  453
2
  463
0
  63
5
  421
255
  463
1
  63
7
  421
16777215
  470
LINEAR
  1001
ACAD
  1010
0
  1020
0
  1030
0
  0
LWPOLYLINE
  5
2642
  100
AcDbEntity
  8
Top-Layer
  100
AcDbPolyline
  90
2
  70
1
  43
0
  10
79.20515838231677
  20
15.000064999764941
  42
1
  10
80.95516193832388
  20
15.000064999764941
  42
1
  0
HATCH
  5
2671
  100
AcDbEntity
  8
Top-Layer
  100
AcDbHatch
  10
0
  20
0
  30
0
  210
0
  220
0
  230
1
  2
SOLID
  70
1
  71
0
  91
1
  92
7
  72
1
  73
1
  93
2
  10
69.04513806227614
  20
15.000064999764941
  42
1
  10
70.79514161828324
  20
15.000064999764941
  42
1
  97
1
  330
2670
  75
0
  76
1
  47
0.8681437583925616
  98
1
  10
3.629517071192367
  20
33.92795499968543
  450
0
  451
0
  460
0
  461
0
  452
1
  462
1
  453
2
  463
0
  63
5
  421
255
  463
1
  63
7
  421
16777215
  470
LINEAR
  1001
ACAD
  1010
0
  1020
0
  1030
0
  0
LWPOLYLINE
  5
2672
  100
AcDbEntity
  8
Top-Layer
  100
AcDbPolyline
  90
2
  70
1
  43
0
  10
69.04513806227612
  20
15.000064999764941
  42
1
  10
70.79514161828324
  20
15.000064999764941
  42
1
  0
HATCH
  5
2701
  100
AcDbEntity
  8
Top-Layer
  100
AcDbHatch
  10
0
  20
0
  30
0
  210
0
  220
0
  230
1
  2
SOLID
  70
1
  71
0
  91
1
  92
7
  72
1
  73
1
  93
2
  10
73.00014606329214
  20
15.000064999764941
  42
1
  10
77.00015393730789
  20
15.000064999764941
  42
1
  97
1
  330
2700
  75
0
  76
1
  47
0.8681437583925616
  98
1
  10
3.629517071192367
  20
33.92795499968543
  450
0
  451
0
  460
0
  461
0
  452
1
  462
1
  453
2
  463
0
  63
5
  421
255
  463
1
  63
7
  421
16777215
  470
LINEAR
  1001
ACAD
  1010
0
  1020
0
  1030
0
  0
LWPOLYLINE
  5
2702
  100
AcDbEntity
  8
Top-Layer
  100
AcDbPolyline
  90
4
  70
0
  43
0
  10
73.00014606329214
  20
15.000065002017887
  42
1
  10
77.00015393730789
  20
15.000064996803285
  10
77.00015393730789
  20
15.000064997511993
  42
1
  10
73.00014606329214
  20
15.000065002726593
  0
HATCH
  5
2731
  100
AcDbEntity
  8
Top-Layer
  100
AcDbHatch
  10
0
  20
0
  30
0
  210
0
  220
0
  230
1
  2
SOLID
  70
1
  71
0
  91
1
  92
7
  72
1
  73
1
  93
2
  10
69.94013984027968
  20
17.5400700797751
  42
1
  10
72.44014492028985
  20
17.5400700797751
  42
1
  97
1
  330
2730
  75
0
  76
1
  47
0.8681437583925616
  98
1
  10
3.629517071192367
  20
33.92795499968543
  450
0
  451
0
  460
0
  461
0
  452
1
  462
1
  453
2
  463
0
  63
5
  421
255
  463
1
  63
7
  421
16777215
  470
LINEAR
  1001
ACAD
  1010
0
  1020
0
  1030
0
  0
LWPOLYLINE
  5
2732
  100
AcDbEntity
  8
Top-Layer
  100
AcDbPolyline
  90
2
  70
1
  43
0
  10
69.94013984027968
  20
17.5400700797751
  42
1
  10
72.44014492028985
  20
17.5400700797751
  42
1
  0
HATCH
  5
2761
  100
AcDbEntity
  8
Top-Layer
  100
AcDbHatch
  10
0
  20
0
  30
0
  210
0
  220
0
  230
1
  2
SOLID
  70
1
  71
0
  91
1
  92
7
  72
1
  73
1
  93
2
  10
76.29015254030509
  20
20.08007515978526
  42
1
  10
78.79015762031526
  20
20.08007515978526
  42
1
  97
1
  330
2760
  75
0
  76
1
  47
0.8681437583925616
  98
1
  10
3.629517071192367
  20
33.92795499968543
  450
0
  451
0
  460
0
  461
0
  452
1
  462
1
  453
2
  463
0
  63
5
  421
255
  463
1
  63
7
  421
16777215
  470
LINEAR
  1001
ACAD
  1010
0
  1020
0
  1030
0
  0
LWPOLYLINE
  5
2762
  100
AcDbEntity
  8
Top-Layer
  100
AcDbPolyline
  90
2
  70
1
  43
0
  10
76.29015254030509
  20
20.08007515978526
  42
1
  10
78.79015762031526
  20
20.08007515978526
  42
1
  0
HATCH
  5
2791
  100
AcDbEntity
  8
Top-Layer
  100
AcDbHatch
  10
0
  20
0
  30
0
  210
0
  220
0
  230
1
  2
SOLID
  70
1
  71
0
  91
1
  92
7
  72
1
  73
1
  93
2
  10
85.09774968095456
  20
60.43662087324176
  42
1
  10
86.62175272896067
  20
60.43662087324176
  42
1
  97
1
  330
2790
  75
0
  76
1
  47
0.8681437583925616
  98
1
  10
3.629517071192367
  20
33.92795499968543
  450
0
  451
0
  460
0
  461
0
  452
1
  462
1
  453
2
  463
0
  63
5
  421
255
  463
1
  63
7
  421
16777215
  470
LINEAR
  1001
ACAD
  1010
0
  1020
0
  1030
0
  0
LWPOLYLINE
  5
2792
  100
AcDbEntity
  8
Top-Layer
  100
AcDbPolyline
  90
2
  70
1
  43
0
  10
85.09774968095456
  20
60.43662087324176
  42
1
  10
86.62175272896066
  20
60.43662087324176
  42
1
  0
HATCH
  5
2821
  100
AcDbEntity
  8
Top-Layer
  100
AcDbHatch
  10
0
  20
0
  30
0
  210
0
  220
0
  230
1
  2
SOLID
  70
1
  71
0
  91
1
  92
7
  72
1
  73
1
  93
2
  10
24.238048476096953
  20
59.00011800023601
  42
1
  10
25.762051524103047
  20
59.00011800023601
  42
1
  97
1
  330
2820
  75
0
  76
1
  47
0.8681437583925616
  98
1
  10
3.629517071192367
  20
33.92795499968543
  450
0
  451
0
  460
0
  461
0
  452
1
  462
1
  453
2
  463
0
  63
5
  421
255
  463
1
  63
7
  421
16777215
  470
LINEAR
  1001
ACAD
  1010
0
  1020
0
  1030
0
  0
LWPOLYLINE
  5
2822
  100
AcDbEntity
  8
Top-Layer
  100
AcDbPolyline
  90
2
  70
1
  43
0
  10
24.238048476096953
  20
59.00011800023601
  42
1
  10
25.76205152410305
  20
59.00011800023601
  42
1
  0
LWPOLYLINE
  5
1055
  100
AcDbEntity
  8
Top-Silkscreen-Layer
  100
AcDbPolyline
  90
4
  70
0
  43
0.25400050800101603
  10
10.674528349056704
  20
40.12814327230092
  42
1
  10
19.325277650555307
  20
40.12814324332991
  10
19.325277650555307
  20
40.12814324027212
  42
1
  10
10.674528349056704
  20
40.128143269243125
  0
LWPOLYLINE
  5
1056
  100
AcDbEntity
  8
Top-Silkscreen-Layer
  100
AcDbPolyline
  90
2
  70
1
  43
0.25400050800101603
  10
11.647096294192593
  20
40.12814325628651
  42
1
  10
18.352709705419418
  20
40.12814325628651
  42
1
  0
LWPOLYLINE
  5
1057
  100
AcDbEntity
  8
Top-Silkscreen-Layer
  100
AcDbPolyline
  90
2
  70
1
  43
0.25400050800101603
  10
11.951896903793813
  20
40.12814325628651
  42
1
  10
18.0479090958182
  20
40.12814325628651
  42
1
  0
LWPOLYLINE
  5
1058
  100
AcDbEntity
  8
Top-Silkscreen-Layer
  100
AcDbPolyline
  90
2
  70
0
  43
0.25400050800101603
  10
20.98506137012274
  20
51.05406970813943
  10
20.98506137012274
  20
53.51243902487805
  0
LWPOLYLINE
  5
1059
  100
AcDbEntity
  8
Top-Silkscreen-Layer
  100
AcDbPolyline
  90
2
  70
0
  43
0.25400050800101603
  10
1.7239488478976948
  20
51.05406970813944
  10
0.03504867009735147
  20
51.05406970813944
  0
LWPOLYLINE
  5
1060
  100
AcDbEntity
  8
Top-Silkscreen-Layer
  100
AcDbPolyline
  90
2
  70
0
  43
0.25400050800101603
  10
4.263953927907855
  20
51.05406970813944
  10
4.186229772459534
  20
51.05406970813944
  0
LWPOLYLINE
  5
1061
  100
AcDbEntity
  8
Top-Silkscreen-Layer
  100
AcDbPolyline
  90
2
  70
0
  43
0.25400050800101603
  10
6.8039590079180154
  20
51.05406970813944
  10
6.726234852469694
  20
51.05406970813944
  0
LWPOLYLINE
  5
1062
  100
AcDbEntity
  8
Top-Silkscreen-Layer
  100
AcDbPolyline
  90
2
  70
0
  43
0.25400050800101603
  10
9.343964087928176
  20
51.05406970813943
  10
9.266239932479854
  20
51.05406970813943
  0
LWPOLYLINE
  5
1063
  100
AcDbEntity
  8
Top-Silkscreen-Layer
  100
AcDbPolyline
  90
2
  70
0
  43
0.25400050800101603
  10
11.883969167938336
  20
51.05406970813943
  10
11.806245012490015
  20
51.05406970813943
  0
LWPOLYLINE
  5
1064
  100
AcDbEntity
  8
Top-Silkscreen-Layer
  100
AcDbPolyline
  90
2
  70
0
  43
0.25400050800101603
  10
14.423974247948497
  20
51.05406970813943
  10
14.346250092500176
  20
51.05406970813943
  0
LWPOLYLINE
  5
1065
  100
AcDbEntity
  8
Top-Silkscreen-Layer
  100
AcDbPolyline
  90
2
  70
0
  43
0.25400050800101603
  10
16.96397932795865
  20
51.05406970813943
  10
16.886255172510328
  20
51.05406970813943
  0
LWPOLYLINE
  5
1066
  100
AcDbEntity
  8
Top-Silkscreen-Layer
  100
AcDbPolyline
  90
2
  70
0
  43
0.25400050800101603
  10
20.98506137012274
  20
51.05406970813943
  10
19.42626025252049
  20
51.05406970813943
  0
LWPOLYLINE
  5
1067
  100
AcDbEntity
  8
Top-Silkscreen-Layer
  100
AcDbPolyline
  90
2
  70
0
  43
0.25400050800101603
  10
20.985061370122747
  20
68.84515429030859
  10
20.985061370122747
  20
56.474796149592315
  0
LWPOLYLINE
  5
1068
  100
AcDbEntity
  8
Top-Silkscreen-Layer
  100
AcDbPolyline
  90
2
  70
0
  43
0.25400050800101603
  10
19.42615865231732
  20
68.84515429030859
  10
20.985061370122747
  20
68.84515429030859
  0
LWPOLYLINE
  5
1069
  100
AcDbEntity
  8
Top-Silkscreen-Layer
  100
AcDbPolyline
  90
2
  70
0
  43
0.25400050800101603
  10
16.75933111866224
  20
68.84515429030859
  10
16.96385232770466
  20
68.84515429030859
  0
LWPOLYLINE
  5
1070
  100
AcDbEntity
  8
Top-Silkscreen-Layer
  100
AcDbPolyline
  90
2
  70
0
  43
0.25400050800101603
  10
11.806321212642425
  20
68.84515429030859
  10
11.884019968039924
  20
68.84515429030859
  0
LWPOLYLINE
  5
1071
  100
AcDbEntity
  8
Top-Silkscreen-Layer
  100
AcDbPolyline
  90
2
  70
0
  43
0.25400050800101603
  10
9.266316132632264
  20
68.84515429030859
  10
9.344014888029763
  20
68.84515429030859
  0
LWPOLYLINE
  5
1072
  100
AcDbEntity
  8
Top-Silkscreen-Layer
  100
AcDbPolyline
  90
2
  70
0
  43
0.25400050800101603
  10
6.726311052622104
  20
68.84515429030859
  10
6.804009808019603
  20
68.84515429030859
  0
LWPOLYLINE
  5
1073
  100
AcDbEntity
  8
Top-Silkscreen-Layer
  100
AcDbPolyline
  90
2
  70
0
  43
0.25400050800101603
  10
4.186305972611944
  20
68.84515429030859
  10
4.264004728009442
  20
68.84515429030859
  0
LWPOLYLINE
  5
1074
  100
AcDbEntity
  8
Top-Silkscreen-Layer
  100
AcDbPolyline
  90
2
  70
0
  43
0.25400050800101603
  10
0.03504867009735147
  20
68.84515429030859
  10
1.7239996479992823
  20
68.84515429030859
  0
LWPOLYLINE
  5
1075
  100
AcDbEntity
  8
Top-Silkscreen-Layer
  100
AcDbPolyline
  90
2
  70
0
  43
0.25400050800101603
  10
0.03504867009735147
  20
51.05508571017144
  10
0.03504867009735147
  20
68.84515429030859
  0
LWPOLYLINE
  5
1076
  100
AcDbEntity
  8
Top-Silkscreen-Layer
  100
AcDbPolyline
  90
2
  70
0
  43
0.25400050800101603
  10
-2.0190280380560686
  20
55.957346314692636
  10
-2.0190280380560686
  20
63.95259650519302
  0
LWPOLYLINE
  5
1077
  100
AcDbEntity
  8
Top-Silkscreen-Layer
  100
AcDbPolyline
  90
2
  70
0
  43
0.25400050800101603
  10
-1.5189772379544653
  20
64.45259650519303
  10
0.024990249980494976
  20
64.45361250722503
  0
LWPOLYLINE
  5
1078
  100
AcDbEntity
  8
Top-Silkscreen-Layer
  100
AcDbPolyline
  90
2
  70
0
  43
0.25400050800101603
  10
0.022018444036878283
  20
55.45660971321944
  10
-1.5192820385640766
  20
55.457346314692636
  0
LWPOLYLINE
  5
1079
  100
AcDbEntity
  8
Top-Silkscreen-Layer
  100
AcDbPolyline
  90
2
  70
0
  43
0.25400050800101603
  10
-2.019002638005266
  20
55.95729551459104
  42
0.414
  10
-1.5192566385132689
  20
55.45729551459104
  0
LWPOLYLINE
  5
1080
  100
AcDbEntity
  8
Top-Silkscreen-Layer
  100
AcDbPolyline
  90
2
  70
0
  43
0.25400050800101603
  10
-1.5190026380052735
  20
64.45259650519303
  42
0.414
  10
-2.0190026380052717
  20
63.95259650519302
  0
LWPOLYLINE
  5
1081
  100
AcDbEntity
  8
Top-Silkscreen-Layer
  100
AcDbPolyline
  90
2
  70
0
  43
0.12000025400050801
  10
27.900055776111547
  20
32.900065776131555
  10
42.100084224168455
  20
32.900065776131555
  0
LWPOLYLINE
  5
1082
  100
AcDbEntity
  8
Top-Silkscreen-Layer
  100
AcDbPolyline
  90
2
  70
0
  43
0.12000025400050801
  10
42.100084224168455
  20
47.100094224188446
  10
27.900055776111547
  20
47.100094224188446
  0
LWPOLYLINE
  5
1083
  100
AcDbEntity
  8
Top-Silkscreen-Layer
  100
AcDbPolyline
  90
2
  70
0
  43
0.12000025400050801
  10
27.900055776111547
  20
47.100094224188446
  10
27.900055776111547
  20
32.900065776131555
  0
LWPOLYLINE
  5
1084
  100
AcDbEntity
  8
Top-Silkscreen-Layer
  100
AcDbPolyline
  90
2
  70
0
  43
0.12000025400050801
  10
42.100084224168455
  20
32.900065776131555
  10
42.100084224168455
  20
47.100094224188446
  0
LWPOLYLINE
  5
1101
  100
AcDbEntity
  8
Top-Silkscreen-Layer
  100
AcDbPolyline
  90
2
  70
0
  43
0.12000025400050801
  10
47.900095776191556
  20
32.90006577613156
  10
62.10012422424846
  20
32.90006577613156
  0
LWPOLYLINE
  5
1102
  100
AcDbEntity
  8
Top-Silkscreen-Layer
  100
AcDbPolyline
  90
2
  70
0
  43
0.12000025400050801
  10
62.10012422424846
  20
47.10009422418845
  10
47.900095776191556
  20
47.10009422418845
  0
LWPOLYLINE
  5
1103
  100
AcDbEntity
  8
Top-Silkscreen-Layer
  100
AcDbPolyline
  90
2
  70
0
  43
0.12000025400050801
  10
47.900095776191556
  20
47.10009422418845
  10
47.900095776191556
  20
32.90006577613156
  0
LWPOLYLINE
  5
1104
  100
AcDbEntity
  8
Top-Silkscreen-Layer
  100
AcDbPolyline
  90
2
  70
0
  43
0.12000025400050801
  10
62.10012422424846
  20
32.90006577613156
  10
62.10012422424846
  20
47.10009422418845
  0
LWPOLYLINE
  5
1121
  100
AcDbEntity
  8
Top-Silkscreen-Layer
  100
AcDbPolyline
  90
2
  70
0
  43
0.12000025400050801
  10
47.90009577619156
  20
7.900015776031554
  10
62.10012422424847
  20
7.900015776031554
  0
LWPOLYLINE
  5
1122
  100
AcDbEntity
  8
Top-Silkscreen-Layer
  100
AcDbPolyline
  90
2
  70
0
  43
0.12000025400050801
  10
62.10012422424847
  20
22.10004422408845
  10
47.90009577619156
  20
22.10004422408845
  0
LWPOLYLINE
  5
1123
  100
AcDbEntity
  8
Top-Silkscreen-Layer
  100
AcDbPolyline
  90
2
  70
0
  43
0.12000025400050801
  10
47.90009577619156
  20
22.10004422408845
  10
47.90009577619156
  20
7.900015776031554
  0
LWPOLYLINE
  5
1124
  100
AcDbEntity
  8
Top-Silkscreen-Layer
  100
AcDbPolyline
  90
2
  70
0
  43
0.12000025400050801
  10
62.10012422424847
  20
7.900015776031554
  10
62.10012422424847
  20
22.10004422408845
  0
LWPOLYLINE
  5
1141
  100
AcDbEntity
  8
Top-Silkscreen-Layer
  100
AcDbPolyline
  90
2
  70
0
  43
0.12000025400050801
  10
27.900055776111557
  20
7.900015776031553
  10
42.10008422416847
  20
7.900015776031553
  0
LWPOLYLINE
  5
1142
  100
AcDbEntity
  8
Top-Silkscreen-Layer
  100
AcDbPolyline
  90
2
  70
0
  43
0.12000025400050801
  10
42.10008422416847
  20
22.10004422408845
  10
27.900055776111557
  20
22.10004422408845
  0
LWPOLYLINE
  5
1143
  100
AcDbEntity
  8
Top-Silkscreen-Layer
  100
AcDbPolyline
  90
2
  70
0
  43
0.12000025400050801
  10
27.900055776111557
  20
22.10004422408845
  10
27.900055776111557
  20
7.900015776031553
  0
LWPOLYLINE
  5
1144
  100
AcDbEntity
  8
Top-Silkscreen-Layer
  100
AcDbPolyline
  90
2
  70
0
  43
0.12000025400050801
  10
42.10008422416847
  20
7.900015776031553
  10
42.10008422416847
  20
22.10004422408845
  0
LWPOLYLINE
  5
1161
  100
AcDbEntity
  8
Top-Silkscreen-Layer
  100
AcDbPolyline
  90
2
  70
0
  43
0.12000025400050801
  10
7.900015776031556
  20
7.900015776031555
  10
22.100044224088442
  20
7.900015776031555
  0
LWPOLYLINE
  5
1162
  100
AcDbEntity
  8
Top-Silkscreen-Layer
  100
AcDbPolyline
  90
2
  70
0
  43
0.12000025400050801
  10
22.100044224088442
  20
22.10004422408845
  10
7.900015776031556
  20
22.10004422408845
  0
LWPOLYLINE
  5
1163
  100
AcDbEntity
  8
Top-Silkscreen-Layer
  100
AcDbPolyline
  90
2
  70
0
  43
0.12000025400050801
  10
7.900015776031556
  20
22.10004422408845
  10
7.900015776031556
  20
7.900015776031555
  0
LWPOLYLINE
  5
1164
  100
AcDbEntity
  8
Top-Silkscreen-Layer
  100
AcDbPolyline
  90
2
  70
0
  43
0.12000025400050801
  10
22.100044224088442
  20
7.900015776031555
  10
22.100044224088442
  20
22.10004422408845
  0
LWPOLYLINE
  5
1181
  100
AcDbEntity
  8
Top-Silkscreen-Layer
  100
AcDbPolyline
  90
2
  70
0
  43
0.25400050800101603
  10
-3.9499010998021995
  20
27.931170062340122
  10
0.05009890019779874
  20
27.931170062340122
  0
LWPOLYLINE
  5
1182
  100
AcDbEntity
  8
Top-Silkscreen-Layer
  100
AcDbPolyline
  90
2
  70
0
  43
0.25400050800101603
  10
-3.9499010998021995
  20
29.43119546239092
  10
-3.9499010998021995
  20
27.931170062340122
  0
LWPOLYLINE
  5
1183
  100
AcDbEntity
  8
Top-Silkscreen-Layer
  100
AcDbPolyline
  90
2
  70
0
  43
0.25400050800101603
  10
0.05009890019779874
  20
29.43119546239092
  10
-3.9499010998021995
  20
29.43119546239092
  0
LWPOLYLINE
  5
1184
  100
AcDbEntity
  8
Top-Silkscreen-Layer
  100
AcDbPolyline
  90
2
  70
0
  43
0.25400050800101603
  10
3.550098900197795
  20
32.0500423000846
  10
3.550098900197795
  20
22.950042300084597
  0
LWPOLYLINE
  5
1185
  100
AcDbEntity
  8
Top-Silkscreen-Layer
  100
AcDbPolyline
  90
2
  70
0
  43
0.25400050800101603
  10
0.05009890019779874
  20
22.950042300084597
  10
3.550098900197795
  20
22.950042300084597
  0
LWPOLYLINE
  5
1186
  100
AcDbEntity
  8
Top-Silkscreen-Layer
  100
AcDbPolyline
  90
2
  70
0
  43
0.25400050800101603
  10
0.05009890019779874
  20
32.0500423000846
  10
3.550098900197795
  20
32.0500423000846
  0
LWPOLYLINE
  5
1187
  100
AcDbEntity
  8
Top-Silkscreen-Layer
  100
AcDbPolyline
  90
2
  70
0
  43
0.25400050800101603
  10
0.05009890019779874
  20
32.0500423000846
  10
0.05009890019779874
  20
22.950042300084597
  0
LWPOLYLINE
  5
1188
  100
AcDbEntity
  8
Top-Silkscreen-Layer
  100
AcDbPolyline
  90
2
  70
0
  43
0.25400050800101603
  10
9.099902999806009
  20
46.12816865633732
  10
9.099902999806009
  20
42.29992379984761
  0
LWPOLYLINE
  5
1189
  100
AcDbEntity
  8
Top-Silkscreen-Layer
  100
AcDbPolyline
  90
2
  70
0
  43
0.25400050800101603
  10
20.899902999806002
  20
42.30005080010161
  10
20.90003000006
  20
46.12816865633732
  0
LWPOLYLINE
  5
1190
  100
AcDbEntity
  8
Top-Silkscreen-Layer
  100
AcDbPolyline
  90
2
  70
0
  43
0.25400050800101603
  10
20.899902999806002
  20
34.128067056134114
  10
9.099902999806009
  20
34.12811785623572
  0
LWPOLYLINE
  5
1191
  100
AcDbEntity
  8
Top-Silkscreen-Layer
  100
AcDbPolyline
  90
2
  70
0
  43
0.25400050800101603
  10
9.099902999806009
  20
46.12809245618492
  10
11.934091468182936
  20
46.12816865633732
  0
LWPOLYLINE
  5
1192
  100
AcDbEntity
  8
Top-Silkscreen-Layer
  100
AcDbPolyline
  90
2
  70
0
  43
0.25400050800101603
  10
12.20589741179483
  20
41.14414528829058
  10
17.79390858781718
  20
41.14414528829058
  0
LWPOLYLINE
  5
1193
  100
AcDbEntity
  8
Top-Silkscreen-Layer
  100
AcDbPolyline
  90
2
  70
0
  43
0.25400050800101603
  10
9.099902999806009
  20
46.12816865633732
  10
9.099902999806009
  20
42.29992379984761
  0
LWPOLYLINE
  5
1194
  100
AcDbEntity
  8
Top-Silkscreen-Layer
  100
AcDbPolyline
  90
2
  70
0
  43
0.25400050800101603
  10
9.099902999806009
  20
37.95636271272543
  10
9.099902999806009
  20
34.12811785623572
  0
LWPOLYLINE
  5
1195
  100
AcDbEntity
  8
Top-Silkscreen-Layer
  100
AcDbPolyline
  90
2
  70
0
  43
0.25400050800101603
  10
20.899902999806002
  20
34.12811785623572
  10
20.899902999806002
  20
37.956235712471425
  0
LWPOLYLINE
  5
1196
  100
AcDbEntity
  8
Top-Silkscreen-Layer
  100
AcDbPolyline
  90
2
  70
0
  43
0.25400050800101603
  10
19.787964975929953
  20
42.16014732029465
  10
18.974985549971105
  20
42.16014732029465
  0
LWPOLYLINE
  5
1197
  100
AcDbEntity
  8
Top-Silkscreen-Layer
  100
AcDbPolyline
  90
2
  70
0
  43
0.25400050800101603
  10
19.787964975929953
  20
38.096139192278386
  10
18.974985549971105
  20
38.096139192278386
  0
LWPOLYLINE
  5
1198
  100
AcDbEntity
  8
Top-Silkscreen-Layer
  100
AcDbPolyline
  90
2
  70
0
  43
0.25400050800101603
  10
9.099902999806009
  20
37.95636271272543
  10
9.099902999806009
  20
34.12811785623572
  0
LWPOLYLINE
  5
1199
  100
AcDbEntity
  8
Top-Silkscreen-Layer
  100
AcDbPolyline
  90
2
  70
0
  43
0.25400050800101603
  10
10.948594897189803
  20
42.16014732029465
  10
10.212095024190052
  20
42.16014732029465
  0
LWPOLYLINE
  5
1200
  100
AcDbEntity
  8
Top-Silkscreen-Layer
  100
AcDbPolyline
  90
2
  70
0
  43
0.25400050800101603
  10
10.212095024190052
  20
38.096139192278386
  10
11.189895379790766
  20
38.096139192278386
  0
LWPOLYLINE
  5
1201
  100
AcDbEntity
  8
Top-Silkscreen-Layer
  100
AcDbPolyline
  90
2
  70
0
  43
0.25400050800101603
  10
12.985704371408742
  20
46.12816865633732
  10
17.014101628203257
  20
46.12816865633732
  0
LWPOLYLINE
  5
1202
  100
AcDbEntity
  8
Top-Silkscreen-Layer
  100
AcDbPolyline
  90
2
  70
0
  43
0.25400050800101603
  10
18.06571453142906
  20
46.12816865633732
  10
20.899902999806002
  20
46.12816865633732
  0
LWPOLYLINE
  5
1203
  100
AcDbEntity
  8
Top-Silkscreen-Layer
  100
AcDbPolyline
  90
2
  70
0
  43
0.25400050800101603
  10
16.777906555813118
  20
41.14414528829059
  42
-1.705
  10
13.221899443798893
  20
41.14414528829059
  0
LWPOLYLINE
  5
1217
  100
AcDbEntity
  8
Top-Silkscreen-Layer
  100
AcDbPolyline
  90
2
  70
0
  43
0.12000025400050801
  10
67.90013577627155
  20
32.900065776131555
  10
82.10016422432847
  20
32.900065776131555
  0
LWPOLYLINE
  5
1218
  100
AcDbEntity
  8
Top-Silkscreen-Layer
  100
AcDbPolyline
  90
2
  70
0
  43
0.12000025400050801
  10
82.10016422432847
  20
47.100094224188446
  10
67.90013577627155
  20
47.100094224188446
  0
LWPOLYLINE
  5
1219
  100
AcDbEntity
  8
Top-Silkscreen-Layer
  100
AcDbPolyline
  90
2
  70
0
  43
0.12000025400050801
  10
67.90013577627155
  20
47.100094224188446
  10
67.90013577627155
  20
32.900065776131555
  0
LWPOLYLINE
  5
1220
  100
AcDbEntity
  8
Top-Silkscreen-Layer
  100
AcDbPolyline
  90
2
  70
0
  43
0.12000025400050801
  10
82.10016422432847
  20
32.900065776131555
  10
82.10016422432847
  20
47.100094224188446
  0
LWPOLYLINE
  5
1237
  100
AcDbEntity
  8
Top-Silkscreen-Layer
  100
AcDbPolyline
  90
2
  70
0
  43
0.12000025400050801
  10
67.90013577627155
  20
7.900050775736493
  10
82.10016422432847
  20
7.900050775736493
  0
LWPOLYLINE
  5
1238
  100
AcDbEntity
  8
Top-Silkscreen-Layer
  100
AcDbPolyline
  90
2
  70
0
  43
0.12000025400050801
  10
82.10016422432847
  20
22.100079223793387
  10
67.90013577627155
  20
22.100079223793387
  0
LWPOLYLINE
  5
1239
  100
AcDbEntity
  8
Top-Silkscreen-Layer
  100
AcDbPolyline
  90
2
  70
0
  43
0.12000025400050801
  10
67.90013577627155
  20
22.100079223793387
  10
67.90013577627155
  20
7.900050775736493
  0
LWPOLYLINE
  5
1240
  100
AcDbEntity
  8
Top-Silkscreen-Layer
  100
AcDbPolyline
  90
2
  70
0
  43
0.12000025400050801
  10
82.10016422432847
  20
7.900050775736493
  10
82.10016422432847
  20
22.100079223793387
  0
LWPOLYLINE
  5
2849
  100
AcDbEntity
  8
Top-Silkscreen-Layer
  100
AcDbPolyline
  90
2
  70
0
  43
0.25400050800101603
  10
20.98506137012274
  20
51.05406970813943
  10
20.98506137012274
  20
53.51243902487805
  0
LWPOLYLINE
  5
2850
  100
AcDbEntity
  8
Top-Silkscreen-Layer
  100
AcDbPolyline
  90
2
  70
0
  43
0.25400050800101603
  10
1.7239488478976948
  20
51.05406970813944
  10
0.03504867009735147
  20
51.05406970813944
  0
LWPOLYLINE
  5
2851
  100
AcDbEntity
  8
Top-Silkscreen-Layer
  100
AcDbPolyline
  90
2
  70
0
  43
0.25400050800101603
  10
4.263953927907855
  20
51.05406970813944
  10
4.186229772459534
  20
51.05406970813944
  0
LWPOLYLINE
  5
2852
  100
AcDbEntity
  8
Top-Silkscreen-Layer
  100
AcDbPolyline
  90
2
  70
0
  43
0.25400050800101603
  10
6.8039590079180154
  20
51.05406970813944
  10
6.726234852469694
  20
51.05406970813944
  0
LWPOLYLINE
  5
2853
  100
AcDbEntity
  8
Top-Silkscreen-Layer
  100
AcDbPolyline
  90
2
  70
0
  43
0.25400050800101603
  10
9.343964087928176
  20
51.05406970813943
  10
9.266239932479854
  20
51.05406970813943
  0
LWPOLYLINE
  5
2854
  100
AcDbEntity
  8
Top-Silkscreen-Layer
  100
AcDbPolyline
  90
2
  70
0
  43
0.25400050800101603
  10
11.883969167938336
  20
51.05406970813943
  10
11.806245012490015
  20
51.05406970813943
  0
LWPOLYLINE
  5
2855
  100
AcDbEntity
  8
Top-Silkscreen-Layer
  100
AcDbPolyline
  90
2
  70
0
  43
0.25400050800101603
  10
14.423974247948497
  20
51.05406970813943
  10
14.346250092500176
  20
51.05406970813943
  0
LWPOLYLINE
  5
2856
  100
AcDbEntity
  8
Top-Silkscreen-Layer
  100
AcDbPolyline
  90
2
  70
0
  43
0.25400050800101603
  10
16.96397932795865
  20
51.05406970813943
  10
16.886255172510328
  20
51.05406970813943
  0
LWPOLYLINE
  5
2857
  100
AcDbEntity
  8
Top-Silkscreen-Layer
  100
AcDbPolyline
  90
2
  70
0
  43
0.25400050800101603
  10
20.98506137012274
  20
51.05406970813943
  10
19.42626025252049
  20
51.05406970813943
  0
LWPOLYLINE
  5
2858
  100
AcDbEntity
  8
Top-Silkscreen-Layer
  100
AcDbPolyline
  90
2
  70
0
  43
0.25400050800101603
  10
20.985061370122747
  20
68.84515429030859
  10
20.985061370122747
  20
56.474796149592315
  0
LWPOLYLINE
  5
2859
  100
AcDbEntity
  8
Top-Silkscreen-Layer
  100
AcDbPolyline
  90
2
  70
0
  43
0.25400050800101603
  10
19.42615865231732
  20
68.84515429030859
  10
20.985061370122747
  20
68.84515429030859
  0
LWPOLYLINE
  5
2860
  100
AcDbEntity
  8
Top-Silkscreen-Layer
  100
AcDbPolyline
  90
2
  70
0
  43
0.25400050800101603
  10
16.75933111866224
  20
68.84515429030859
  10
16.96385232770466
  20
68.84515429030859
  0
LWPOLYLINE
  5
2861
  100
AcDbEntity
  8
Top-Silkscreen-Layer
  100
AcDbPolyline
  90
2
  70
0
  43
0.25400050800101603
  10
11.806321212642425
  20
68.84515429030859
  10
11.884019968039924
  20
68.84515429030859
  0
LWPOLYLINE
  5
2862
  100
AcDbEntity
  8
Top-Silkscreen-Layer
  100
AcDbPolyline
  90
2
  70
0
  43
0.25400050800101603
  10
9.266316132632264
  20
68.84515429030859
  10
9.344014888029763
  20
68.84515429030859
  0
LWPOLYLINE
  5
2863
  100
AcDbEntity
  8
Top-Silkscreen-Layer
  100
AcDbPolyline
  90
2
  70
0
  43
0.25400050800101603
  10
6.726311052622104
  20
68.84515429030859
  10
6.804009808019603
  20
68.84515429030859
  0
LWPOLYLINE
  5
2864
  100
AcDbEntity
  8
Top-Silkscreen-Layer
  100
AcDbPolyline
  90
2
  70
0
  43
0.25400050800101603
  10
4.186305972611944
  20
68.84515429030859
  10
4.264004728009442
  20
68.84515429030859
  0
LWPOLYLINE
  5
2865
  100
AcDbEntity
  8
Top-Silkscreen-Layer
  100
AcDbPolyline
  90
2
  70
0
  43
0.25400050800101603
  10
0.03504867009735147
  20
68.84515429030859
  10
1.7239996479992823
  20
68.84515429030859
  0
LWPOLYLINE
  5
2866
  100
AcDbEntity
  8
Top-Silkscreen-Layer
  100
AcDbPolyline
  90
2
  70
0
  43
0.25400050800101603
  10
0.03504867009735147
  20
51.05508571017144
  10
0.03504867009735147
  20
68.84515429030859
  0
LWPOLYLINE
  5
2867
  100
AcDbEntity
  8
Top-Silkscreen-Layer
  100
AcDbPolyline
  90
2
  70
0
  43
0.25400050800101603
  10
-2.0190280380560686
  20
55.957346314692636
  10
-2.0190280380560686
  20
63.95259650519302
  0
LWPOLYLINE
  5
2868
  100
AcDbEntity
  8
Top-Silkscreen-Layer
  100
AcDbPolyline
  90
2
  70
0
  43
0.25400050800101603
  10
-1.5189772379544653
  20
64.45259650519303
  10
0.024990249980494976
  20
64.45361250722503
  0
LWPOLYLINE
  5
2869
  100
AcDbEntity
  8
Top-Silkscreen-Layer
  100
AcDbPolyline
  90
2
  70
0
  43
0.25400050800101603
  10
0.022018444036878283
  20
55.45660971321944
  10
-1.5192820385640766
  20
55.457346314692636
  0
LWPOLYLINE
  5
2870
  100
AcDbEntity
  8
Top-Silkscreen-Layer
  100
AcDbPolyline
  90
2
  70
0
  43
0.25400050800101603
  10
-2.019002638005266
  20
55.95729551459104
  42
0.414
  10
-1.5192566385132689
  20
55.45729551459104
  0
LWPOLYLINE
  5
2871
  100
AcDbEntity
  8
Top-Silkscreen-Layer
  100
AcDbPolyline
  90
2
  70
0
  43
0.25400050800101603
  10
-1.5190026380052735
  20
64.45259650519303
  42
0.414
  10
-2.0190026380052717
  20
63.95259650519302
  0
LWPOLYLINE
  5
2872
  100
AcDbEntity
  8
Top-Silkscreen-Layer
  100
AcDbPolyline
  90
2
  70
0
  43
0.12000025400050801
  10
27.900055776111547
  20
32.900065776131555
  10
42.100084224168455
  20
32.900065776131555
  0
LWPOLYLINE
  5
2873
  100
AcDbEntity
  8
Top-Silkscreen-Layer
  100
AcDbPolyline
  90
2
  70
0
  43
0.12000025400050801
  10
42.100084224168455
  20
47.100094224188446
  10
27.900055776111547
  20
47.100094224188446
  0
LWPOLYLINE
  5
2874
  100
AcDbEntity
  8
Top-Silkscreen-Layer
  100
AcDbPolyline
  90
2
  70
0
  43
0.12000025400050801
  10
27.900055776111547
  20
47.100094224188446
  10
27.900055776111547
  20
32.900065776131555
  0
LWPOLYLINE
  5
2875
  100
AcDbEntity
  8
Top-Silkscreen-Layer
  100
AcDbPolyline
  90
2
  70
0
  43
0.12000025400050801
  10
42.100084224168455
  20
32.900065776131555
  10
42.100084224168455
  20
47.100094224188446
  0
LWPOLYLINE
  5
2892
  100
AcDbEntity
  8
Top-Silkscreen-Layer
  100
AcDbPolyline
  90
2
  70
0
  43
0.12000025400050801
  10
47.900095776191556
  20
32.90006577613156
  10
62.10012422424846
  20
32.90006577613156
  0
LWPOLYLINE
  5
2893
  100
AcDbEntity
  8
Top-Silkscreen-Layer
  100
AcDbPolyline
  90
2
  70
0
  43
0.12000025400050801
  10
62.10012422424846
  20
47.10009422418845
  10
47.900095776191556
  20
47.10009422418845
  0
LWPOLYLINE
  5
2894
  100
AcDbEntity
  8
Top-Silkscreen-Layer
  100
AcDbPolyline
  90
2
  70
0
  43
0.12000025400050801
  10
47.900095776191556
  20
47.10009422418845
  10
47.900095776191556
  20
32.90006577613156
  0
LWPOLYLINE
  5
2895
  100
AcDbEntity
  8
Top-Silkscreen-Layer
  100
AcDbPolyline
  90
2
  70
0
  43
0.12000025400050801
  10
62.10012422424846
  20
32.90006577613156
  10
62.10012422424846
  20
47.10009422418845
  0
LWPOLYLINE
  5
2912
  100
AcDbEntity
  8
Top-Silkscreen-Layer
  100
AcDbPolyline
  90
2
  70
0
  43
0.12000025400050801
  10
47.90009577619156
  20
7.900015776031554
  10
62.10012422424847
  20
7.900015776031554
  0
LWPOLYLINE
  5
2913
  100
AcDbEntity
  8
Top-Silkscreen-Layer
  100
AcDbPolyline
  90
2
  70
0
  43
0.12000025400050801
  10
62.10012422424847
  20
22.10004422408845
  10
47.90009577619156
  20
22.10004422408845
  0
LWPOLYLINE
  5
2914
  100
AcDbEntity
  8
Top-Silkscreen-Layer
  100
AcDbPolyline
  90
2
  70
0
  43
0.12000025400050801
  10
47.90009577619156
  20
22.10004422408845
  10
47.90009577619156
  20
7.900015776031554
  0
LWPOLYLINE
  5
2915
  100
AcDbEntity
  8
Top-Silkscreen-Layer
  100
AcDbPolyline
  90
2
  70
0
  43
0.12000025400050801
  10
62.10012422424847
  20
7.900015776031554
  10
62.10012422424847
  20
22.10004422408845
  0
LWPOLYLINE
  5
2932
  100
AcDbEntity
  8
Top-Silkscreen-Layer
  100
AcDbPolyline
  90
2
  70
0
  43
0.12000025400050801
  10
27.900055776111557
  20
7.900015776031553
  10
42.10008422416847
  20
7.900015776031553
  0
LWPOLYLINE
  5
2933
  100
AcDbEntity
  8
Top-Silkscreen-Layer
  100
AcDbPolyline
  90
2
  70
0
  43
0.12000025400050801
  10
42.10008422416847
  20
22.10004422408845
  10
27.900055776111557
  20
22.10004422408845
  0
LWPOLYLINE
  5
2934
  100
AcDbEntity
  8
Top-Silkscreen-Layer
  100
AcDbPolyline
  90
2
  70
0
  43
0.12000025400050801
  10
27.900055776111557
  20
22.10004422408845
  10
27.900055776111557
  20
7.900015776031553
  0
LWPOLYLINE
  5
2935
  100
AcDbEntity
  8
Top-Silkscreen-Layer
  100
AcDbPolyline
  90
2
  70
0
  43
0.12000025400050801
  10
42.10008422416847
  20
7.900015776031553
  10
42.10008422416847
  20
22.10004422408845
  0
LWPOLYLINE
  5
2952
  100
AcDbEntity
  8
Top-Silkscreen-Layer
  100
AcDbPolyline
  90
2
  70
0
  43
0.12000025400050801
  10
7.900015776031556
  20
7.900015776031555
  10
22.100044224088442
  20
7.900015776031555
  0
LWPOLYLINE
  5
2953
  100
AcDbEntity
  8
Top-Silkscreen-Layer
  100
AcDbPolyline
  90
2
  70
0
  43
0.12000025400050801
  10
22.100044224088442
  20
22.10004422408845
  10
7.900015776031556
  20
22.10004422408845
  0
LWPOLYLINE
  5
2954
  100
AcDbEntity
  8
Top-Silkscreen-Layer
  100
AcDbPolyline
  90
2
  70
0
  43
0.12000025400050801
  10
7.900015776031556
  20
22.10004422408845
  10
7.900015776031556
  20
7.900015776031555
  0
LWPOLYLINE
  5
2955
  100
AcDbEntity
  8
Top-Silkscreen-Layer
  100
AcDbPolyline
  90
2
  70
0
  43
0.12000025400050801
  10
22.100044224088442
  20
7.900015776031555
  10
22.100044224088442
  20
22.10004422408845
  0
LWPOLYLINE
  5
2972
  100
AcDbEntity
  8
Top-Silkscreen-Layer
  100
AcDbPolyline
  90
2
  70
0
  43
0.25400050800101603
  10
-3.9499010998021995
  20
27.931170062340122
  10
0.05009890019779874
  20
27.931170062340122
  0
LWPOLYLINE
  5
2973
  100
AcDbEntity
  8
Top-Silkscreen-Layer
  100
AcDbPolyline
  90
2
  70
0
  43
0.25400050800101603
  10
-3.9499010998021995
  20
29.43119546239092
  10
-3.9499010998021995
  20
27.931170062340122
  0
LWPOLYLINE
  5
2974
  100
AcDbEntity
  8
Top-Silkscreen-Layer
  100
AcDbPolyline
  90
2
  70
0
  43
0.25400050800101603
  10
0.05009890019779874
  20
29.43119546239092
  10
-3.9499010998021995
  20
29.43119546239092
  0
LWPOLYLINE
  5
2975
  100
AcDbEntity
  8
Top-Silkscreen-Layer
  100
AcDbPolyline
  90
2
  70
0
  43
0.25400050800101603
  10
3.550098900197795
  20
32.0500423000846
  10
3.550098900197795
  20
22.950042300084597
  0
LWPOLYLINE
  5
2976
  100
AcDbEntity
  8
Top-Silkscreen-Layer
  100
AcDbPolyline
  90
2
  70
0
  43
0.25400050800101603
  10
0.05009890019779874
  20
22.950042300084597
  10
3.550098900197795
  20
22.950042300084597
  0
LWPOLYLINE
  5
2977
  100
AcDbEntity
  8
Top-Silkscreen-Layer
  100
AcDbPolyline
  90
2
  70
0
  43
0.25400050800101603
  10
0.05009890019779874
  20
32.0500423000846
  10
3.550098900197795
  20
32.0500423000846
  0
LWPOLYLINE
  5
2978
  100
AcDbEntity
  8
Top-Silkscreen-Layer
  100
AcDbPolyline
  90
2
  70
0
  43
0.25400050800101603
  10
0.05009890019779874
  20
32.0500423000846
  10
0.05009890019779874
  20
22.950042300084597
  0
LWPOLYLINE
  5
2987
  100
AcDbEntity
  8
Top-Silkscreen-Layer
  100
AcDbPolyline
  90
2
  70
0
  43
0.25400050800101603
  10
9.099902999806009
  20
46.12816865633732
  10
9.099902999806009
  20
42.29992379984761
  0
LWPOLYLINE
  5
2988
  100
AcDbEntity
  8
Top-Silkscreen-Layer
  100
AcDbPolyline
  90
2
  70
0
  43
0.25400050800101603
  10
20.899902999806002
  20
42.30005080010161
  10
20.90003000006
  20
46.12816865633732
  0
LWPOLYLINE
  5
2989
  100
AcDbEntity
  8
Top-Silkscreen-Layer
  100
AcDbPolyline
  90
2
  70
0
  43
0.25400050800101603
  10
20.899902999806002
  20
34.128067056134114
  10
9.099902999806009
  20
34.12811785623572
  0
LWPOLYLINE
  5
2990
  100
AcDbEntity
  8
Top-Silkscreen-Layer
  100
AcDbPolyline
  90
2
  70
0
  43
0.25400050800101603
  10
9.099902999806009
  20
46.12809245618492
  10
11.934091468182936
  20
46.12816865633732
  0
LWPOLYLINE
  5
2991
  100
AcDbEntity
  8
Top-Silkscreen-Layer
  100
AcDbPolyline
  90
2
  70
0
  43
0.25400050800101603
  10
12.20589741179483
  20
41.14414528829058
  10
17.79390858781718
  20
41.14414528829058
  0
LWPOLYLINE
  5
2992
  100
AcDbEntity
  8
Top-Silkscreen-Layer
  100
AcDbPolyline
  90
2
  70
0
  43
0.25400050800101603
  10
9.099902999806009
  20
46.12816865633732
  10
9.099902999806009
  20
42.29992379984761
  0
LWPOLYLINE
  5
2993
  100
AcDbEntity
  8
Top-Silkscreen-Layer
  100
AcDbPolyline
  90
2
  70
0
  43
0.25400050800101603
  10
9.099902999806009
  20
37.95636271272543
  10
9.099902999806009
  20
34.12811785623572
  0
LWPOLYLINE
  5
2994
  100
AcDbEntity
  8
Top-Silkscreen-Layer
  100
AcDbPolyline
  90
2
  70
0
  43
0.25400050800101603
  10
20.899902999806002
  20
34.12811785623572
  10
20.899902999806002
  20
37.956235712471425
  0
LWPOLYLINE
  5
2995
  100
AcDbEntity
  8
Top-Silkscreen-Layer
  100
AcDbPolyline
  90
2
  70
0
  43
0.25400050800101603
  10
19.787964975929953
  20
42.16014732029465
  10
18.974985549971105
  20
42.16014732029465
  0
LWPOLYLINE
  5
2996
  100
AcDbEntity
  8
Top-Silkscreen-Layer
  100
AcDbPolyline
  90
2
  70
0
  43
0.25400050800101603
  10
19.787964975929953
  20
38.096139192278386
  10
18.974985549971105
  20
38.096139192278386
  0
LWPOLYLINE
  5
2997
  100
AcDbEntity
  8
Top-Silkscreen-Layer
  100
AcDbPolyline
  90
2
  70
0
  43
0.25400050800101603
  10
9.099902999806009
  20
37.95636271272543
  10
9.099902999806009
  20
34.12811785623572
  0
LWPOLYLINE
  5
2998
  100
AcDbEntity
  8
Top-Silkscreen-Layer
  100
AcDbPolyline
  90
2
  70
0
  43
0.25400050800101603
  10
10.948594897189803
  20
42.16014732029465
  10
10.212095024190052
  20
42.16014732029465
  0
LWPOLYLINE
  5
2999
  100
AcDbEntity
  8
Top-Silkscreen-Layer
  100
AcDbPolyline
  90
2
  70
0
  43
0.25400050800101603
  10
10.212095024190052
  20
38.096139192278386
  10
11.189895379790766
  20
38.096139192278386
  0
LWPOLYLINE
  5
3000
  100
AcDbEntity
  8
Top-Silkscreen-Layer
  100
AcDbPolyline
  90
2
  70
0
  43
0.25400050800101603
  10
12.985704371408742
  20
46.12816865633732
  10
17.014101628203257
  20
46.12816865633732
  0
LWPOLYLINE
  5
3001
  100
AcDbEntity
  8
Top-Silkscreen-Layer
  100
AcDbPolyline
  90
2
  70
0
  43
0.25400050800101603
  10
18.06571453142906
  20
46.12816865633732
  10
20.899902999806002
  20
46.12816865633732
  0
LWPOLYLINE
  5
3002
  100
AcDbEntity
  8
Top-Silkscreen-Layer
  100
AcDbPolyline
  90
2
  70
0
  43
0.25400050800101603
  10
16.777906555813118
  20
41.14414528829059
  42
-1.705
  10
13.221899443798893
  20
41.14414528829059
  0
LWPOLYLINE
  5
3003
  100
AcDbEntity
  8
Top-Silkscreen-Layer
  100
AcDbPolyline
  90
4
  70
0
  43
0.25400050800101603
  10
10.674528349056704
  20
40.12814327230092
  42
1
  10
19.325277650555307
  20
40.12814324332991
  10
19.325277650555307
  20
40.12814324027212
  42
1
  10
10.674528349056704
  20
40.128143269243125
  0
LWPOLYLINE
  5
3004
  100
AcDbEntity
  8
Top-Silkscreen-Layer
  100
AcDbPolyline
  90
2
  70
1
  43
0.25400050800101603
  10
11.647096294192593
  20
40.12814325628651
  42
1
  10
18.352709705419418
  20
40.12814325628651
  42
1
  0
LWPOLYLINE
  5
3005
  100
AcDbEntity
  8
Top-Silkscreen-Layer
  100
AcDbPolyline
  90
2
  70
1
  43
0.25400050800101603
  10
11.951896903793813
  20
40.12814325628651
  42
1
  10
18.0479090958182
  20
40.12814325628651
  42
1
  0
LWPOLYLINE
  5
3019
  100
AcDbEntity
  8
Top-Silkscreen-Layer
  100
AcDbPolyline
  90
2
  70
0
  43
0.12000025400050801
  10
67.90013577627155
  20
32.900065776131555
  10
82.10016422432847
  20
32.900065776131555
  0
LWPOLYLINE
  5
3020
  100
AcDbEntity
  8
Top-Silkscreen-Layer
  100
AcDbPolyline
  90
2
  70
0
  43
0.12000025400050801
  10
82.10016422432847
  20
47.100094224188446
  10
67.90013577627155
  20
47.100094224188446
  0
LWPOLYLINE
  5
3021
  100
AcDbEntity
  8
Top-Silkscreen-Layer
  100
AcDbPolyline
  90
2
  70
0
  43
0.12000025400050801
  10
67.90013577627155
  20
47.100094224188446
  10
67.90013577627155
  20
32.900065776131555
  0
LWPOLYLINE
  5
3022
  100
AcDbEntity
  8
Top-Silkscreen-Layer
  100
AcDbPolyline
  90
2
  70
0
  43
0.12000025400050801
  10
82.10016422432847
  20
32.900065776131555
  10
82.10016422432847
  20
47.100094224188446
  0
LWPOLYLINE
  5
3039
  100
AcDbEntity
  8
Top-Silkscreen-Layer
  100
AcDbPolyline
  90
2
  70
0
  43
0.12000025400050801
  10
67.90013577627155
  20
7.900050775736493
  10
82.10016422432847
  20
7.900050775736493
  0
LWPOLYLINE
  5
3040
  100
AcDbEntity
  8
Top-Silkscreen-Layer
  100
AcDbPolyline
  90
2
  70
0
  43
0.12000025400050801
  10
82.10016422432847
  20
22.100079223793387
  10
67.90013577627155
  20
22.100079223793387
  0
LWPOLYLINE
  5
3041
  100
AcDbEntity
  8
Top-Silkscreen-Layer
  100
AcDbPolyline
  90
2
  70
0
  43
0.12000025400050801
  10
67.90013577627155
  20
22.100079223793387
  10
67.90013577627155
  20
7.900050775736493
  0
LWPOLYLINE
  5
3042
  100
AcDbEntity
  8
Top-Silkscreen-Layer
  100
AcDbPolyline
  90
2
  70
0
  43
0.12000025400050801
  10
82.10016422432847
  20
7.900050775736493
  10
82.10016422432847
  20
22.100079223793387
  0
HATCH
  5
1268
  100
AcDbEntity
  8
Top-Solder-Mask-Layer
  100
AcDbHatch
  10
0
  20
0
  30
0
  210
0
  220
0
  230
1
  2
SOLID
  70
1
  71
0
  91
1
  92
7
  72
0
  73
1
  93
36
  10
1.9667276366787876
  20
50.53620660833877
  10
1.9081551195337587
  20
50.677634091193745
  10
1.9052650591763494
  20
50.68716268868628
  10
1.904289208578408
  20
50.697071994144004
  10
1.904289208578408
  20
53.04705929411861
  10
1.9052650591763494
  20
53.05696859957634
  10
1.9081551195337587
  20
53.06649719706887
  10
1.9667276366787891
  20
53.20792467992382
  10
1.977737977873982
  20
53.22440511996582
  10
1.9942167299126476
  20
53.235417987369935
  10
2.1356442127676294
  20
53.29401590456577
  10
2.145176185892227
  20
53.29690818551107
  10
2.1550893101786235
  20
53.297884795769605
  10
3.7550893101786347
  20
53.2978847957696
  10
3.7650024344650324
  20
53.29690818551106
  10
3.7745344075896305
  20
53.294015904565754
  10
3.915961890444585
  20
53.23541798736992
  10
3.932440642483249
  20
53.224405119965816
  10
3.94345098367844
  20
53.20792467992381
  10
4.002023500823469
  20
53.06649719706886
  10
4.004913561180879
  20
53.05696859957633
  10
4.005889411778821
  20
53.047059294118604
  10
4.005889411778821
  20
50.697071994144004
  10
4.00491356118088
  20
50.68716268868628
  10
4.00202350082347
  20
50.677634091193745
  10
3.943450983678442
  20
50.53620660833877
  10
3.9324378893600587
  20
50.51972341496256
  10
3.915954695983845
  20
50.508710320644184
  10
3.774527213128891
  20
50.45013780349915
  10
3.764998615636363
  20
50.447247743141745
  10
3.7550893101786342
  20
50.446271892543805
  10
2.155089310178623
  20
50.446271892543805
  10
2.145180004720896
  20
50.44724774314174
  10
2.13565140722837
  20
50.450137803499146
  10
1.9942239243733877
  20
50.50871032064418
  10
1.9777407309971728
  20
50.51972341496256
  97
1
  330
1267
  75
0
  76
1
  47
0.4128176842155181
  98
1
  10
34.90568961886538
  20
22.81183545379326
  450
0
  451
0
  460
0
  461
0
  452
1
  462
1
  453
2
  463
0
  63
5
  421
255
  463
1
  63
7
  421
16777215
  470
LINEAR
  1001
ACAD
  1010
0
  1020
0
  1030
0
  0
LWPOLYLINE
  5
1267
  100
AcDbEntity
  8
Top-Solder-Mask-Layer
  100
AcDbPolyline
  90
36
  70
1
  43
0
  10
1.9667276366787876
  20
50.53620660833877
  10
1.9081551195337587
  20
50.677634091193745
  10
1.9052650591763494
  20
50.68716268868628
  10
1.904289208578408
  20
50.697071994144004
  10
1.904289208578408
  20
53.04705929411861
  10
1.9052650591763494
  20
53.05696859957634
  10
1.9081551195337587
  20
53.06649719706887
  10
1.9667276366787891
  20
53.20792467992382
  10
1.977737977873982
  20
53.22440511996582
  10
1.9942167299126476
  20
53.235417987369935
  10
2.1356442127676294
  20
53.29401590456577
  10
2.145176185892227
  20
53.29690818551107
  10
2.1550893101786235
  20
53.297884795769605
  10
3.7550893101786347
  20
53.2978847957696
  10
3.7650024344650324
  20
53.29690818551106
  10
3.7745344075896305
  20
53.294015904565754
  10
3.915961890444585
  20
53.23541798736992
  10
3.932440642483249
  20
53.224405119965816
  10
3.94345098367844
  20
53.20792467992381
  10
4.002023500823469
  20
53.06649719706886
  10
4.004913561180879
  20
53.05696859957633
  10
4.005889411778821
  20
53.047059294118604
  10
4.005889411778821
  20
50.697071994144004
  10
4.00491356118088
  20
50.68716268868628
  10
4.00202350082347
  20
50.677634091193745
  10
3.943450983678442
  20
50.53620660833877
  10
3.9324378893600587
  20
50.51972341496256
  10
3.915954695983845
  20
50.508710320644184
  10
3.774527213128891
  20
50.45013780349915
  10
3.764998615636363
  20
50.447247743141745
  10
3.7550893101786342
  20
50.446271892543805
  10
2.155089310178623
  20
50.446271892543805
  10
2.145180004720896
  20
50.44724774314174
  10
2.13565140722837
  20
50.450137803499146
  10
1.9942239243733877
  20
50.50871032064418
  10
1.9777407309971728
  20
50.51972341496256
  0
HATCH
  5
1274
  100
AcDbEntity
  8
Top-Solder-Mask-Layer
  100
AcDbHatch
  10
0
  20
0
  30
0
  210
0
  220
0
  230
1
  2
SOLID
  70
1
  71
0
  91
1
  92
7
  72
0
  73
1
  93
36
  10
4.506732716688948
  20
50.53620660833877
  10
4.448160199543919
  20
50.677634091193745
  10
4.44527013918651
  20
50.68716268868628
  10
4.444294288588568
  20
50.697071994144004
  10
4.444294288588568
  20
53.047059294118604
  10
4.44527013918651
  20
53.05696859957633
  10
4.448160199543919
  20
53.06649719706886
  10
4.5067327166889495
  20
53.20792467992381
  10
4.517743057884142
  20
53.224405119965816
  10
4.534221809922808
  20
53.23541798736993
  10
4.67564929277779
  20
53.29401590456576
  10
4.685181265902387
  20
53.296908185511064
  10
4.695094390188784
  20
53.2978847957696
  10
6.295094390188795
  20
53.2978847957696
  10
6.305007514475192
  20
53.29690818551106
  10
6.314539487599791
  20
53.294015904565754
  10
6.455966970454745
  20
53.23541798736992
  10
6.4724457224934095
  20
53.224405119965816
  10
6.4834560636886005
  20
53.20792467992381
  10
6.54202858083363
  20
53.06649719706886
  10
6.544918641191039
  20
53.05696859957633
  10
6.545894491788981
  20
53.047059294118604
  10
6.545894491788981
  20
50.697071994144004
  10
6.544918641191039
  20
50.68716268868628
  10
6.542028580833631
  20
50.677634091193745
  10
6.4834560636886
  20
50.53620660833877
  10
6.472442969370215
  20
50.51972341496257
  10
6.455959775994005
  20
50.508710320644184
  10
6.3145322931390515
  20
50.45013780349915
  10
6.305003695646523
  20
50.447247743141745
  10
6.295094390188795
  20
50.446271892543805
  10
4.695094390188784
  20
50.446271892543805
  10
4.685185084731056
  20
50.44724774314174
  10
4.6756564872385304
  20
50.450137803499146
  10
4.534229004383548
  20
50.50871032064418
  10
4.517745811007333
  20
50.51972341496256
  97
1
  330
1273
  75
0
  76
1
  47
0.4128176842155181
  98
1
  10
34.90568961886538
  20
22.81183545379326
  450
0
  451
0
  460
0
  461
0
  452
1
  462
1
  453
2
  463
0
  63
5
  421
255
  463
1
  63
7
  421
16777215
  470
LINEAR
  1001
ACAD
  1010
0
  1020
0
  1030
0
  0
LWPOLYLINE
  5
1273
  100
AcDbEntity
  8
Top-Solder-Mask-Layer
  100
AcDbPolyline
  90
36
  70
1
  43
0
  10
4.506732716688948
  20
50.53620660833877
  10
4.448160199543919
  20
50.677634091193745
  10
4.44527013918651
  20
50.68716268868628
  10
4.444294288588568
  20
50.697071994144004
  10
4.444294288588568
  20
53.047059294118604
  10
4.44527013918651
  20
53.05696859957633
  10
4.448160199543919
  20
53.06649719706886
  10
4.5067327166889495
  20
53.20792467992381
  10
4.517743057884142
  20
53.224405119965816
  10
4.534221809922808
  20
53.23541798736993
  10
4.67564929277779
  20
53.29401590456576
  10
4.685181265902387
  20
53.296908185511064
  10
4.695094390188784
  20
53.2978847957696
  10
6.295094390188795
  20
53.2978847957696
  10
6.305007514475192
  20
53.29690818551106
  10
6.314539487599791
  20
53.294015904565754
  10
6.455966970454745
  20
53.23541798736992
  10
6.4724457224934095
  20
53.224405119965816
  10
6.4834560636886005
  20
53.20792467992381
  10
6.54202858083363
  20
53.06649719706886
  10
6.544918641191039
  20
53.05696859957633
  10
6.545894491788981
  20
53.047059294118604
  10
6.545894491788981
  20
50.697071994144004
  10
6.544918641191039
  20
50.68716268868628
  10
6.542028580833631
  20
50.677634091193745
  10
6.4834560636886
  20
50.53620660833877
  10
6.472442969370215
  20
50.51972341496257
  10
6.455959775994005
  20
50.508710320644184
  10
6.3145322931390515
  20
50.45013780349915
  10
6.305003695646523
  20
50.447247743141745
  10
6.295094390188795
  20
50.446271892543805
  10
4.695094390188784
  20
50.446271892543805
  10
4.685185084731056
  20
50.44724774314174
  10
4.6756564872385304
  20
50.450137803499146
  10
4.534229004383548
  20
50.50871032064418
  10
4.517745811007333
  20
50.51972341496256
  0
HATCH
  5
1280
  100
AcDbEntity
  8
Top-Solder-Mask-Layer
  100
AcDbHatch
  10
0
  20
0
  30
0
  210
0
  220
0
  230
1
  2
SOLID
  70
1
  71
0
  91
1
  92
7
  72
0
  73
1
  93
36
  10
7.046737796699108
  20
50.53620660833877
  10
6.988165279554079
  20
50.677634091193745
  10
6.98527521919667
  20
50.68716268868628
  10
6.9842993685987285
  20
50.697071994144004
  10
6.9842993685987285
  20
53.047059294118604
  10
6.98527521919667
  20
53.05696859957633
  10
6.988165279554079
  20
53.06649719706886
  10
7.04673779669911
  20
53.20792467992381
  10
7.057748137894302
  20
53.224405119965816
  10
7.0742268899329686
  20
53.23541798736993
  10
7.2156543727879505
  20
53.29401590456576
  10
7.225186345912548
  20
53.296908185511064
  10
7.235099470198944
  20
53.2978847957696
  10
8.835099470198955
  20
53.2978847957696
  10
8.845012594485354
  20
53.29690818551106
  10
8.85454456760995
  20
53.294015904565754
  10
8.995972050464907
  20
53.23541798736992
  10
9.01245080250357
  20
53.224405119965816
  10
9.02346114369876
  20
53.20792467992381
  10
9.082033660843791
  20
53.06649719706886
  10
9.0849237212012
  20
53.05696859957633
  10
9.085899571799143
  20
53.047059294118604
  10
9.085899571799143
  20
50.697071994144
  10
9.0849237212012
  20
50.68716268868627
  10
9.082033660843791
  20
50.67763409119374
  10
9.023461143698762
  20
50.536206608338766
  10
9.01244804938038
  20
50.519723414962556
  10
8.995964856004166
  20
50.50871032064418
  10
8.854537373149212
  20
50.450137803499146
  10
8.845008775656684
  20
50.44724774314174
  10
8.835099470198955
  20
50.4462718925438
  10
7.235099470198944
  20
50.446271892543805
  10
7.225190164741216
  20
50.44724774314174
  10
7.215661567248691
  20
50.450137803499146
  10
7.074234084393708
  20
50.50871032064418
  10
7.057750891017493
  20
50.51972341496256
  97
1
  330
1279
  75
0
  76
1
  47
0.4128176842155181
  98
1
  10
34.90568961886538
  20
22.81183545379326
  450
0
  451
0
  460
0
  461
0
  452
1
  462
1
  453
2
  463
0
  63
5
  421
255
  463
1
  63
7
  421
16777215
  470
LINEAR
  1001
ACAD
  1010
0
  1020
0
  1030
0
  0
LWPOLYLINE
  5
1279
  100
AcDbEntity
  8
Top-Solder-Mask-Layer
  100
AcDbPolyline
  90
36
  70
1
  43
0
  10
7.046737796699108
  20
50.53620660833877
  10
6.988165279554079
  20
50.677634091193745
  10
6.98527521919667
  20
50.68716268868628
  10
6.9842993685987285
  20
50.697071994144004
  10
6.9842993685987285
  20
53.047059294118604
  10
6.98527521919667
  20
53.05696859957633
  10
6.988165279554079
  20
53.06649719706886
  10
7.04673779669911
  20
53.20792467992381
  10
7.057748137894302
  20
53.224405119965816
  10
7.0742268899329686
  20
53.23541798736993
  10
7.2156543727879505
  20
53.29401590456576
  10
7.225186345912548
  20
53.296908185511064
  10
7.235099470198944
  20
53.2978847957696
  10
8.835099470198955
  20
53.2978847957696
  10
8.845012594485354
  20
53.29690818551106
  10
8.85454456760995
  20
53.294015904565754
  10
8.995972050464907
  20
53.23541798736992
  10
9.01245080250357
  20
53.224405119965816
  10
9.02346114369876
  20
53.20792467992381
  10
9.082033660843791
  20
53.06649719706886
  10
9.0849237212012
  20
53.05696859957633
  10
9.085899571799143
  20
53.047059294118604
  10
9.085899571799143
  20
50.697071994144
  10
9.0849237212012
  20
50.68716268868627
  10
9.082033660843791
  20
50.67763409119374
  10
9.023461143698762
  20
50.536206608338766
  10
9.01244804938038
  20
50.519723414962556
  10
8.995964856004166
  20
50.50871032064418
  10
8.854537373149212
  20
50.450137803499146
  10
8.845008775656684
  20
50.44724774314174
  10
8.835099470198955
  20
50.4462718925438
  10
7.235099470198944
  20
50.446271892543805
  10
7.225190164741216
  20
50.44724774314174
  10
7.215661567248691
  20
50.450137803499146
  10
7.074234084393708
  20
50.50871032064418
  10
7.057750891017493
  20
50.51972341496256
  0
HATCH
  5
1286
  100
AcDbEntity
  8
Top-Solder-Mask-Layer
  100
AcDbHatch
  10
0
  20
0
  30
0
  210
0
  220
0
  230
1
  2
SOLID
  70
1
  71
0
  91
1
  92
7
  72
0
  73
1
  93
36
  10
9.586742876709302
  20
50.53620660833876
  10
9.528170359564243
  20
50.67763409119373
  10
9.525280299206832
  20
50.687162688686264
  10
9.524304448608888
  20
50.697071994144
  10
9.524304448608888
  20
53.047059294118604
  10
9.525280299206832
  20
53.05696859957634
  10
9.528170359564243
  20
53.06649719706887
  10
9.586742876709302
  20
53.20792467992382
  10
9.597753217904494
  20
53.224405119965816
  10
9.614231969943154
  20
53.23541798736992
  10
9.755659452798108
  20
53.294015904565754
  10
9.765191425922705
  20
53.29690818551106
  10
9.775104550209104
  20
53.2978847957696
  10
11.375104550209116
  20
53.2978847957696
  10
11.385017674495513
  20
53.29690818551106
  10
11.394549647620112
  20
53.294015904565754
  10
11.535977130475066
  20
53.23541798736992
  10
11.552455882513732
  20
53.224405119965816
  10
11.563466223708922
  20
53.20792467992381
  10
11.62203874085395
  20
53.06649719706886
  10
11.624928801211361
  20
53.05696859957633
  10
11.625904651809302
  20
53.047059294118604
  10
11.625904651809302
  20
50.697071994144
  10
11.624928801211361
  20
50.68716268868627
  10
11.62203874085395
  20
50.67763409119374
  10
11.563466223708923
  20
50.536206608338766
  10
11.552453129390539
  20
50.519723414962556
  10
11.535969936014325
  20
50.50871032064418
  10
11.394542453159373
  20
50.450137803499146
  10
11.385013855666845
  20
50.44724774314174
  10
11.375104550209116
  20
50.4462718925438
  10
9.775104550209104
  20
50.4462718925438
  10
9.765195244751375
  20
50.44724774314174
  10
9.755666647258847
  20
50.450137803499146
  10
9.614239164403893
  20
50.50871032064418
  10
9.597755971027683
  20
50.519723414962556
  97
1
  330
1285
  75
0
  76
1
  47
0.4128176842155181
  98
1
  10
34.90568961886538
  20
22.81183545379326
  450
0
  451
0
  460
0
  461
0
  452
1
  462
1
  453
2
  463
0
  63
5
  421
255
  463
1
  63
7
  421
16777215
  470
LINEAR
  1001
ACAD
  1010
0
  1020
0
  1030
0
  0
LWPOLYLINE
  5
1285
  100
AcDbEntity
  8
Top-Solder-Mask-Layer
  100
AcDbPolyline
  90
36
  70
1
  43
0
  10
9.586742876709302
  20
50.53620660833876
  10
9.528170359564243
  20
50.67763409119373
  10
9.525280299206832
  20
50.687162688686264
  10
9.524304448608888
  20
50.697071994144
  10
9.524304448608888
  20
53.047059294118604
  10
9.525280299206832
  20
53.05696859957634
  10
9.528170359564243
  20
53.06649719706887
  10
9.586742876709302
  20
53.20792467992382
  10
9.597753217904494
  20
53.224405119965816
  10
9.614231969943154
  20
53.23541798736992
  10
9.755659452798108
  20
53.294015904565754
  10
9.765191425922705
  20
53.29690818551106
  10
9.775104550209104
  20
53.2978847957696
  10
11.375104550209116
  20
53.2978847957696
  10
11.385017674495513
  20
53.29690818551106
  10
11.394549647620112
  20
53.294015904565754
  10
11.535977130475066
  20
53.23541798736992
  10
11.552455882513732
  20
53.224405119965816
  10
11.563466223708922
  20
53.20792467992381
  10
11.62203874085395
  20
53.06649719706886
  10
11.624928801211361
  20
53.05696859957633
  10
11.625904651809302
  20
53.047059294118604
  10
11.625904651809302
  20
50.697071994144
  10
11.624928801211361
  20
50.68716268868627
  10
11.62203874085395
  20
50.67763409119374
  10
11.563466223708923
  20
50.536206608338766
  10
11.552453129390539
  20
50.519723414962556
  10
11.535969936014325
  20
50.50871032064418
  10
11.394542453159373
  20
50.450137803499146
  10
11.385013855666845
  20
50.44724774314174
  10
11.375104550209116
  20
50.4462718925438
  10
9.775104550209104
  20
50.4462718925438
  10
9.765195244751375
  20
50.44724774314174
  10
9.755666647258847
  20
50.450137803499146
  10
9.614239164403893
  20
50.50871032064418
  10
9.597755971027683
  20
50.519723414962556
  0
HATCH
  5
1292
  100
AcDbEntity
  8
Top-Solder-Mask-Layer
  100
AcDbHatch
  10
0
  20
0
  30
0
  210
0
  220
0
  230
1
  2
SOLID
  70
1
  71
0
  91
1
  92
7
  72
0
  73
1
  93
36
  10
12.126747956719461
  20
50.53620660833876
  10
12.068175439574404
  20
50.67763409119373
  10
12.065285379216991
  20
50.687162688686264
  10
12.064309528619049
  20
50.697071994144
  10
12.064309528619049
  20
53.047059294118604
  10
12.065285379216991
  20
53.05696859957634
  10
12.068175439574404
  20
53.06649719706887
  10
12.126747956719461
  20
53.20792467992382
  10
12.137758297914653
  20
53.224405119965816
  10
12.154237049953315
  20
53.23541798736992
  10
12.295664532808269
  20
53.294015904565754
  10
12.305196505932866
  20
53.29690818551106
  10
12.315109630219265
  20
53.2978847957696
  10
13.915109630219275
  20
53.2978847957696
  10
13.925022754505674
  20
53.29690818551106
  10
13.934554727630271
  20
53.294015904565754
  10
14.075982210485227
  20
53.23541798736992
  10
14.092460962523893
  20
53.224405119965816
  10
14.103471303719083
  20
53.20792467992381
  10
14.162043820864112
  20
53.06649719706886
  10
14.164933881221522
  20
53.05696859957633
  10
14.165909731819463
  20
53.047059294118604
  10
14.165909731819463
  20
50.697071994144
  10
14.164933881221522
  20
50.68716268868627
  10
14.162043820864112
  20
50.67763409119374
  10
14.103471303719084
  20
50.536206608338766
  10
14.0924582094007
  20
50.519723414962556
  10
14.075975016024486
  20
50.50871032064418
  10
13.934547533169532
  20
50.450137803499146
  10
13.925018935677006
  20
50.44724774314174
  10
13.915109630219275
  20
50.4462718925438
  10
12.315109630219265
  20
50.4462718925438
  10
12.305200324761534
  20
50.44724774314174
  10
12.295671727269008
  20
50.450137803499146
  10
12.154244244414054
  20
50.50871032064418
  10
12.137761051037844
  20
50.519723414962556
  97
1
  330
1291
  75
0
  76
1
  47
0.4128176842155181
  98
1
  10
34.90568961886538
  20
22.81183545379326
  450
0
  451
0
  460
0
  461
0
  452
1
  462
1
  453
2
  463
0
  63
5
  421
255
  463
1
  63
7
  421
16777215
  470
LINEAR
  1001
ACAD
  1010
0
  1020
0
  1030
0
  0
LWPOLYLINE
  5
1291
  100
AcDbEntity
  8
Top-Solder-Mask-Layer
  100
AcDbPolyline
  90
36
  70
1
  43
0
  10
12.126747956719461
  20
50.53620660833876
  10
12.068175439574404
  20
50.67763409119373
  10
12.065285379216991
  20
50.687162688686264
  10
12.064309528619049
  20
50.697071994144
  10
12.064309528619049
  20
53.047059294118604
  10
12.065285379216991
  20
53.05696859957634
  10
12.068175439574404
  20
53.06649719706887
  10
12.126747956719461
  20
53.20792467992382
  10
12.137758297914653
  20
53.224405119965816
  10
12.154237049953315
  20
53.23541798736992
  10
12.295664532808269
  20
53.294015904565754
  10
12.305196505932866
  20
53.29690818551106
  10
12.315109630219265
  20
53.2978847957696
  10
13.915109630219275
  20
53.2978847957696
  10
13.925022754505674
  20
53.29690818551106
  10
13.934554727630271
  20
53.294015904565754
  10
14.075982210485227
  20
53.23541798736992
  10
14.092460962523893
  20
53.224405119965816
  10
14.103471303719083
  20
53.20792467992381
  10
14.162043820864112
  20
53.06649719706886
  10
14.164933881221522
  20
53.05696859957633
  10
14.165909731819463
  20
53.047059294118604
  10
14.165909731819463
  20
50.697071994144
  10
14.164933881221522
  20
50.68716268868627
  10
14.162043820864112
  20
50.67763409119374
  10
14.103471303719084
  20
50.536206608338766
  10
14.0924582094007
  20
50.519723414962556
  10
14.075975016024486
  20
50.50871032064418
  10
13.934547533169532
  20
50.450137803499146
  10
13.925018935677006
  20
50.44724774314174
  10
13.915109630219275
  20
50.4462718925438
  10
12.315109630219265
  20
50.4462718925438
  10
12.305200324761534
  20
50.44724774314174
  10
12.295671727269008
  20
50.450137803499146
  10
12.154244244414054
  20
50.50871032064418
  10
12.137761051037844
  20
50.519723414962556
  0
HATCH
  5
1298
  100
AcDbEntity
  8
Top-Solder-Mask-Layer
  100
AcDbHatch
  10
0
  20
0
  30
0
  210
0
  220
0
  230
1
  2
SOLID
  70
1
  71
0
  91
1
  92
7
  72
0
  73
1
  93
36
  10
14.66675303672959
  20
50.536206608338766
  10
14.60818051958456
  20
50.67763409119374
  10
14.60529045922715
  20
50.68716268868627
  10
14.60431460862921
  20
50.697071994144
  10
14.60431460862921
  20
53.047059294118604
  10
14.60529045922715
  20
53.05696859957633
  10
14.60818051958456
  20
53.06649719706886
  10
14.66675303672959
  20
53.20792467992381
  10
14.677763377924784
  20
53.224405119965816
  10
14.694242129963449
  20
53.23541798736993
  10
14.83566961281843
  20
53.29401590456576
  10
14.845201585943029
  20
53.296908185511064
  10
14.855114710229424
  20
53.2978847957696
  10
16.455114710229434
  20
53.2978847957696
  10
16.465027834515837
  20
53.296908185511064
  10
16.474559807640436
  20
53.294015904565754
  10
16.615987290495386
  20
53.23541798736992
  10
16.632466042534055
  20
53.224405119965816
  10
16.643476383729244
  20
53.20792467992381
  10
16.70204890087427
  20
53.06649719706886
  10
16.70493896123168
  20
53.05696859957633
  10
16.705914811829622
  20
53.047059294118604
  10
16.705914811829615
  20
50.697071994144
  10
16.704938961231672
  20
50.68716268868627
  10
16.702048900874264
  20
50.67763409119374
  10
16.643476383729237
  20
50.536206608338766
  10
16.632463289410854
  20
50.519723414962556
  10
16.61598009603464
  20
50.50871032064418
  10
16.474552613179686
  20
50.450137803499146
  10
16.46502401568716
  20
50.44724774314174
  10
16.455114710229427
  20
50.4462718925438
  10
14.855114710229424
  20
50.4462718925438
  10
14.845205404771697
  20
50.44724774314173
  10
14.835676807279171
  20
50.45013780349914
  10
14.694249324424188
  20
50.50871032064417
  10
14.677766131047974
  20
50.519723414962556
  97
1
  330
1297
  75
0
  76
1
  47
0.4128176842155181
  98
1
  10
34.90568961886538
  20
22.81183545379326
  450
0
  451
0
  460
0
  461
0
  452
1
  462
1
  453
2
  463
0
  63
5
  421
255
  463
1
  63
7
  421
16777215
  470
LINEAR
  1001
ACAD
  1010
0
  1020
0
  1030
0
  0
LWPOLYLINE
  5
1297
  100
AcDbEntity
  8
Top-Solder-Mask-Layer
  100
AcDbPolyline
  90
36
  70
1
  43
0
  10
14.66675303672959
  20
50.536206608338766
  10
14.60818051958456
  20
50.67763409119374
  10
14.60529045922715
  20
50.68716268868627
  10
14.60431460862921
  20
50.697071994144
  10
14.60431460862921
  20
53.047059294118604
  10
14.60529045922715
  20
53.05696859957633
  10
14.60818051958456
  20
53.06649719706886
  10
14.66675303672959
  20
53.20792467992381
  10
14.677763377924784
  20
53.224405119965816
  10
14.694242129963449
  20
53.23541798736993
  10
14.83566961281843
  20
53.29401590456576
  10
14.845201585943029
  20
53.296908185511064
  10
14.855114710229424
  20
53.2978847957696
  10
16.455114710229434
  20
53.2978847957696
  10
16.465027834515837
  20
53.296908185511064
  10
16.474559807640436
  20
53.294015904565754
  10
16.615987290495386
  20
53.23541798736992
  10
16.632466042534055
  20
53.224405119965816
  10
16.643476383729244
  20
53.20792467992381
  10
16.70204890087427
  20
53.06649719706886
  10
16.70493896123168
  20
53.05696859957633
  10
16.705914811829622
  20
53.047059294118604
  10
16.705914811829615
  20
50.697071994144
  10
16.704938961231672
  20
50.68716268868627
  10
16.702048900874264
  20
50.67763409119374
  10
16.643476383729237
  20
50.536206608338766
  10
16.632463289410854
  20
50.519723414962556
  10
16.61598009603464
  20
50.50871032064418
  10
16.474552613179686
  20
50.450137803499146
  10
16.46502401568716
  20
50.44724774314174
  10
16.455114710229427
  20
50.4462718925438
  10
14.855114710229424
  20
50.4462718925438
  10
14.845205404771697
  20
50.44724774314173
  10
14.835676807279171
  20
50.45013780349914
  10
14.694249324424188
  20
50.50871032064417
  10
14.677766131047974
  20
50.519723414962556
  0
HATCH
  5
1304
  100
AcDbEntity
  8
Top-Solder-Mask-Layer
  100
AcDbHatch
  10
0
  20
0
  30
0
  210
0
  220
0
  230
1
  2
SOLID
  70
1
  71
0
  91
1
  92
7
  72
0
  73
1
  93
36
  10
17.206758116739742
  20
50.536206608338766
  10
17.14818559959471
  20
50.67763409119374
  10
17.145295539237306
  20
50.68716268868627
  10
17.144319688639364
  20
50.697071994144
  10
17.14431968863937
  20
53.047059294118604
  10
17.145295539237313
  20
53.05696859957633
  10
17.148185599594722
  20
53.06649719706886
  10
17.20675811673975
  20
53.20792467992381
  10
17.217768457934945
  20
53.224405119965816
  10
17.23424720997361
  20
53.23541798736993
  10
17.37567469282859
  20
53.29401590456576
  10
17.385206665953188
  20
53.296908185511064
  10
17.395119790239587
  20
53.2978847957696
  10
18.995119790239595
  20
53.2978847957696
  10
19.005032914525998
  20
53.296908185511064
  10
19.014564887650593
  20
53.294015904565754
  10
19.155992370505547
  20
53.23541798736992
  10
19.172471122544213
  20
53.224405119965816
  10
19.1834814637394
  20
53.20792467992381
  10
19.24205398088443
  20
53.06649719706886
  10
19.24494404124184
  20
53.05696859957633
  10
19.245919891839783
  20
53.047059294118604
  10
19.245919891839776
  20
50.697071994144
  10
19.244944041241833
  20
50.68716268868627
  10
19.242053980884425
  20
50.67763409119374
  10
19.183481463739394
  20
50.536206608338766
  10
19.172468369421015
  20
50.519723414962556
  10
19.1559851760448
  20
50.50871032064418
  10
19.014557693189847
  20
50.450137803499146
  10
19.005029095697317
  20
50.44724774314174
  10
18.99511979023959
  20
50.4462718925438
  10
17.39511979023958
  20
50.4462718925438
  10
17.38521048478185
  20
50.44724774314173
  10
17.375681887289325
  20
50.45013780349914
  10
17.234254404434342
  20
50.50871032064417
  10
17.21777121105813
  20
50.519723414962556
  97
1
  330
1303
  75
0
  76
1
  47
0.4128176842155181
  98
1
  10
34.90568961886538
  20
22.81183545379326
  450
0
  451
0
  460
0
  461
0
  452
1
  462
1
  453
2
  463
0
  63
5
  421
255
  463
1
  63
7
  421
16777215
  470
LINEAR
  1001
ACAD
  1010
0
  1020
0
  1030
0
  0
LWPOLYLINE
  5
1303
  100
AcDbEntity
  8
Top-Solder-Mask-Layer
  100
AcDbPolyline
  90
36
  70
1
  43
0
  10
17.206758116739742
  20
50.536206608338766
  10
17.14818559959471
  20
50.67763409119374
  10
17.145295539237306
  20
50.68716268868627
  10
17.144319688639364
  20
50.697071994144
  10
17.14431968863937
  20
53.047059294118604
  10
17.145295539237313
  20
53.05696859957633
  10
17.148185599594722
  20
53.06649719706886
  10
17.20675811673975
  20
53.20792467992381
  10
17.217768457934945
  20
53.224405119965816
  10
17.23424720997361
  20
53.23541798736993
  10
17.37567469282859
  20
53.29401590456576
  10
17.385206665953188
  20
53.296908185511064
  10
17.395119790239587
  20
53.2978847957696
  10
18.995119790239595
  20
53.2978847957696
  10
19.005032914525998
  20
53.296908185511064
  10
19.014564887650593
  20
53.294015904565754
  10
19.155992370505547
  20
53.23541798736992
  10
19.172471122544213
  20
53.224405119965816
  10
19.1834814637394
  20
53.20792467992381
  10
19.24205398088443
  20
53.06649719706886
  10
19.24494404124184
  20
53.05696859957633
  10
19.245919891839783
  20
53.047059294118604
  10
19.245919891839776
  20
50.697071994144
  10
19.244944041241833
  20
50.68716268868627
  10
19.242053980884425
  20
50.67763409119374
  10
19.183481463739394
  20
50.536206608338766
  10
19.172468369421015
  20
50.519723414962556
  10
19.1559851760448
  20
50.50871032064418
  10
19.014557693189847
  20
50.450137803499146
  10
19.005029095697317
  20
50.44724774314174
  10
18.99511979023959
  20
50.4462718925438
  10
17.39511979023958
  20
50.4462718925438
  10
17.38521048478185
  20
50.44724774314173
  10
17.375681887289325
  20
50.45013780349914
  10
17.234254404434342
  20
50.50871032064417
  10
17.21777121105813
  20
50.519723414962556
  0
HATCH
  5
1310
  100
AcDbEntity
  8
Top-Solder-Mask-Layer
  100
AcDbHatch
  10
0
  20
0
  30
0
  210
0
  220
0
  230
1
  2
SOLID
  70
1
  71
0
  91
1
  92
7
  72
0
  73
1
  93
36
  10
19.183354463485404
  20
69.37310121027689
  10
19.241926980630435
  20
69.23167372742192
  10
19.244817040987844
  20
69.22214512992939
  10
19.245792891585786
  20
69.21223582447166
  10
19.245792891585786
  20
66.86224852449706
  10
19.244817040987844
  20
66.85233921903934
  10
19.241926980630435
  20
66.8428106215468
  10
19.183354463485404
  20
66.70138313869184
  10
19.172344122290212
  20
66.68490269864984
  10
19.155865370251547
  20
66.67388983124573
  10
19.014437887396564
  20
66.6152919140499
  10
19.004905914271966
  20
66.61239963310459
  10
18.99499278998557
  20
66.61142302284605
  10
17.394992789985587
  20
66.61142302284605
  10
17.38507966569919
  20
66.61239963310459
  10
17.375547692574592
  20
66.6152919140499
  10
17.23412020971961
  20
66.67388983124573
  10
17.217641457680944
  20
66.68490269864984
  10
17.206631116485752
  20
66.70138313869184
  10
17.14805859934072
  20
66.8428106215468
  10
17.145168538983317
  20
66.85233921903934
  10
17.14419268838537
  20
66.86224852449706
  10
17.14419268838537
  20
69.21223582447166
  10
17.145168538983317
  20
69.22214512992939
  10
17.14805859934072
  20
69.23167372742192
  10
17.206631116485752
  20
69.37310121027689
  10
17.21764421080414
  20
69.38958440365309
  10
17.234127404180352
  20
69.40059749797148
  10
17.375554887035335
  20
69.45917001511651
  10
17.38508348452786
  20
69.46206007547391
  10
17.394992789985587
  20
69.46303592607185
  10
18.99499278998557
  20
69.46303592607185
  10
19.004902095443295
  20
69.46206007547391
  10
19.01443069293582
  20
69.45917001511651
  10
19.155858175790804
  20
69.40059749797148
  10
19.172341369167018
  20
69.38958440365309
  97
1
  330
1309
  75
0
  76
1
  47
0.4128176842155181
  98
1
  10
34.90568961886538
  20
22.81183545379326
  450
0
  451
0
  460
0
  461
0
  452
1
  462
1
  453
2
  463
0
  63
5
  421
255
  463
1
  63
7
  421
16777215
  470
LINEAR
  1001
ACAD
  1010
0
  1020
0
  1030
0
  0
LWPOLYLINE
  5
1309
  100
AcDbEntity
  8
Top-Solder-Mask-Layer
  100
AcDbPolyline
  90
36
  70
1
  43
0
  10
19.183354463485404
  20
69.37310121027689
  10
19.241926980630435
  20
69.23167372742192
  10
19.244817040987844
  20
69.22214512992939
  10
19.245792891585786
  20
69.21223582447166
  10
19.245792891585786
  20
66.86224852449706
  10
19.244817040987844
  20
66.85233921903934
  10
19.241926980630435
  20
66.8428106215468
  10
19.183354463485404
  20
66.70138313869184
  10
19.172344122290212
  20
66.68490269864984
  10
19.155865370251547
  20
66.67388983124573
  10
19.014437887396564
  20
66.6152919140499
  10
19.004905914271966
  20
66.61239963310459
  10
18.99499278998557
  20
66.61142302284605
  10
17.394992789985587
  20
66.61142302284605
  10
17.38507966569919
  20
66.61239963310459
  10
17.375547692574592
  20
66.6152919140499
  10
17.23412020971961
  20
66.67388983124573
  10
17.217641457680944
  20
66.68490269864984
  10
17.206631116485752
  20
66.70138313869184
  10
17.14805859934072
  20
66.8428106215468
  10
17.145168538983317
  20
66.85233921903934
  10
17.14419268838537
  20
66.86224852449706
  10
17.14419268838537
  20
69.21223582447166
  10
17.145168538983317
  20
69.22214512992939
  10
17.14805859934072
  20
69.23167372742192
  10
17.206631116485752
  20
69.37310121027689
  10
17.21764421080414
  20
69.38958440365309
  10
17.234127404180352
  20
69.40059749797148
  10
17.375554887035335
  20
69.45917001511651
  10
17.38508348452786
  20
69.46206007547391
  10
17.394992789985587
  20
69.46303592607185
  10
18.99499278998557
  20
69.46303592607185
  10
19.004902095443295
  20
69.46206007547391
  10
19.01443069293582
  20
69.45917001511651
  10
19.155858175790804
  20
69.40059749797148
  10
19.172341369167018
  20
69.38958440365309
  0
HATCH
  5
1316
  100
AcDbEntity
  8
Top-Solder-Mask-Layer
  100
AcDbHatch
  10
0
  20
0
  30
0
  210
0
  220
0
  230
1
  2
SOLID
  70
1
  71
0
  91
1
  92
7
  72
0
  73
1
  93
36
  10
14.539828982881492
  20
66.79223912040379
  10
14.481256465736463
  20
66.93366660325876
  10
14.478366405379052
  20
66.94319520075129
  10
14.477390554781111
  20
66.95310450620902
  10
14.477390554781111
  20
69.30309180618363
  10
14.478366405379052
  20
69.31300111164137
  10
14.481256465736463
  20
69.32252970913389
  10
14.53982898288149
  20
69.46395719198885
  10
14.550839324076685
  20
69.48043763203086
  10
14.567318076115356
  20
69.49145049943496
  10
14.708745558970337
  20
69.55004841663079
  10
14.718277532094934
  20
69.55294069757609
  10
14.728190656381328
  20
69.55391730783462
  10
16.32819065638131
  20
69.55391730783462
  10
16.3381037806677
  20
69.55294069757609
  10
16.347635753792296
  20
69.55004841663079
  10
16.489063236647283
  20
69.49145049943496
  10
16.505541988685952
  20
69.48043763203086
  10
16.516552329881144
  20
69.46395719198885
  10
16.575124847026174
  20
69.32252970913389
  10
16.578014907383583
  20
69.31300111164137
  10
16.578990757981526
  20
69.30309180618363
  10
16.578990757981526
  20
66.95310450620902
  10
16.578014907383583
  20
66.94319520075129
  10
16.575124847026174
  20
66.93366660325876
  10
16.516552329881144
  20
66.79223912040379
  10
16.505539235562757
  20
66.77575592702759
  10
16.489056042186544
  20
66.7647428327092
  10
16.34762855933156
  20
66.70617031556418
  10
16.338099961839035
  20
66.70328025520676
  10
16.32819065638131
  20
66.70230440460882
  10
14.728190656381328
  20
66.70230440460882
  10
14.718281350923599
  20
66.70328025520676
  10
14.708752753431074
  20
66.70617031556418
  10
14.56732527057609
  20
66.7647428327092
  10
14.550842077199874
  20
66.77575592702759
  97
1
  330
1315
  75
0
  76
1
  47
0.4128176842155181
  98
1
  10
34.90568961886538
  20
22.81183545379326
  450
0
  451
0
  460
0
  461
0
  452
1
  462
1
  453
2
  463
0
  63
5
  421
255
  463
1
  63
7
  421
16777215
  470
LINEAR
  1001
ACAD
  1010
0
  1020
0
  1030
0
  0
LWPOLYLINE
  5
1315
  100
AcDbEntity
  8
Top-Solder-Mask-Layer
  100
AcDbPolyline
  90
36
  70
1
  43
0
  10
14.539828982881492
  20
66.79223912040379
  10
14.481256465736463
  20
66.93366660325876
  10
14.478366405379052
  20
66.94319520075129
  10
14.477390554781111
  20
66.95310450620902
  10
14.477390554781111
  20
69.30309180618363
  10
14.478366405379052
  20
69.31300111164137
  10
14.481256465736463
  20
69.32252970913389
  10
14.53982898288149
  20
69.46395719198885
  10
14.550839324076685
  20
69.48043763203086
  10
14.567318076115356
  20
69.49145049943496
  10
14.708745558970337
  20
69.55004841663079
  10
14.718277532094934
  20
69.55294069757609
  10
14.728190656381328
  20
69.55391730783462
  10
16.32819065638131
  20
69.55391730783462
  10
16.3381037806677
  20
69.55294069757609
  10
16.347635753792296
  20
69.55004841663079
  10
16.489063236647283
  20
69.49145049943496
  10
16.505541988685952
  20
69.48043763203086
  10
16.516552329881144
  20
69.46395719198885
  10
16.575124847026174
  20
69.32252970913389
  10
16.578014907383583
  20
69.31300111164137
  10
16.578990757981526
  20
69.30309180618363
  10
16.578990757981526
  20
66.95310450620902
  10
16.578014907383583
  20
66.94319520075129
  10
16.575124847026174
  20
66.93366660325876
  10
16.516552329881144
  20
66.79223912040379
  10
16.505539235562757
  20
66.77575592702759
  10
16.489056042186544
  20
66.7647428327092
  10
16.34762855933156
  20
66.70617031556418
  10
16.338099961839035
  20
66.70328025520676
  10
16.32819065638131
  20
66.70230440460882
  10
14.728190656381328
  20
66.70230440460882
  10
14.718281350923599
  20
66.70328025520676
  10
14.708752753431074
  20
66.70617031556418
  10
14.56732527057609
  20
66.7647428327092
  10
14.550842077199874
  20
66.77575592702759
  0
HATCH
  5
1322
  100
AcDbEntity
  8
Top-Solder-Mask-Layer
  100
AcDbHatch
  10
0
  20
0
  30
0
  210
0
  220
0
  230
1
  2
SOLID
  70
1
  71
0
  91
1
  92
7
  72
0
  73
1
  93
36
  10
12.12682415687184
  20
66.70130693853945
  10
12.06825163972681
  20
66.8427344213944
  10
12.0653615793694
  20
66.85226301888692
  10
12.064385728771459
  20
66.86217232434466
  10
12.064385728771459
  20
69.21215962431927
  10
12.0653615793694
  20
69.222068929777
  10
12.06825163972681
  20
69.23159752726953
  10
12.126824156871837
  20
69.3730250101245
  10
12.137834498067033
  20
69.38950545016648
  10
12.154313250105703
  20
69.4005183175706
  10
12.295740732960686
  20
69.45911623476641
  10
12.305272706085281
  20
69.46200851571173
  10
12.315185830371675
  20
69.46298512597026
  10
13.915185830371657
  20
69.46298512597026
  10
13.92509895465805
  20
69.46200851571173
  10
13.934630927782646
  20
69.45911623476641
  10
14.07605841063763
  20
69.4005183175706
  10
14.092537162676297
  20
69.38950545016648
  10
14.103547503871493
  20
69.3730250101245
  10
14.162120021016522
  20
69.23159752726953
  10
14.16501008137393
  20
69.222068929777
  10
14.165985931971873
  20
69.21215962431927
  10
14.165985931971873
  20
66.86217232434466
  10
14.16501008137393
  20
66.85226301888692
  10
14.162120021016522
  20
66.8427344213944
  10
14.103547503871495
  20
66.70130693853945
  10
14.09253440955311
  20
66.68482374516324
  10
14.076051216176896
  20
66.67381065084486
  10
13.934623733321914
  20
66.6152381336998
  10
13.925095135829386
  20
66.6123480733424
  10
13.915185830371657
  20
66.61137222274446
  10
12.315185830371675
  20
66.61137222274446
  10
12.305276524913944
  20
66.6123480733424
  10
12.295747927421418
  20
66.6152381336998
  10
12.154320444566434
  20
66.67381065084486
  10
12.137837251190222
  20
66.68482374516324
  97
1
  330
1321
  75
0
  76
1
  47
0.4128176842155181
  98
1
  10
34.90568961886538
  20
22.81183545379326
  450
0
  451
0
  460
0
  461
0
  452
1
  462
1
  453
2
  463
0
  63
5
  421
255
  463
1
  63
7
  421
16777215
  470
LINEAR
  1001
ACAD
  1010
0
  1020
0
  1030
0
  0
LWPOLYLINE
  5
1321
  100
AcDbEntity
  8
Top-Solder-Mask-Layer
  100
AcDbPolyline
  90
36
  70
1
  43
0
  10
12.12682415687184
  20
66.70130693853945
  10
12.06825163972681
  20
66.8427344213944
  10
12.0653615793694
  20
66.85226301888692
  10
12.064385728771459
  20
66.86217232434466
  10
12.064385728771459
  20
69.21215962431927
  10
12.0653615793694
  20
69.222068929777
  10
12.06825163972681
  20
69.23159752726953
  10
12.126824156871837
  20
69.3730250101245
  10
12.137834498067033
  20
69.38950545016648
  10
12.154313250105703
  20
69.4005183175706
  10
12.295740732960686
  20
69.45911623476641
  10
12.305272706085281
  20
69.46200851571173
  10
12.315185830371675
  20
69.46298512597026
  10
13.915185830371657
  20
69.46298512597026
  10
13.92509895465805
  20
69.46200851571173
  10
13.934630927782646
  20
69.45911623476641
  10
14.07605841063763
  20
69.4005183175706
  10
14.092537162676297
  20
69.38950545016648
  10
14.103547503871493
  20
69.3730250101245
  10
14.162120021016522
  20
69.23159752726953
  10
14.16501008137393
  20
69.222068929777
  10
14.165985931971873
  20
69.21215962431927
  10
14.165985931971873
  20
66.86217232434466
  10
14.16501008137393
  20
66.85226301888692
  10
14.162120021016522
  20
66.8427344213944
  10
14.103547503871495
  20
66.70130693853945
  10
14.09253440955311
  20
66.68482374516324
  10
14.076051216176896
  20
66.67381065084486
  10
13.934623733321914
  20
66.6152381336998
  10
13.925095135829386
  20
66.6123480733424
  10
13.915185830371657
  20
66.61137222274446
  10
12.315185830371675
  20
66.61137222274446
  10
12.305276524913944
  20
66.6123480733424
  10
12.295747927421418
  20
66.6152381336998
  10
12.154320444566434
  20
66.67381065084486
  10
12.137837251190222
  20
66.68482374516324
  0
HATCH
  5
1328
  100
AcDbEntity
  8
Top-Solder-Mask-Layer
  100
AcDbHatch
  10
0
  20
0
  30
0
  210
0
  220
0
  230
1
  2
SOLID
  70
1
  71
0
  91
1
  92
7
  72
0
  73
1
  93
36
  10
9.586819076861678
  20
66.70130693853945
  10
9.52824655971665
  20
66.8427344213944
  10
9.52535649935924
  20
66.85226301888692
  10
9.524380648761298
  20
66.86217232434466
  10
9.524380648761298
  20
69.21215962431927
  10
9.52535649935924
  20
69.222068929777
  10
9.52824655971665
  20
69.23159752726953
  10
9.586819076861676
  20
69.3730250101245
  10
9.597829418056874
  20
69.38950545016648
  10
9.614308170095542
  20
69.4005183175706
  10
9.755735652950525
  20
69.45911623476641
  10
9.76526762607512
  20
69.46200851571173
  10
9.775180750361514
  20
69.46298512597026
  10
11.375180750361496
  20
69.46298512597026
  10
11.38509387464789
  20
69.46200851571173
  10
11.394625847772485
  20
69.45911623476641
  10
11.53605333062747
  20
69.4005183175706
  10
11.552532082666138
  20
69.38950545016648
  10
11.563542423861332
  20
69.3730250101245
  10
11.62211494100636
  20
69.23159752726953
  10
11.625005001363771
  20
69.222068929777
  10
11.625980851961712
  20
69.21215962431927
  10
11.625980851961712
  20
66.86217232434466
  10
11.625005001363771
  20
66.85226301888692
  10
11.62211494100636
  20
66.8427344213944
  10
11.563542423861334
  20
66.70130693853945
  10
11.55252932954295
  20
66.68482374516324
  10
11.536046136166735
  20
66.67381065084486
  10
11.394618653311753
  20
66.6152381336998
  10
11.385090055819227
  20
66.6123480733424
  10
11.375180750361496
  20
66.61137222274446
  10
9.775180750361514
  20
66.61137222274446
  10
9.765271444903785
  20
66.6123480733424
  10
9.755742847411257
  20
66.6152381336998
  10
9.614315364556273
  20
66.67381065084486
  10
9.59783217118006
  20
66.68482374516324
  97
1
  330
1327
  75
0
  76
1
  47
0.4128176842155181
  98
1
  10
34.90568961886538
  20
22.81183545379326
  450
0
  451
0
  460
0
  461
0
  452
1
  462
1
  453
2
  463
0
  63
5
  421
255
  463
1
  63
7
  421
16777215
  470
LINEAR
  1001
ACAD
  1010
0
  1020
0
  1030
0
  0
LWPOLYLINE
  5
1327
  100
AcDbEntity
  8
Top-Solder-Mask-Layer
  100
AcDbPolyline
  90
36
  70
1
  43
0
  10
9.586819076861678
  20
66.70130693853945
  10
9.52824655971665
  20
66.8427344213944
  10
9.52535649935924
  20
66.85226301888692
  10
9.524380648761298
  20
66.86217232434466
  10
9.524380648761298
  20
69.21215962431927
  10
9.52535649935924
  20
69.222068929777
  10
9.52824655971665
  20
69.23159752726953
  10
9.586819076861676
  20
69.3730250101245
  10
9.597829418056874
  20
69.38950545016648
  10
9.614308170095542
  20
69.4005183175706
  10
9.755735652950525
  20
69.45911623476641
  10
9.76526762607512
  20
69.46200851571173
  10
9.775180750361514
  20
69.46298512597026
  10
11.375180750361496
  20
69.46298512597026
  10
11.38509387464789
  20
69.46200851571173
  10
11.394625847772485
  20
69.45911623476641
  10
11.53605333062747
  20
69.4005183175706
  10
11.552532082666138
  20
69.38950545016648
  10
11.563542423861332
  20
69.3730250101245
  10
11.62211494100636
  20
69.23159752726953
  10
11.625005001363771
  20
69.222068929777
  10
11.625980851961712
  20
69.21215962431927
  10
11.625980851961712
  20
66.86217232434466
  10
11.625005001363771
  20
66.85226301888692
  10
11.62211494100636
  20
66.8427344213944
  10
11.563542423861334
  20
66.70130693853945
  10
11.55252932954295
  20
66.68482374516324
  10
11.536046136166735
  20
66.67381065084486
  10
11.394618653311753
  20
66.6152381336998
  10
11.385090055819227
  20
66.6123480733424
  10
11.375180750361496
  20
66.61137222274446
  10
9.775180750361514
  20
66.61137222274446
  10
9.765271444903785
  20
66.6123480733424
  10
9.755742847411257
  20
66.6152381336998
  10
9.614315364556273
  20
66.67381065084486
  10
9.59783217118006
  20
66.68482374516324
  0
HATCH
  5
1334
  100
AcDbEntity
  8
Top-Solder-Mask-Layer
  100
AcDbHatch
  10
0
  20
0
  30
0
  210
0
  220
0
  230
1
  2
SOLID
  70
1
  71
0
  91
1
  92
7
  72
0
  73
1
  93
36
  10
7.046813996851519
  20
66.70130693853945
  10
6.988241479706489
  20
66.8427344213944
  10
6.98535141934908
  20
66.85226301888692
  10
6.984375568751139
  20
66.86217232434466
  10
6.984375568751139
  20
69.21215962431927
  10
6.98535141934908
  20
69.222068929777
  10
6.988241479706488
  20
69.23159752726953
  10
7.046813996851515
  20
69.3730250101245
  10
7.057824338046711
  20
69.38950545016648
  10
7.074303090085382
  20
69.4005183175706
  10
7.215730572940365
  20
69.45911623476641
  10
7.22526254606496
  20
69.46200851571173
  10
7.235175670351354
  20
69.46298512597026
  10
8.835175670351337
  20
69.46298512597026
  10
8.845088794637729
  20
69.46200851571173
  10
8.854620767762325
  20
69.45911623476641
  10
8.99604825061731
  20
69.4005183175706
  10
9.012527002655977
  20
69.38950545016648
  10
9.02353734385117
  20
69.3730250101245
  10
9.082109860996201
  20
69.23159752726953
  10
9.08499992135361
  20
69.222068929777
  10
9.085975771951553
  20
69.21215962431927
  10
9.085975771951553
  20
66.86217232434466
  10
9.08499992135361
  20
66.85226301888692
  10
9.082109860996201
  20
66.8427344213944
  10
9.023537343851173
  20
66.70130693853945
  10
9.01252424953279
  20
66.68482374516324
  10
8.996041056156576
  20
66.67381065084486
  10
8.854613573301593
  20
66.6152381336998
  10
8.845084975809065
  20
66.6123480733424
  10
8.835175670351337
  20
66.61137222274446
  10
7.235175670351354
  20
66.61137222274446
  10
7.225266364893624
  20
66.6123480733424
  10
7.215737767401096
  20
66.6152381336998
  10
7.0743102845461125
  20
66.67381065084486
  10
7.057827091169901
  20
66.68482374516324
  97
1
  330
1333
  75
0
  76
1
  47
0.4128176842155181
  98
1
  10
34.90568961886538
  20
22.81183545379326
  450
0
  451
0
  460
0
  461
0
  452
1
  462
1
  453
2
  463
0
  63
5
  421
255
  463
1
  63
7
  421
16777215
  470
LINEAR
  1001
ACAD
  1010
0
  1020
0
  1030
0
  0
LWPOLYLINE
  5
1333
  100
AcDbEntity
  8
Top-Solder-Mask-Layer
  100
AcDbPolyline
  90
36
  70
1
  43
0
  10
7.046813996851519
  20
66.70130693853945
  10
6.988241479706489
  20
66.8427344213944
  10
6.98535141934908
  20
66.85226301888692
  10
6.984375568751139
  20
66.86217232434466
  10
6.984375568751139
  20
69.21215962431927
  10
6.98535141934908
  20
69.222068929777
  10
6.988241479706488
  20
69.23159752726953
  10
7.046813996851515
  20
69.3730250101245
  10
7.057824338046711
  20
69.38950545016648
  10
7.074303090085382
  20
69.4005183175706
  10
7.215730572940365
  20
69.45911623476641
  10
7.22526254606496
  20
69.46200851571173
  10
7.235175670351354
  20
69.46298512597026
  10
8.835175670351337
  20
69.46298512597026
  10
8.845088794637729
  20
69.46200851571173
  10
8.854620767762325
  20
69.45911623476641
  10
8.99604825061731
  20
69.4005183175706
  10
9.012527002655977
  20
69.38950545016648
  10
9.02353734385117
  20
69.3730250101245
  10
9.082109860996201
  20
69.23159752726953
  10
9.08499992135361
  20
69.222068929777
  10
9.085975771951553
  20
69.21215962431927
  10
9.085975771951553
  20
66.86217232434466
  10
9.08499992135361
  20
66.85226301888692
  10
9.082109860996201
  20
66.8427344213944
  10
9.023537343851173
  20
66.70130693853945
  10
9.01252424953279
  20
66.68482374516324
  10
8.996041056156576
  20
66.67381065084486
  10
8.854613573301593
  20
66.6152381336998
  10
8.845084975809065
  20
66.6123480733424
  10
8.835175670351337
  20
66.61137222274446
  10
7.235175670351354
  20
66.61137222274446
  10
7.225266364893624
  20
66.6123480733424
  10
7.215737767401096
  20
66.6152381336998
  10
7.0743102845461125
  20
66.67381065084486
  10
7.057827091169901
  20
66.68482374516324
  0
HATCH
  5
1340
  100
AcDbEntity
  8
Top-Solder-Mask-Layer
  100
AcDbHatch
  10
0
  20
0
  30
0
  210
0
  220
0
  230
1
  2
SOLID
  70
1
  71
0
  91
1
  92
7
  72
0
  73
1
  93
36
  10
4.506808916841358
  20
66.70130693853945
  10
4.448236399696329
  20
66.8427344213944
  10
4.44534633933892
  20
66.85226301888692
  10
4.4443704887409785
  20
66.86217232434466
  10
4.4443704887409785
  20
69.21215962431927
  10
4.44534633933892
  20
69.222068929777
  10
4.448236399696328
  20
69.23159752726953
  10
4.506808916841354
  20
69.3730250101245
  10
4.51781925803655
  20
69.38950545016648
  10
4.534298010075222
  20
69.4005183175706
  10
4.675725492930205
  20
69.45911623476641
  10
4.685257466054799
  20
69.46200851571173
  10
4.695170590341194
  20
69.46298512597026
  10
6.295170590341176
  20
69.46298512597026
  10
6.305083714627569
  20
69.46200851571173
  10
6.314615687752164
  20
69.45911623476641
  10
6.456043170607149
  20
69.4005183175706
  10
6.472521922645819
  20
69.38950545016648
  10
6.4835322638410116
  20
69.3730250101245
  10
6.5421047809860395
  20
69.23159752726953
  10
6.544994841343449
  20
69.222068929777
  10
6.545970691941391
  20
69.21215962431927
  10
6.545970691941391
  20
66.86217232434466
  10
6.544994841343449
  20
66.85226301888692
  10
6.54210478098604
  20
66.8427344213944
  10
6.4835322638410116
  20
66.70130693853945
  10
6.472519169522629
  20
66.68482374516324
  10
6.456035976146416
  20
66.67381065084486
  10
6.314608493291433
  20
66.6152381336998
  10
6.305079895798905
  20
66.6123480733424
  10
6.295170590341176
  20
66.61137222274446
  10
4.695170590341194
  20
66.61137222274446
  10
4.685261284883464
  20
66.6123480733424
  10
4.675732687390936
  20
66.6152381336998
  10
4.534305204535952
  20
66.67381065084486
  10
4.51782201115974
  20
66.68482374516324
  97
1
  330
1339
  75
0
  76
1
  47
0.4128176842155181
  98
1
  10
34.90568961886538
  20
22.81183545379326
  450
0
  451
0
  460
0
  461
0
  452
1
  462
1
  453
2
  463
0
  63
5
  421
255
  463
1
  63
7
  421
16777215
  470
LINEAR
  1001
ACAD
  1010
0
  1020
0
  1030
0
  0
LWPOLYLINE
  5
1339
  100
AcDbEntity
  8
Top-Solder-Mask-Layer
  100
AcDbPolyline
  90
36
  70
1
  43
0
  10
4.506808916841358
  20
66.70130693853945
  10
4.448236399696329
  20
66.8427344213944
  10
4.44534633933892
  20
66.85226301888692
  10
4.4443704887409785
  20
66.86217232434466
  10
4.4443704887409785
  20
69.21215962431927
  10
4.44534633933892
  20
69.222068929777
  10
4.448236399696328
  20
69.23159752726953
  10
4.506808916841354
  20
69.3730250101245
  10
4.51781925803655
  20
69.38950545016648
  10
4.534298010075222
  20
69.4005183175706
  10
4.675725492930205
  20
69.45911623476641
  10
4.685257466054799
  20
69.46200851571173
  10
4.695170590341194
  20
69.46298512597026
  10
6.295170590341176
  20
69.46298512597026
  10
6.305083714627569
  20
69.46200851571173
  10
6.314615687752164
  20
69.45911623476641
  10
6.456043170607149
  20
69.4005183175706
  10
6.472521922645819
  20
69.38950545016648
  10
6.4835322638410116
  20
69.3730250101245
  10
6.5421047809860395
  20
69.23159752726953
  10
6.544994841343449
  20
69.222068929777
  10
6.545970691941391
  20
69.21215962431927
  10
6.545970691941391
  20
66.86217232434466
  10
6.544994841343449
  20
66.85226301888692
  10
6.54210478098604
  20
66.8427344213944
  10
6.4835322638410116
  20
66.70130693853945
  10
6.472519169522629
  20
66.68482374516324
  10
6.456035976146416
  20
66.67381065084486
  10
6.314608493291433
  20
66.6152381336998
  10
6.305079895798905
  20
66.6123480733424
  10
6.295170590341176
  20
66.61137222274446
  10
4.695170590341194
  20
66.61137222274446
  10
4.685261284883464
  20
66.6123480733424
  10
4.675732687390936
  20
66.6152381336998
  10
4.534305204535952
  20
66.67381065084486
  10
4.51782201115974
  20
66.68482374516324
  0
HATCH
  5
1346
  100
AcDbEntity
  8
Top-Solder-Mask-Layer
  100
AcDbHatch
  10
0
  20
0
  30
0
  210
0
  220
0
  230
1
  2
SOLID
  70
1
  71
0
  91
1
  92
7
  72
0
  73
1
  93
36
  10
1.9668038368311984
  20
66.70130693853945
  10
1.9082313196861689
  20
66.8427344213944
  10
1.9053412593287595
  20
66.85226301888692
  10
1.9043654087308182
  20
66.86217232434466
  10
1.9043654087308182
  20
69.21215962431927
  10
1.9053412593287595
  20
69.222068929777
  10
1.9082313196861682
  20
69.23159752726953
  10
1.9668038368311958
  20
69.3730250101245
  10
1.9778141780263907
  20
69.38950545016648
  10
1.9942929300650618
  20
69.4005183175706
  10
2.135720412920045
  20
69.45911623476641
  10
2.1452523860446395
  20
69.46200851571173
  10
2.155165510331033
  20
69.46298512597026
  10
3.755165510331015
  20
69.46298512597026
  10
3.7650786346174088
  20
69.46200851571173
  10
3.7746106077420043
  20
69.45911623476641
  10
3.916038090596989
  20
69.4005183175706
  10
3.9325168426356583
  20
69.38950545016648
  10
3.943527183830851
  20
69.3730250101245
  10
4.002099700975879
  20
69.23159752726953
  10
4.004989761333289
  20
69.222068929777
  10
4.005965611931231
  20
69.21215962431927
  10
4.005965611931231
  20
66.86217232434466
  10
4.004989761333289
  20
66.85226301888692
  10
4.002099700975879
  20
66.8427344213944
  10
3.943527183830851
  20
66.70130693853945
  10
3.932514089512468
  20
66.68482374516324
  10
3.916030896136255
  20
66.67381065084486
  10
3.7746034132812727
  20
66.6152381336998
  10
3.7650748157887444
  20
66.6123480733424
  10
3.755165510331015
  20
66.61137222274446
  10
2.155165510331033
  20
66.61137222274446
  10
2.1452562048733044
  20
66.6123480733424
  10
2.135727607380776
  20
66.6152381336998
  10
1.9943001245257923
  20
66.67381065084486
  10
1.9778169311495803
  20
66.68482374516324
  97
1
  330
1345
  75
0
  76
1
  47
0.4128176842155181
  98
1
  10
34.90568961886538
  20
22.81183545379326
  450
0
  451
0
  460
0
  461
0
  452
1
  462
1
  453
2
  463
0
  63
5
  421
255
  463
1
  63
7
  421
16777215
  470
LINEAR
  1001
ACAD
  1010
0
  1020
0
  1030
0
  0
LWPOLYLINE
  5
1345
  100
AcDbEntity
  8
Top-Solder-Mask-Layer
  100
AcDbPolyline
  90
36
  70
1
  43
0
  10
1.9668038368311984
  20
66.70130693853945
  10
1.9082313196861689
  20
66.8427344213944
  10
1.9053412593287595
  20
66.85226301888692
  10
1.9043654087308182
  20
66.86217232434466
  10
1.9043654087308182
  20
69.21215962431927
  10
1.9053412593287595
  20
69.222068929777
  10
1.9082313196861682
  20
69.23159752726953
  10
1.9668038368311958
  20
69.3730250101245
  10
1.9778141780263907
  20
69.38950545016648
  10
1.9942929300650618
  20
69.4005183175706
  10
2.135720412920045
  20
69.45911623476641
  10
2.1452523860446395
  20
69.46200851571173
  10
2.155165510331033
  20
69.46298512597026
  10
3.755165510331015
  20
69.46298512597026
  10
3.7650786346174088
  20
69.46200851571173
  10
3.7746106077420043
  20
69.45911623476641
  10
3.916038090596989
  20
69.4005183175706
  10
3.9325168426356583
  20
69.38950545016648
  10
3.943527183830851
  20
69.3730250101245
  10
4.002099700975879
  20
69.23159752726953
  10
4.004989761333289
  20
69.222068929777
  10
4.005965611931231
  20
69.21215962431927
  10
4.005965611931231
  20
66.86217232434466
  10
4.004989761333289
  20
66.85226301888692
  10
4.002099700975879
  20
66.8427344213944
  10
3.943527183830851
  20
66.70130693853945
  10
3.932514089512468
  20
66.68482374516324
  10
3.916030896136255
  20
66.67381065084486
  10
3.7746034132812727
  20
66.6152381336998
  10
3.7650748157887444
  20
66.6123480733424
  10
3.755165510331015
  20
66.61137222274446
  10
2.155165510331033
  20
66.61137222274446
  10
2.1452562048733044
  20
66.6123480733424
  10
2.135727607380776
  20
66.6152381336998
  10
1.9943001245257923
  20
66.67381065084486
  10
1.9778169311495803
  20
66.68482374516324
  0
HATCH
  5
1353
  100
AcDbEntity
  8
Top-Solder-Mask-Layer
  100
AcDbHatch
  10
0
  20
0
  30
0
  210
0
  220
0
  230
1
  2
SOLID
  70
1
  71
0
  91
1
  92
7
  72
1
  73
1
  93
2
  10
5.864271428542858
  20
64.95566991133983
  42
1
  10
7.665871631743264
  20
64.95566991133983
  42
1
  97
1
  330
1352
  75
0
  76
1
  47
0.8681437583925616
  98
1
  10
3.629517071192367
  20
33.92795499968543
  450
0
  451
0
  460
0
  461
0
  452
1
  462
1
  453
2
  463
0
  63
5
  421
255
  463
1
  63
7
  421
16777215
  470
LINEAR
  1001
ACAD
  1010
0
  1020
0
  1030
0
  0
LWPOLYLINE
  5
1354
  100
AcDbEntity
  8
Top-Solder-Mask-Layer
  100
AcDbPolyline
  90
2
  70
1
  43
0
  10
5.864271428542858
  20
64.95566991133983
  42
1
  10
7.665871631743264
  20
64.95566991133983
  42
1
  0
HATCH
  5
1362
  100
AcDbEntity
  8
Top-Solder-Mask-Layer
  100
AcDbHatch
  10
0
  20
0
  30
0
  210
0
  220
0
  230
1
  2
SOLID
  70
1
  71
0
  91
1
  92
7
  72
1
  73
1
  93
2
  10
8.404276508553018
  20
64.95566991133983
  42
1
  10
10.205876711753426
  20
64.95566991133983
  42
1
  97
1
  330
1361
  75
0
  76
1
  47
0.8681437583925616
  98
1
  10
3.629517071192367
  20
33.92795499968543
  450
0
  451
0
  460
0
  461
0
  452
1
  462
1
  453
2
  463
0
  63
5
  421
255
  463
1
  63
7
  421
16777215
  470
LINEAR
  1001
ACAD
  1010
0
  1020
0
  1030
0
  0
LWPOLYLINE
  5
1363
  100
AcDbEntity
  8
Top-Solder-Mask-Layer
  100
AcDbPolyline
  90
2
  70
1
  43
0
  10
8.404276508553018
  20
64.95566991133983
  42
1
  10
10.205876711753424
  20
64.95566991133983
  42
1
  0
HATCH
  5
1371
  100
AcDbEntity
  8
Top-Solder-Mask-Layer
  100
AcDbHatch
  10
0
  20
0
  30
0
  210
0
  220
0
  230
1
  2
SOLID
  70
1
  71
0
  91
1
  92
7
  72
1
  73
1
  93
2
  10
10.944281588563177
  20
64.95566991133983
  42
1
  10
12.745881791763585
  20
64.95566991133983
  42
1
  97
1
  330
1370
  75
0
  76
1
  47
0.8681437583925616
  98
1
  10
3.629517071192367
  20
33.92795499968543
  450
0
  451
0
  460
0
  461
0
  452
1
  462
1
  453
2
  463
0
  63
5
  421
255
  463
1
  63
7
  421
16777215
  470
LINEAR
  1001
ACAD
  1010
0
  1020
0
  1030
0
  0
LWPOLYLINE
  5
1372
  100
AcDbEntity
  8
Top-Solder-Mask-Layer
  100
AcDbPolyline
  90
2
  70
1
  43
0
  10
10.944281588563179
  20
64.95566991133983
  42
1
  10
12.745881791763585
  20
64.95566991133983
  42
1
  0
HATCH
  5
1380
  100
AcDbEntity
  8
Top-Solder-Mask-Layer
  100
AcDbHatch
  10
0
  20
0
  30
0
  210
0
  220
0
  230
1
  2
SOLID
  70
1
  71
0
  91
1
  92
7
  72
1
  73
1
  93
2
  10
13.484286668573338
  20
64.95566991133983
  42
1
  10
15.285886871773746
  20
64.95566991133983
  42
1
  97
1
  330
1379
  75
0
  76
1
  47
0.8681437583925616
  98
1
  10
3.629517071192367
  20
33.92795499968543
  450
0
  451
0
  460
0
  461
0
  452
1
  462
1
  453
2
  463
0
  63
5
  421
255
  463
1
  63
7
  421
16777215
  470
LINEAR
  1001
ACAD
  1010
0
  1020
0
  1030
0
  0
LWPOLYLINE
  5
1381
  100
AcDbEntity
  8
Top-Solder-Mask-Layer
  100
AcDbPolyline
  90
2
  70
1
  43
0
  10
13.484286668573338
  20
64.95566991133983
  42
1
  10
15.285886871773746
  20
64.95566991133983
  42
1
  0
HATCH
  5
1389
  100
AcDbEntity
  8
Top-Solder-Mask-Layer
  100
AcDbHatch
  10
0
  20
0
  30
0
  210
0
  220
0
  230
1
  2
SOLID
  70
1
  71
0
  91
1
  92
7
  72
1
  73
1
  93
2
  10
13.484286668573338
  20
54.79564959129919
  42
1
  10
15.285886871773746
  20
54.79564959129919
  42
1
  97
1
  330
1388
  75
0
  76
1
  47
0.8681437583925616
  98
1
  10
3.629517071192367
  20
33.92795499968543
  450
0
  451
0
  460
0
  461
0
  452
1
  462
1
  453
2
  463
0
  63
5
  421
255
  463
1
  63
7
  421
16777215
  470
LINEAR
  1001
ACAD
  1010
0
  1020
0
  1030
0
  0
LWPOLYLINE
  5
1390
  100
AcDbEntity
  8
Top-Solder-Mask-Layer
  100
AcDbPolyline
  90
2
  70
1
  43
0
  10
13.484286668573338
  20
54.79564959129919
  42
1
  10
15.285886871773746
  20
54.79564959129919
  42
1
  0
HATCH
  5
1398
  100
AcDbEntity
  8
Top-Solder-Mask-Layer
  100
AcDbHatch
  10
0
  20
0
  30
0
  210
0
  220
0
  230
1
  2
SOLID
  70
1
  71
0
  91
1
  92
7
  72
1
  73
1
  93
2
  10
10.944281588563177
  20
54.79564959129919
  42
1
  10
12.745881791763585
  20
54.79564959129919
  42
1
  97
1
  330
1397
  75
0
  76
1
  47
0.8681437583925616
  98
1
  10
3.629517071192367
  20
33.92795499968543
  450
0
  451
0
  460
0
  461
0
  452
1
  462
1
  453
2
  463
0
  63
5
  421
255
  463
1
  63
7
  421
16777215
  470
LINEAR
  1001
ACAD
  1010
0
  1020
0
  1030
0
  0
LWPOLYLINE
  5
1399
  100
AcDbEntity
  8
Top-Solder-Mask-Layer
  100
AcDbPolyline
  90
2
  70
1
  43
0
  10
10.944281588563179
  20
54.79564959129919
  42
1
  10
12.745881791763585
  20
54.79564959129919
  42
1
  0
HATCH
  5
1407
  100
AcDbEntity
  8
Top-Solder-Mask-Layer
  100
AcDbHatch
  10
0
  20
0
  30
0
  210
0
  220
0
  230
1
  2
SOLID
  70
1
  71
0
  91
1
  92
7
  72
1
  73
1
  93
2
  10
8.404276508553018
  20
54.79564959129919
  42
1
  10
10.205876711753426
  20
54.79564959129919
  42
1
  97
1
  330
1406
  75
0
  76
1
  47
0.8681437583925616
  98
1
  10
3.629517071192367
  20
33.92795499968543
  450
0
  451
0
  460
0
  461
0
  452
1
  462
1
  453
2
  463
0
  63
5
  421
255
  463
1
  63
7
  421
16777215
  470
LINEAR
  1001
ACAD
  1010
0
  1020
0
  1030
0
  0
LWPOLYLINE
  5
1408
  100
AcDbEntity
  8
Top-Solder-Mask-Layer
  100
AcDbPolyline
  90
2
  70
1
  43
0
  10
8.404276508553018
  20
54.79564959129919
  42
1
  10
10.205876711753424
  20
54.79564959129919
  42
1
  0
HATCH
  5
1416
  100
AcDbEntity
  8
Top-Solder-Mask-Layer
  100
AcDbHatch
  10
0
  20
0
  30
0
  210
0
  220
0
  230
1
  2
SOLID
  70
1
  71
0
  91
1
  92
7
  72
1
  73
1
  93
2
  10
5.864271428542858
  20
54.79564959129919
  42
1
  10
7.665871631743264
  20
54.79564959129919
  42
1
  97
1
  330
1415
  75
0
  76
1
  47
0.8681437583925616
  98
1
  10
3.629517071192367
  20
33.92795499968543
  450
0
  451
0
  460
0
  461
0
  452
1
  462
1
  453
2
  463
0
  63
5
  421
255
  463
1
  63
7
  421
16777215
  470
LINEAR
  1001
ACAD
  1010
0
  1020
0
  1030
0
  0
LWPOLYLINE
  5
1417
  100
AcDbEntity
  8
Top-Solder-Mask-Layer
  100
AcDbPolyline
  90
2
  70
1
  43
0
  10
5.864271428542858
  20
54.79564959129919
  42
1
  10
7.665871631743264
  20
54.79564959129919
  42
1
  0
HATCH
  5
1425
  100
AcDbEntity
  8
Top-Solder-Mask-Layer
  100
AcDbHatch
  10
0
  20
0
  30
0
  210
0
  220
0
  230
1
  2
SOLID
  70
1
  71
0
  91
1
  92
7
  72
1
  73
1
  93
2
  10
1.0242917485835101
  20
58.684651369302756
  42
1
  10
2.8258919517839165
  20
58.684651369302756
  42
1
  97
1
  330
1424
  75
0
  76
1
  47
0.8681437583925616
  98
1
  10
3.629517071192367
  20
33.92795499968543
  450
0
  451
0
  460
0
  461
0
  452
1
  462
1
  453
2
  463
0
  63
5
  421
255
  463
1
  63
7
  421
16777215
  470
LINEAR
  1001
ACAD
  1010
0
  1020
0
  1030
0
  0
LWPOLYLINE
  5
1426
  100
AcDbEntity
  8
Top-Solder-Mask-Layer
  100
AcDbPolyline
  90
4
  70
0
  43
0
  10
1.02429174858351
  20
58.684651372955585
  42
1
  10
2.8258919517839165
  20
58.68465136428768
  10
2.8258919517839165
  20
58.68465136564993
  42
1
  10
1.0242917485835101
  20
58.68465137431782
  0
HATCH
  5
1434
  100
AcDbEntity
  8
Top-Solder-Mask-Layer
  100
AcDbHatch
  10
0
  20
0
  30
0
  210
0
  220
0
  230
1
  2
SOLID
  70
1
  71
0
  91
1
  92
7
  72
1
  73
1
  93
2
  10
1.0242917485835101
  20
61.22465644931292
  42
1
  10
2.8258919517839165
  20
61.22465644931292
  42
1
  97
1
  330
1433
  75
0
  76
1
  47
0.8681437583925616
  98
1
  10
3.629517071192367
  20
33.92795499968543
  450
0
  451
0
  460
0
  461
0
  452
1
  462
1
  453
2
  463
0
  63
5
  421
255
  463
1
  63
7
  421
16777215
  470
LINEAR
  1001
ACAD
  1010
0
  1020
0
  1030
0
  0
LWPOLYLINE
  5
1435
  100
AcDbEntity
  8
Top-Solder-Mask-Layer
  100
AcDbPolyline
  90
4
  70
0
  43
0
  10
1.02429174858351
  20
61.224656452965746
  42
1
  10
2.8258919517839165
  20
61.22465644429784
  10
2.8258919517839165
  20
61.22465644566009
  42
1
  10
1.0242917485835101
  20
61.224656454327985
  0
HATCH
  5
1443
  100
AcDbEntity
  8
Top-Solder-Mask-Layer
  100
AcDbHatch
  10
0
  20
0
  30
0
  210
0
  220
0
  230
1
  2
SOLID
  70
1
  71
0
  91
1
  92
7
  72
1
  73
1
  93
2
  10
3.5642968285936707
  20
58.684651369302756
  42
1
  10
5.365897031794077
  20
58.684651369302756
  42
1
  97
1
  330
1442
  75
0
  76
1
  47
0.8681437583925616
  98
1
  10
3.629517071192367
  20
33.92795499968543
  450
0
  451
0
  460
0
  461
0
  452
1
  462
1
  453
2
  463
0
  63
5
  421
255
  463
1
  63
7
  421
16777215
  470
LINEAR
  1001
ACAD
  1010
0
  1020
0
  1030
0
  0
LWPOLYLINE
  5
1444
  100
AcDbEntity
  8
Top-Solder-Mask-Layer
  100
AcDbPolyline
  90
2
  70
1
  43
0
  10
3.5642968285936703
  20
58.684651369302756
  42
1
  10
5.365897031794077
  20
58.684651369302756
  42
1
  0
HATCH
  5
1452
  100
AcDbEntity
  8
Top-Solder-Mask-Layer
  100
AcDbHatch
  10
0
  20
0
  30
0
  210
0
  220
0
  230
1
  2
SOLID
  70
1
  71
0
  91
1
  92
7
  72
1
  73
1
  93
2
  10
3.5642968285936707
  20
61.22465644931292
  42
1
  10
5.365897031794077
  20
61.22465644931292
  42
1
  97
1
  330
1451
  75
0
  76
1
  47
0.8681437583925616
  98
1
  10
3.629517071192367
  20
33.92795499968543
  450
0
  451
0
  460
0
  461
0
  452
1
  462
1
  453
2
  463
0
  63
5
  421
255
  463
1
  63
7
  421
16777215
  470
LINEAR
  1001
ACAD
  1010
0
  1020
0
  1030
0
  0
LWPOLYLINE
  5
1453
  100
AcDbEntity
  8
Top-Solder-Mask-Layer
  100
AcDbPolyline
  90
2
  70
1
  43
0
  10
3.5642968285936703
  20
61.22465644931292
  42
1
  10
5.365897031794077
  20
61.22465644931292
  42
1
  0
HATCH
  5
1461
  100
AcDbEntity
  8
Top-Solder-Mask-Layer
  100
AcDbHatch
  10
0
  20
0
  30
0
  210
0
  220
0
  230
1
  2
SOLID
  70
1
  71
0
  91
1
  92
7
  72
1
  73
1
  93
2
  10
6.104301908603831
  20
58.684651369302756
  42
1
  10
7.905902111804237
  20
58.684651369302756
  42
1
  97
1
  330
1460
  75
0
  76
1
  47
0.8681437583925616
  98
1
  10
3.629517071192367
  20
33.92795499968543
  450
0
  451
0
  460
0
  461
0
  452
1
  462
1
  453
2
  463
0
  63
5
  421
255
  463
1
  63
7
  421
16777215
  470
LINEAR
  1001
ACAD
  1010
0
  1020
0
  1030
0
  0
LWPOLYLINE
  5
1462
  100
AcDbEntity
  8
Top-Solder-Mask-Layer
  100
AcDbPolyline
  90
2
  70
1
  43
0
  10
6.104301908603831
  20
58.684651369302756
  42
1
  10
7.905902111804237
  20
58.684651369302756
  42
1
  0
HATCH
  5
1470
  100
AcDbEntity
  8
Top-Solder-Mask-Layer
  100
AcDbHatch
  10
0
  20
0
  30
0
  210
0
  220
0
  230
1
  2
SOLID
  70
1
  71
0
  91
1
  92
7
  72
1
  73
1
  93
2
  10
6.104301908603831
  20
61.22465644931292
  42
1
  10
7.905902111804237
  20
61.22465644931292
  42
1
  97
1
  330
1469
  75
0
  76
1
  47
0.8681437583925616
  98
1
  10
3.629517071192367
  20
33.92795499968543
  450
0
  451
0
  460
0
  461
0
  452
1
  462
1
  453
2
  463
0
  63
5
  421
255
  463
1
  63
7
  421
16777215
  470
LINEAR
  1001
ACAD
  1010
0
  1020
0
  1030
0
  0
LWPOLYLINE
  5
1471
  100
AcDbEntity
  8
Top-Solder-Mask-Layer
  100
AcDbPolyline
  90
2
  70
1
  43
0
  10
6.104301908603831
  20
61.22465644931292
  42
1
  10
7.905902111804237
  20
61.22465644931292
  42
1
  0
HATCH
  5
1479
  100
AcDbEntity
  8
Top-Solder-Mask-Layer
  100
AcDbHatch
  10
0
  20
0
  30
0
  210
0
  220
0
  230
1
  2
SOLID
  70
1
  71
0
  91
1
  92
7
  72
1
  73
1
  93
2
  10
8.644306988613991
  20
58.684651369302756
  42
1
  10
10.445907191814399
  20
58.684651369302756
  42
1
  97
1
  330
1478
  75
0
  76
1
  47
0.8681437583925616
  98
1
  10
3.629517071192367
  20
33.92795499968543
  450
0
  451
0
  460
0
  461
0
  452
1
  462
1
  453
2
  463
0
  63
5
  421
255
  463
1
  63
7
  421
16777215
  470
LINEAR
  1001
ACAD
  1010
0
  1020
0
  1030
0
  0
LWPOLYLINE
  5
1480
  100
AcDbEntity
  8
Top-Solder-Mask-Layer
  100
AcDbPolyline
  90
2
  70
1
  43
0
  10
8.644306988613991
  20
58.684651369302756
  42
1
  10
10.445907191814397
  20
58.684651369302756
  42
1
  0
HATCH
  5
1488
  100
AcDbEntity
  8
Top-Solder-Mask-Layer
  100
AcDbHatch
  10
0
  20
0
  30
0
  210
0
  220
0
  230
1
  2
SOLID
  70
1
  71
0
  91
1
  92
7
  72
1
  73
1
  93
2
  10
8.644306988613991
  20
61.22465644931292
  42
1
  10
10.445907191814399
  20
61.22465644931292
  42
1
  97
1
  330
1487
  75
0
  76
1
  47
0.8681437583925616
  98
1
  10
3.629517071192367
  20
33.92795499968543
  450
0
  451
0
  460
0
  461
0
  452
1
  462
1
  453
2
  463
0
  63
5
  421
255
  463
1
  63
7
  421
16777215
  470
LINEAR
  1001
ACAD
  1010
0
  1020
0
  1030
0
  0
LWPOLYLINE
  5
1489
  100
AcDbEntity
  8
Top-Solder-Mask-Layer
  100
AcDbPolyline
  90
2
  70
1
  43
0
  10
8.644306988613991
  20
61.22465644931292
  42
1
  10
10.445907191814397
  20
61.22465644931292
  42
1
  0
HATCH
  5
1496
  100
AcDbEntity
  8
Top-Solder-Mask-Layer
  100
AcDbHatch
  10
0
  20
0
  30
0
  210
0
  220
0
  230
1
  2
SOLID
  70
1
  71
0
  91
1
  92
7
  72
0
  73
1
  93
36
  10
16.787093063589214
  20
58.389860512180334
  10
16.709292707988485
  20
58.3576532477658
  10
16.69976747703308
  20
58.35476540094552
  10
16.689861979723958
  20
58.35379030758064
  10
14.409851819703633
  20
58.35379030758064
  10
14.399943447210184
  20
58.35476597263488
  10
14.390415674458932
  20
58.35765549061674
  10
14.312640718909023
  20
58.389862755031274
  10
14.296153695025078
  20
58.400878650190684
  10
14.285139702738691
  20
58.417366945330826
  10
14.252932438324162
  20
58.495167300931534
  10
14.250044591503872
  20
58.50469253188694
  10
14.249069498138992
  20
58.514598029196065
  10
14.249069498138992
  20
59.39458278916558
  10
14.250044591503872
  20
59.4044882864747
  10
14.25293243832416
  20
59.414013517430114
  10
14.28513970273869
  20
59.49181387303083
  10
14.296153695025078
  20
59.50830216817097
  10
14.312640718909023
  20
59.519318063330395
  10
14.390415674458932
  20
59.551525327744926
  10
14.399943447210184
  20
59.55441484572679
  10
14.409851819703633
  20
59.55539051078103
  10
16.689861979723958
  20
59.55539051078103
  10
16.69976747703308
  20
59.554415417416145
  10
16.709292707988485
  20
59.551527570595866
  10
16.787093063589214
  20
59.519320306181335
  10
16.803583431651163
  20
59.508304241092766
  10
16.814599496739728
  20
59.491813873030814
  10
16.846806761154227
  20
59.4140135174301
  10
16.84969460797451
  20
59.404488286474695
  10
16.850669701339392
  20
59.39458278916558
  10
16.850669701339392
  20
58.514598029196065
  10
16.849694607974513
  20
58.504692531886946
  10
16.846806761154227
  20
58.49516730093155
  10
16.814599496739728
  20
58.41736694533084
  10
16.80358343165116
  20
58.4008765772689
  97
1
  330
1495
  75
0
  76
1
  47
0.4128176842155181
  98
1
  10
34.90568961886538
  20
22.81183545379326
  450
0
  451
0
  460
0
  461
0
  452
1
  462
1
  453
2
  463
0
  63
5
  421
255
  463
1
  63
7
  421
16777215
  470
LINEAR
  1001
ACAD
  1010
0
  1020
0
  1030
0
  0
LWPOLYLINE
  5
1495
  100
AcDbEntity
  8
Top-Solder-Mask-Layer
  100
AcDbPolyline
  90
36
  70
1
  43
0
  10
16.787093063589214
  20
58.389860512180334
  10
16.709292707988485
  20
58.3576532477658
  10
16.69976747703308
  20
58.35476540094552
  10
16.689861979723958
  20
58.35379030758064
  10
14.409851819703633
  20
58.35379030758064
  10
14.399943447210184
  20
58.35476597263488
  10
14.390415674458932
  20
58.35765549061674
  10
14.312640718909023
  20
58.389862755031274
  10
14.296153695025078
  20
58.400878650190684
  10
14.285139702738691
  20
58.417366945330826
  10
14.252932438324162
  20
58.495167300931534
  10
14.250044591503872
  20
58.50469253188694
  10
14.249069498138992
  20
58.514598029196065
  10
14.249069498138992
  20
59.39458278916558
  10
14.250044591503872
  20
59.4044882864747
  10
14.25293243832416
  20
59.414013517430114
  10
14.28513970273869
  20
59.49181387303083
  10
14.296153695025078
  20
59.50830216817097
  10
14.312640718909023
  20
59.519318063330395
  10
14.390415674458932
  20
59.551525327744926
  10
14.399943447210184
  20
59.55441484572679
  10
14.409851819703633
  20
59.55539051078103
  10
16.689861979723958
  20
59.55539051078103
  10
16.69976747703308
  20
59.554415417416145
  10
16.709292707988485
  20
59.551527570595866
  10
16.787093063589214
  20
59.519320306181335
  10
16.803583431651163
  20
59.508304241092766
  10
16.814599496739728
  20
59.491813873030814
  10
16.846806761154227
  20
59.4140135174301
  10
16.84969460797451
  20
59.404488286474695
  10
16.850669701339392
  20
59.39458278916558
  10
16.850669701339392
  20
58.514598029196065
  10
16.849694607974513
  20
58.504692531886946
  10
16.846806761154227
  20
58.49516730093155
  10
16.814599496739728
  20
58.41736694533084
  10
16.80358343165116
  20
58.4008765772689
  0
HATCH
  5
1502
  100
AcDbEntity
  8
Top-Solder-Mask-Layer
  100
AcDbHatch
  10
0
  20
0
  30
0
  210
0
  220
0
  230
1
  2
SOLID
  70
1
  71
0
  91
1
  92
7
  72
0
  73
1
  93
36
  10
16.78710614332982
  20
60.38989132902857
  10
16.70930578772909
  20
60.35765866456324
  10
16.69977441957857
  20
60.354766781666164
  10
16.689861979723958
  20
60.353790307580624
  10
14.409851819703633
  20
60.353790307580624
  10
14.39993650314123
  20
60.3547673540752
  10
14.390402592323492
  20
60.35766091017533
  10
14.312627636773584
  20
60.38989357464067
  10
14.296150761756717
  20
60.40090698408799
  10
14.285141945589634
  20
60.41738692840146
  10
14.252934681175104
  20
60.495161883951376
  10
14.250045163193239
  20
60.504689656702624
  10
14.249069498138992
  20
60.51459802919607
  10
14.249069498138992
  20
61.39458278916559
  10
14.250044591503872
  20
61.40448828647471
  10
14.25293243832416
  20
61.41401351743012
  10
14.28513970273869
  20
61.491813873030836
  10
14.296153695025078
  20
61.50830216817098
  10
14.312640718909023
  20
61.5193180633304
  10
14.390415674458932
  20
61.551525327744926
  10
14.399943447210184
  20
61.5544148457268
  10
14.409851819703633
  20
61.55539051078104
  10
16.689861979723958
  20
61.55539051078104
  10
16.69976747703308
  20
61.55441541741615
  10
16.709292707988485
  20
61.551527570595866
  10
16.787093063589214
  20
61.51932030618134
  10
16.803583431651163
  20
61.50830424109277
  10
16.814599496739728
  20
61.49181387303082
  10
16.846806761154227
  20
61.41401351743011
  10
16.84969460797451
  20
61.4044882864747
  10
16.850669701339392
  20
61.39458278916559
  10
16.850669701339392
  20
60.51459802919607
  10
16.849694036285143
  20
60.50468965670263
  10
16.846804518303284
  20
60.49516188395139
  10
16.814597253888785
  20
60.41738692840148
  10
16.803586363933086
  20
60.400904909841
  97
1
  330
1501
  75
0
  76
1
  47
0.4128176842155181
  98
1
  10
34.90568961886538
  20
22.81183545379326
  450
0
  451
0
  460
0
  461
0
  452
1
  462
1
  453
2
  463
0
  63
5
  421
255
  463
1
  63
7
  421
16777215
  470
LINEAR
  1001
ACAD
  1010
0
  1020
0
  1030
0
  0
LWPOLYLINE
  5
1501
  100
AcDbEntity
  8
Top-Solder-Mask-Layer
  100
AcDbPolyline
  90
36
  70
1
  43
0
  10
16.78710614332982
  20
60.38989132902857
  10
16.70930578772909
  20
60.35765866456324
  10
16.69977441957857
  20
60.354766781666164
  10
16.689861979723958
  20
60.353790307580624
  10
14.409851819703633
  20
60.353790307580624
  10
14.39993650314123
  20
60.3547673540752
  10
14.390402592323492
  20
60.35766091017533
  10
14.312627636773584
  20
60.38989357464067
  10
14.296150761756717
  20
60.40090698408799
  10
14.285141945589634
  20
60.41738692840146
  10
14.252934681175104
  20
60.495161883951376
  10
14.250045163193239
  20
60.504689656702624
  10
14.249069498138992
  20
60.51459802919607
  10
14.249069498138992
  20
61.39458278916559
  10
14.250044591503872
  20
61.40448828647471
  10
14.25293243832416
  20
61.41401351743012
  10
14.28513970273869
  20
61.491813873030836
  10
14.296153695025078
  20
61.50830216817098
  10
14.312640718909023
  20
61.5193180633304
  10
14.390415674458932
  20
61.551525327744926
  10
14.399943447210184
  20
61.5544148457268
  10
14.409851819703633
  20
61.55539051078104
  10
16.689861979723958
  20
61.55539051078104
  10
16.69976747703308
  20
61.55441541741615
  10
16.709292707988485
  20
61.551527570595866
  10
16.787093063589214
  20
61.51932030618134
  10
16.803583431651163
  20
61.50830424109277
  10
16.814599496739728
  20
61.49181387303082
  10
16.846806761154227
  20
61.41401351743011
  10
16.84969460797451
  20
61.4044882864747
  10
16.850669701339392
  20
61.39458278916559
  10
16.850669701339392
  20
60.51459802919607
  10
16.849694036285143
  20
60.50468965670263
  10
16.846804518303284
  20
60.49516188395139
  10
16.814597253888785
  20
60.41738692840148
  10
16.803586363933086
  20
60.400904909841
  0
HATCH
  5
1508
  100
AcDbEntity
  8
Top-Solder-Mask-Layer
  100
AcDbHatch
  10
0
  20
0
  30
0
  210
0
  220
0
  230
1
  2
SOLID
  70
1
  71
0
  91
1
  92
7
  72
0
  73
1
  93
36
  10
21.215218094510632
  20
55.22593155508665
  10
21.144504353083153
  20
55.196645296514134
  10
21.134975755590627
  20
55.193755236156726
  10
21.1250664501329
  20
55.19277938555879
  10
19.025066450132908
  20
55.19277938555879
  10
19.015157144675182
  20
55.19375523615672
  10
19.005628547182653
  20
55.19664529651413
  10
18.934914805755163
  20
55.225931555086646
  10
18.918431612378942
  20
55.23694464940503
  10
18.90741851806056
  20
55.25342784278126
  10
18.87813225948806
  20
55.324141584208746
  10
18.875242199130653
  20
55.33367018170127
  10
18.87426634853271
  20
55.34357948715899
  10
18.87426634853271
  20
56.14357948715898
  10
18.875242199130653
  20
56.1534887926167
  10
18.87813225948806
  20
56.163017390109225
  10
18.90741851806056
  20
56.233731131536715
  10
18.918431612378942
  20
56.250214324912946
  10
18.934914805755163
  20
56.26122741923133
  10
19.005628547182653
  20
56.290513677803844
  10
19.015157144675182
  20
56.29340373816126
  10
19.025066450132908
  20
56.29437958875919
  10
21.1250664501329
  20
56.29437958875919
  10
21.134975755590627
  20
56.29340373816125
  10
21.144504353083153
  20
56.29051367780384
  10
21.215218094510632
  20
56.261227419231325
  10
21.231701287886846
  20
56.250214324912946
  10
21.24271438220523
  20
56.23373113153673
  10
21.27200064077774
  20
56.16301739010924
  10
21.27489070113515
  20
56.153488792616706
  10
21.275866551733092
  20
56.14357948715898
  10
21.275866551733092
  20
55.34357948715899
  10
21.27489070113515
  20
55.333670181701265
  10
21.27200064077774
  20
55.32414158420873
  10
21.24271438220523
  20
55.25342784278124
  10
21.231701287886846
  20
55.23694464940503
  97
1
  330
1507
  75
0
  76
1
  47
0.4128176842155181
  98
1
  10
34.90568961886538
  20
22.81183545379326
  450
0
  451
0
  460
0
  461
0
  452
1
  462
1
  453
2
  463
0
  63
5
  421
255
  463
1
  63
7
  421
16777215
  470
LINEAR
  1001
ACAD
  1010
0
  1020
0
  1030
0
  0
LWPOLYLINE
  5
1507
  100
AcDbEntity
  8
Top-Solder-Mask-Layer
  100
AcDbPolyline
  90
36
  70
1
  43
0
  10
21.215218094510632
  20
55.22593155508665
  10
21.144504353083153
  20
55.196645296514134
  10
21.134975755590627
  20
55.193755236156726
  10
21.1250664501329
  20
55.19277938555879
  10
19.025066450132908
  20
55.19277938555879
  10
19.015157144675182
  20
55.19375523615672
  10
19.005628547182653
  20
55.19664529651413
  10
18.934914805755163
  20
55.225931555086646
  10
18.918431612378942
  20
55.23694464940503
  10
18.90741851806056
  20
55.25342784278126
  10
18.87813225948806
  20
55.324141584208746
  10
18.875242199130653
  20
55.33367018170127
  10
18.87426634853271
  20
55.34357948715899
  10
18.87426634853271
  20
56.14357948715898
  10
18.875242199130653
  20
56.1534887926167
  10
18.87813225948806
  20
56.163017390109225
  10
18.90741851806056
  20
56.233731131536715
  10
18.918431612378942
  20
56.250214324912946
  10
18.934914805755163
  20
56.26122741923133
  10
19.005628547182653
  20
56.290513677803844
  10
19.015157144675182
  20
56.29340373816126
  10
19.025066450132908
  20
56.29437958875919
  10
21.1250664501329
  20
56.29437958875919
  10
21.134975755590627
  20
56.29340373816125
  10
21.144504353083153
  20
56.29051367780384
  10
21.215218094510632
  20
56.261227419231325
  10
21.231701287886846
  20
56.250214324912946
  10
21.24271438220523
  20
56.23373113153673
  10
21.27200064077774
  20
56.16301739010924
  10
21.27489070113515
  20
56.153488792616706
  10
21.275866551733092
  20
56.14357948715898
  10
21.275866551733092
  20
55.34357948715899
  10
21.27489070113515
  20
55.333670181701265
  10
21.27200064077774
  20
55.32414158420873
  10
21.24271438220523
  20
55.25342784278124
  10
21.231701287886846
  20
55.23694464940503
  0
HATCH
  5
1514
  100
AcDbEntity
  8
Top-Solder-Mask-Layer
  100
AcDbHatch
  10
0
  20
0
  30
0
  210
0
  220
0
  230
1
  2
SOLID
  70
1
  71
0
  91
1
  92
7
  72
0
  73
1
  93
36
  10
21.215218094510632
  20
53.725931555086646
  10
21.144504353083153
  20
53.696645296514134
  10
21.134975755590627
  20
53.69375523615672
  10
21.1250664501329
  20
53.69277938555878
  10
19.025066450132908
  20
53.69277938555878
  10
19.015157144675182
  20
53.69375523615671
  10
19.005628547182653
  20
53.69664529651413
  10
18.934914805755163
  20
53.72593155508664
  10
18.918431612378942
  20
53.736944649405025
  10
18.90741851806056
  20
53.75342784278126
  10
18.87813225948806
  20
53.824141584208746
  10
18.875242199130653
  20
53.83367018170127
  10
18.87426634853271
  20
53.84357948715899
  10
18.87426634853271
  20
54.64357948715898
  10
18.875242199130653
  20
54.6534887926167
  10
18.87813225948806
  20
54.66301739010922
  10
18.90741851806056
  20
54.733731131536715
  10
18.918431612378942
  20
54.75021432491294
  10
18.934914805755163
  20
54.761227419231325
  10
19.005628547182653
  20
54.790513677803844
  10
19.015157144675182
  20
54.79340373816125
  10
19.025066450132908
  20
54.794379588759185
  10
21.1250664501329
  20
54.794379588759185
  10
21.134975755590627
  20
54.793403738161246
  10
21.144504353083153
  20
54.79051367780384
  10
21.215218094510632
  20
54.76122741923132
  10
21.231701287886846
  20
54.75021432491294
  10
21.24271438220523
  20
54.73373113153673
  10
21.27200064077774
  20
54.66301739010924
  10
21.27489070113515
  20
54.653488792616706
  10
21.275866551733092
  20
54.64357948715898
  10
21.275866551733092
  20
53.84357948715899
  10
21.27489070113515
  20
53.833670181701265
  10
21.27200064077774
  20
53.82414158420873
  10
21.24271438220523
  20
53.75342784278124
  10
21.231701287886846
  20
53.736944649405025
  97
1
  330
1513
  75
0
  76
1
  47
0.4128176842155181
  98
1
  10
34.90568961886538
  20
22.81183545379326
  450
0
  451
0
  460
0
  461
0
  452
1
  462
1
  453
2
  463
0
  63
5
  421
255
  463
1
  63
7
  421
16777215
  470
LINEAR
  1001
ACAD
  1010
0
  1020
0
  1030
0
  0
LWPOLYLINE
  5
1513
  100
AcDbEntity
  8
Top-Solder-Mask-Layer
  100
AcDbPolyline
  90
36
  70
1
  43
0
  10
21.215218094510632
  20
53.725931555086646
  10
21.144504353083153
  20
53.696645296514134
  10
21.134975755590627
  20
53.69375523615672
  10
21.1250664501329
  20
53.69277938555878
  10
19.025066450132908
  20
53.69277938555878
  10
19.015157144675182
  20
53.69375523615671
  10
19.005628547182653
  20
53.69664529651413
  10
18.934914805755163
  20
53.72593155508664
  10
18.918431612378942
  20
53.736944649405025
  10
18.90741851806056
  20
53.75342784278126
  10
18.87813225948806
  20
53.824141584208746
  10
18.875242199130653
  20
53.83367018170127
  10
18.87426634853271
  20
53.84357948715899
  10
18.87426634853271
  20
54.64357948715898
  10
18.875242199130653
  20
54.6534887926167
  10
18.87813225948806
  20
54.66301739010922
  10
18.90741851806056
  20
54.733731131536715
  10
18.918431612378942
  20
54.75021432491294
  10
18.934914805755163
  20
54.761227419231325
  10
19.005628547182653
  20
54.790513677803844
  10
19.015157144675182
  20
54.79340373816125
  10
19.025066450132908
  20
54.794379588759185
  10
21.1250664501329
  20
54.794379588759185
  10
21.134975755590627
  20
54.793403738161246
  10
21.144504353083153
  20
54.79051367780384
  10
21.215218094510632
  20
54.76122741923132
  10
21.231701287886846
  20
54.75021432491294
  10
21.24271438220523
  20
54.73373113153673
  10
21.27200064077774
  20
54.66301739010924
  10
21.27489070113515
  20
54.653488792616706
  10
21.275866551733092
  20
54.64357948715898
  10
21.275866551733092
  20
53.84357948715899
  10
21.27489070113515
  20
53.833670181701265
  10
21.27200064077774
  20
53.82414158420873
  10
21.24271438220523
  20
53.75342784278124
  10
21.231701287886846
  20
53.736944649405025
  0
HATCH
  5
1533
  100
AcDbEntity
  8
Top-Solder-Mask-Layer
  100
AcDbHatch
  10
0
  20
0
  30
0
  210
0
  220
0
  230
1
  2
SOLID
  70
1
  71
0
  91
1
  92
7
  72
1
  73
1
  93
2
  10
39.20507838215676
  20
40.00008000016
  42
1
  10
40.95508193816388
  20
40.00008000016
  42
1
  97
1
  330
1532
  75
0
  76
1
  47
0.8681437583925616
  98
1
  10
3.629517071192367
  20
33.92795499968543
  450
0
  451
0
  460
0
  461
0
  452
1
  462
1
  453
2
  463
0
  63
5
  421
255
  463
1
  63
7
  421
16777215
  470
LINEAR
  1001
ACAD
  1010
0
  1020
0
  1030
0
  0
LWPOLYLINE
  5
1534
  100
AcDbEntity
  8
Top-Solder-Mask-Layer
  100
AcDbPolyline
  90
2
  70
1
  43
0
  10
39.20507838215676
  20
40.00008000016
  42
1
  10
40.95508193816388
  20
40.00008000016
  42
1
  0
HATCH
  5
1563
  100
AcDbEntity
  8
Top-Solder-Mask-Layer
  100
AcDbHatch
  10
0
  20
0
  30
0
  210
0
  220
0
  230
1
  2
SOLID
  70
1
  71
0
  91
1
  92
7
  72
1
  73
1
  93
2
  10
29.045058062116123
  20
40.00008000016
  42
1
  10
30.79506161812324
  20
40.00008000016
  42
1
  97
1
  330
1562
  75
0
  76
1
  47
0.8681437583925616
  98
1
  10
3.629517071192367
  20
33.92795499968543
  450
0
  451
0
  460
0
  461
0
  452
1
  462
1
  453
2
  463
0
  63
5
  421
255
  463
1
  63
7
  421
16777215
  470
LINEAR
  1001
ACAD
  1010
0
  1020
0
  1030
0
  0
LWPOLYLINE
  5
1564
  100
AcDbEntity
  8
Top-Solder-Mask-Layer
  100
AcDbPolyline
  90
2
  70
1
  43
0
  10
29.045058062116123
  20
40.00008000016
  42
1
  10
30.79506161812324
  20
40.00008000016
  42
1
  0
HATCH
  5
1593
  100
AcDbEntity
  8
Top-Solder-Mask-Layer
  100
AcDbHatch
  10
0
  20
0
  30
0
  210
0
  220
0
  230
1
  2
SOLID
  70
1
  71
0
  91
1
  92
7
  72
1
  73
1
  93
2
  10
33.000066063132124
  20
40.00008000016
  42
1
  10
37.000073937147874
  20
40.00008000016
  42
1
  97
1
  330
1592
  75
0
  76
1
  47
0.8681437583925616
  98
1
  10
3.629517071192367
  20
33.92795499968543
  450
0
  451
0
  460
0
  461
0
  452
1
  462
1
  453
2
  463
0
  63
5
  421
255
  463
1
  63
7
  421
16777215
  470
LINEAR
  1001
ACAD
  1010
0
  1020
0
  1030
0
  0
LWPOLYLINE
  5
1594
  100
AcDbEntity
  8
Top-Solder-Mask-Layer
  100
AcDbPolyline
  90
2
  70
1
  43
0
  10
33.000066063132124
  20
40.00008000016
  42
1
  10
37.00007393714788
  20
40.00008000016
  42
1
  0
HATCH
  5
1623
  100
AcDbEntity
  8
Top-Solder-Mask-Layer
  100
AcDbHatch
  10
0
  20
0
  30
0
  210
0
  220
0
  230
1
  2
SOLID
  70
1
  71
0
  91
1
  92
7
  72
1
  73
1
  93
2
  10
29.94005984011968
  20
42.54008508017016
  42
1
  10
32.44006492012984
  20
42.54008508017016
  42
1
  97
1
  330
1622
  75
0
  76
1
  47
0.8681437583925616
  98
1
  10
3.629517071192367
  20
33.92795499968543
  450
0
  451
0
  460
0
  461
0
  452
1
  462
1
  453
2
  463
0
  63
5
  421
255
  463
1
  63
7
  421
16777215
  470
LINEAR
  1001
ACAD
  1010
0
  1020
0
  1030
0
  0
LWPOLYLINE
  5
1624
  100
AcDbEntity
  8
Top-Solder-Mask-Layer
  100
AcDbPolyline
  90
2
  70
1
  43
0
  10
29.94005984011968
  20
42.54008508017016
  42
1
  10
32.44006492012984
  20
42.54008508017016
  42
1
  0
HATCH
  5
1653
  100
AcDbEntity
  8
Top-Solder-Mask-Layer
  100
AcDbHatch
  10
0
  20
0
  30
0
  210
0
  220
0
  230
1
  2
SOLID
  70
1
  71
0
  91
1
  92
7
  72
1
  73
1
  93
2
  10
36.29007254014508
  20
45.08009016018032
  42
1
  10
38.79007762015524
  20
45.08009016018032
  42
1
  97
1
  330
1652
  75
0
  76
1
  47
0.8681437583925616
  98
1
  10
3.629517071192367
  20
33.92795499968543
  450
0
  451
0
  460
0
  461
0
  452
1
  462
1
  453
2
  463
0
  63
5
  421
255
  463
1
  63
7
  421
16777215
  470
LINEAR
  1001
ACAD
  1010
0
  1020
0
  1030
0
  0
LWPOLYLINE
  5
1654
  100
AcDbEntity
  8
Top-Solder-Mask-Layer
  100
AcDbPolyline
  90
4
  70
0
  43
0
  10
36.29007254014508
  20
45.080090160614624
  42
1
  10
38.79007762015524
  20
45.080090160614624
  10
38.79007762015524
  20
45.080090159746014
  42
1
  10
36.29007254014508
  20
45.080090159746014
  0
HATCH
  5
1683
  100
AcDbEntity
  8
Top-Solder-Mask-Layer
  100
AcDbHatch
  10
0
  20
0
  30
0
  210
0
  220
0
  230
1
  2
SOLID
  70
1
  71
0
  91
1
  92
7
  72
1
  73
1
  93
2
  10
59.20511838223677
  20
40.000080000160004
  42
1
  10
60.955121938243884
  20
40.000080000160004
  42
1
  97
1
  330
1682
  75
0
  76
1
  47
0.8681437583925616
  98
1
  10
3.629517071192367
  20
33.92795499968543
  450
0
  451
0
  460
0
  461
0
  452
1
  462
1
  453
2
  463
0
  63
5
  421
255
  463
1
  63
7
  421
16777215
  470
LINEAR
  1001
ACAD
  1010
0
  1020
0
  1030
0
  0
LWPOLYLINE
  5
1684
  100
AcDbEntity
  8
Top-Solder-Mask-Layer
  100
AcDbPolyline
  90
2
  70
1
  43
0
  10
59.20511838223677
  20
40.000080000160004
  42
1
  10
60.955121938243884
  20
40.000080000160004
  42
1
  0
HATCH
  5
1713
  100
AcDbEntity
  8
Top-Solder-Mask-Layer
  100
AcDbHatch
  10
0
  20
0
  30
0
  210
0
  220
0
  230
1
  2
SOLID
  70
1
  71
0
  91
1
  92
7
  72
1
  73
1
  93
2
  10
49.045098062196125
  20
40.000080000160004
  42
1
  10
50.79510161820324
  20
40.000080000160004
  42
1
  97
1
  330
1712
  75
0
  76
1
  47
0.8681437583925616
  98
1
  10
3.629517071192367
  20
33.92795499968543
  450
0
  451
0
  460
0
  461
0
  452
1
  462
1
  453
2
  463
0
  63
5
  421
255
  463
1
  63
7
  421
16777215
  470
LINEAR
  1001
ACAD
  1010
0
  1020
0
  1030
0
  0
LWPOLYLINE
  5
1714
  100
AcDbEntity
  8
Top-Solder-Mask-Layer
  100
AcDbPolyline
  90
2
  70
1
  43
0
  10
49.045098062196125
  20
40.000080000160004
  42
1
  10
50.79510161820324
  20
40.000080000160004
  42
1
  0
HATCH
  5
1743
  100
AcDbEntity
  8
Top-Solder-Mask-Layer
  100
AcDbHatch
  10
0
  20
0
  30
0
  210
0
  220
0
  230
1
  2
SOLID
  70
1
  71
0
  91
1
  92
7
  72
1
  73
1
  93
2
  10
53.00010606321213
  20
40.000080000160004
  42
1
  10
57.00011393722788
  20
40.000080000160004
  42
1
  97
1
  330
1742
  75
0
  76
1
  47
0.8681437583925616
  98
1
  10
3.629517071192367
  20
33.92795499968543
  450
0
  451
0
  460
0
  461
0
  452
1
  462
1
  453
2
  463
0
  63
5
  421
255
  463
1
  63
7
  421
16777215
  470
LINEAR
  1001
ACAD
  1010
0
  1020
0
  1030
0
  0
LWPOLYLINE
  5
1744
  100
AcDbEntity
  8
Top-Solder-Mask-Layer
  100
AcDbPolyline
  90
2
  70
1
  43
0
  10
53.00010606321213
  20
40.000080000160004
  42
1
  10
57.00011393722788
  20
40.000080000160004
  42
1
  0
HATCH
  5
1773
  100
AcDbEntity
  8
Top-Solder-Mask-Layer
  100
AcDbHatch
  10
0
  20
0
  30
0
  210
0
  220
0
  230
1
  2
SOLID
  70
1
  71
0
  91
1
  92
7
  72
1
  73
1
  93
2
  10
49.940099840199686
  20
42.540085080170165
  42
1
  10
52.44010492020984
  20
42.540085080170165
  42
1
  97
1
  330
1772
  75
0
  76
1
  47
0.8681437583925616
  98
1
  10
3.629517071192367
  20
33.92795499968543
  450
0
  451
0
  460
0
  461
0
  452
1
  462
1
  453
2
  463
0
  63
5
  421
255
  463
1
  63
7
  421
16777215
  470
LINEAR
  1001
ACAD
  1010
0
  1020
0
  1030
0
  0
LWPOLYLINE
  5
1774
  100
AcDbEntity
  8
Top-Solder-Mask-Layer
  100
AcDbPolyline
  90
4
  70
0
  43
0
  10
49.940099840199686
  20
42.54008508060447
  42
1
  10
52.44010492020984
  20
42.54008508060447
  10
52.44010492020984
  20
42.54008507973587
  42
1
  10
49.940099840199686
  20
42.54008507973587
  0
HATCH
  5
1803
  100
AcDbEntity
  8
Top-Solder-Mask-Layer
  100
AcDbHatch
  10
0
  20
0
  30
0
  210
0
  220
0
  230
1
  2
SOLID
  70
1
  71
0
  91
1
  92
7
  72
1
  73
1
  93
2
  10
56.29011254022509
  20
45.080090160180326
  42
1
  10
58.79011762023524
  20
45.080090160180326
  42
1
  97
1
  330
1802
  75
0
  76
1
  47
0.8681437583925616
  98
1
  10
3.629517071192367
  20
33.92795499968543
  450
0
  451
0
  460
0
  461
0
  452
1
  462
1
  453
2
  463
0
  63
5
  421
255
  463
1
  63
7
  421
16777215
  470
LINEAR
  1001
ACAD
  1010
0
  1020
0
  1030
0
  0
LWPOLYLINE
  5
1804
  100
AcDbEntity
  8
Top-Solder-Mask-Layer
  100
AcDbPolyline
  90
4
  70
0
  43
0
  10
56.29011254022509
  20
45.08009016061463
  42
1
  10
58.79011762023524
  20
45.08009016061463
  10
58.79011762023524
  20
45.08009015974602
  42
1
  10
56.29011254022509
  20
45.08009015974602
  0
HATCH
  5
1833
  100
AcDbEntity
  8
Top-Solder-Mask-Layer
  100
AcDbHatch
  10
0
  20
0
  30
0
  210
0
  220
0
  230
1
  2
SOLID
  70
1
  71
0
  91
1
  92
7
  72
1
  73
1
  93
2
  10
59.205118382236776
  20
15.000030000060002
  42
1
  10
60.95512193824389
  20
15.000030000060002
  42
1
  97
1
  330
1832
  75
0
  76
1
  47
0.8681437583925616
  98
1
  10
3.629517071192367
  20
33.92795499968543
  450
0
  451
0
  460
0
  461
0
  452
1
  462
1
  453
2
  463
0
  63
5
  421
255
  463
1
  63
7
  421
16777215
  470
LINEAR
  1001
ACAD
  1010
0
  1020
0
  1030
0
  0
LWPOLYLINE
  5
1834
  100
AcDbEntity
  8
Top-Solder-Mask-Layer
  100
AcDbPolyline
  90
2
  70
1
  43
0
  10
59.205118382236776
  20
15.000030000060002
  42
1
  10
60.95512193824389
  20
15.000030000060002
  42
1
  0
HATCH
  5
1863
  100
AcDbEntity
  8
Top-Solder-Mask-Layer
  100
AcDbHatch
  10
0
  20
0
  30
0
  210
0
  220
0
  230
1
  2
SOLID
  70
1
  71
0
  91
1
  92
7
  72
1
  73
1
  93
2
  10
49.045098062196125
  20
15.000030000060002
  42
1
  10
50.79510161820324
  20
15.000030000060002
  42
1
  97
1
  330
1862
  75
0
  76
1
  47
0.8681437583925616
  98
1
  10
3.629517071192367
  20
33.92795499968543
  450
0
  451
0
  460
0
  461
0
  452
1
  462
1
  453
2
  463
0
  63
5
  421
255
  463
1
  63
7
  421
16777215
  470
LINEAR
  1001
ACAD
  1010
0
  1020
0
  1030
0
  0
LWPOLYLINE
  5
1864
  100
AcDbEntity
  8
Top-Solder-Mask-Layer
  100
AcDbPolyline
  90
2
  70
1
  43
0
  10
49.045098062196125
  20
15.000030000060002
  42
1
  10
50.79510161820324
  20
15.000030000060002
  42
1
  0
HATCH
  5
1893
  100
AcDbEntity
  8
Top-Solder-Mask-Layer
  100
AcDbHatch
  10
0
  20
0
  30
0
  210
0
  220
0
  230
1
  2
SOLID
  70
1
  71
0
  91
1
  92
7
  72
1
  73
1
  93
2
  10
53.00010606321213
  20
15.000030000060002
  42
1
  10
57.00011393722788
  20
15.000030000060002
  42
1
  97
1
  330
1892
  75
0
  76
1
  47
0.8681437583925616
  98
1
  10
3.629517071192367
  20
33.92795499968543
  450
0
  451
0
  460
0
  461
0
  452
1
  462
1
  453
2
  463
0
  63
5
  421
255
  463
1
  63
7
  421
16777215
  470
LINEAR
  1001
ACAD
  1010
0
  1020
0
  1030
0
  0
LWPOLYLINE
  5
1894
  100
AcDbEntity
  8
Top-Solder-Mask-Layer
  100
AcDbPolyline
  90
2
  70
1
  43
0
  10
53.00010606321213
  20
15.000030000060002
  42
1
  10
57.00011393722788
  20
15.000030000060002
  42
1
  0
HATCH
  5
1923
  100
AcDbEntity
  8
Top-Solder-Mask-Layer
  100
AcDbHatch
  10
0
  20
0
  30
0
  210
0
  220
0
  230
1
  2
SOLID
  70
1
  71
0
  91
1
  92
7
  72
1
  73
1
  93
2
  10
49.940099840199686
  20
17.54003508007016
  42
1
  10
52.44010492020984
  20
17.54003508007016
  42
1
  97
1
  330
1922
  75
0
  76
1
  47
0.8681437583925616
  98
1
  10
3.629517071192367
  20
33.92795499968543
  450
0
  451
0
  460
0
  461
0
  452
1
  462
1
  453
2
  463
0
  63
5
  421
255
  463
1
  63
7
  421
16777215
  470
LINEAR
  1001
ACAD
  1010
0
  1020
0
  1030
0
  0
LWPOLYLINE
  5
1924
  100
AcDbEntity
  8
Top-Solder-Mask-Layer
  100
AcDbPolyline
  90
4
  70
0
  43
0
  10
49.940099840199686
  20
17.540035080504463
  42
1
  10
52.44010492020984
  20
17.540035080504463
  10
52.44010492020984
  20
17.540035079635864
  42
1
  10
49.940099840199686
  20
17.540035079635864
  0
HATCH
  5
1953
  100
AcDbEntity
  8
Top-Solder-Mask-Layer
  100
AcDbHatch
  10
0
  20
0
  30
0
  210
0
  220
0
  230
1
  2
SOLID
  70
1
  71
0
  91
1
  92
7
  72
1
  73
1
  93
2
  10
56.290112540225095
  20
20.080040160080323
  42
1
  10
58.79011762023525
  20
20.080040160080323
  42
1
  97
1
  330
1952
  75
0
  76
1
  47
0.8681437583925616
  98
1
  10
3.629517071192367
  20
33.92795499968543
  450
0
  451
0
  460
0
  461
0
  452
1
  462
1
  453
2
  463
0
  63
5
  421
255
  463
1
  63
7
  421
16777215
  470
LINEAR
  1001
ACAD
  1010
0
  1020
0
  1030
0
  0
LWPOLYLINE
  5
1954
  100
AcDbEntity
  8
Top-Solder-Mask-Layer
  100
AcDbPolyline
  90
4
  70
0
  43
0
  10
56.290112540225095
  20
20.08004016051462
  42
1
  10
58.79011762023525
  20
20.08004016051462
  10
58.79011762023525
  20
20.080040159646025
  42
1
  10
56.290112540225095
  20
20.080040159646025
  0
HATCH
  5
1983
  100
AcDbEntity
  8
Top-Solder-Mask-Layer
  100
AcDbHatch
  10
0
  20
0
  30
0
  210
0
  220
0
  230
1
  2
SOLID
  70
1
  71
0
  91
1
  92
7
  72
1
  73
1
  93
2
  10
39.20507838215678
  20
15.000030000060002
  42
1
  10
40.95508193816389
  20
15.000030000060002
  42
1
  97
1
  330
1982
  75
0
  76
1
  47
0.8681437583925616
  98
1
  10
3.629517071192367
  20
33.92795499968543
  450
0
  451
0
  460
0
  461
0
  452
1
  462
1
  453
2
  463
0
  63
5
  421
255
  463
1
  63
7
  421
16777215
  470
LINEAR
  1001
ACAD
  1010
0
  1020
0
  1030
0
  0
LWPOLYLINE
  5
1984
  100
AcDbEntity
  8
Top-Solder-Mask-Layer
  100
AcDbPolyline
  90
2
  70
1
  43
0
  10
39.20507838215678
  20
15.000030000060002
  42
1
  10
40.95508193816389
  20
15.000030000060002
  42
1
  0
HATCH
  5
2013
  100
AcDbEntity
  8
Top-Solder-Mask-Layer
  100
AcDbHatch
  10
0
  20
0
  30
0
  210
0
  220
0
  230
1
  2
SOLID
  70
1
  71
0
  91
1
  92
7
  72
1
  73
1
  93
2
  10
29.045058062116127
  20
15.000030000060002
  42
1
  10
30.795061618123242
  20
15.000030000060002
  42
1
  97
1
  330
2012
  75
0
  76
1
  47
0.8681437583925616
  98
1
  10
3.629517071192367
  20
33.92795499968543
  450
0
  451
0
  460
0
  461
0
  452
1
  462
1
  453
2
  463
0
  63
5
  421
255
  463
1
  63
7
  421
16777215
  470
LINEAR
  1001
ACAD
  1010
0
  1020
0
  1030
0
  0
LWPOLYLINE
  5
2014
  100
AcDbEntity
  8
Top-Solder-Mask-Layer
  100
AcDbPolyline
  90
4
  70
0
  43
0
  10
29.04505806211613
  20
15.000030000189591
  42
1
  10
30.79506161812324
  20
15.000030000189591
  10
30.79506161812324
  20
15.000029999930414
  42
1
  10
29.04505806211613
  20
15.000029999930414
  0
HATCH
  5
2043
  100
AcDbEntity
  8
Top-Solder-Mask-Layer
  100
AcDbHatch
  10
0
  20
0
  30
0
  210
0
  220
0
  230
1
  2
SOLID
  70
1
  71
0
  91
1
  92
7
  72
1
  73
1
  93
2
  10
33.000066063132124
  20
15.000030000060002
  42
1
  10
37.000073937147874
  20
15.000030000060002
  42
1
  97
1
  330
2042
  75
0
  76
1
  47
0.8681437583925616
  98
1
  10
3.629517071192367
  20
33.92795499968543
  450
0
  451
0
  460
0
  461
0
  452
1
  462
1
  453
2
  463
0
  63
5
  421
255
  463
1
  63
7
  421
16777215
  470
LINEAR
  1001
ACAD
  1010
0
  1020
0
  1030
0
  0
LWPOLYLINE
  5
2044
  100
AcDbEntity
  8
Top-Solder-Mask-Layer
  100
AcDbPolyline
  90
2
  70
1
  43
0
  10
33.000066063132124
  20
15.000030000060002
  42
1
  10
37.00007393714788
  20
15.000030000060002
  42
1
  0
HATCH
  5
2073
  100
AcDbEntity
  8
Top-Solder-Mask-Layer
  100
AcDbHatch
  10
0
  20
0
  30
0
  210
0
  220
0
  230
1
  2
SOLID
  70
1
  71
0
  91
1
  92
7
  72
1
  73
1
  93
2
  10
29.940059840119684
  20
17.54003508007016
  42
1
  10
32.44006492012984
  20
17.54003508007016
  42
1
  97
1
  330
2072
  75
0
  76
1
  47
0.8681437583925616
  98
1
  10
3.629517071192367
  20
33.92795499968543
  450
0
  451
0
  460
0
  461
0
  452
1
  462
1
  453
2
  463
0
  63
5
  421
255
  463
1
  63
7
  421
16777215
  470
LINEAR
  1001
ACAD
  1010
0
  1020
0
  1030
0
  0
LWPOLYLINE
  5
2074
  100
AcDbEntity
  8
Top-Solder-Mask-Layer
  100
AcDbPolyline
  90
2
  70
1
  43
0
  10
29.940059840119684
  20
17.54003508007016
  42
1
  10
32.44006492012985
  20
17.54003508007016
  42
1
  0
HATCH
  5
2103
  100
AcDbEntity
  8
Top-Solder-Mask-Layer
  100
AcDbHatch
  10
0
  20
0
  30
0
  210
0
  220
0
  230
1
  2
SOLID
  70
1
  71
0
  91
1
  92
7
  72
1
  73
1
  93
2
  10
36.2900725401451
  20
20.080040160080323
  42
1
  10
38.79007762015525
  20
20.080040160080323
  42
1
  97
1
  330
2102
  75
0
  76
1
  47
0.8681437583925616
  98
1
  10
3.629517071192367
  20
33.92795499968543
  450
0
  451
0
  460
0
  461
0
  452
1
  462
1
  453
2
  463
0
  63
5
  421
255
  463
1
  63
7
  421
16777215
  470
LINEAR
  1001
ACAD
  1010
0
  1020
0
  1030
0
  0
LWPOLYLINE
  5
2104
  100
AcDbEntity
  8
Top-Solder-Mask-Layer
  100
AcDbPolyline
  90
4
  70
0
  43
0
  10
36.2900725401451
  20
20.08004016051462
  42
1
  10
38.79007762015525
  20
20.08004016051462
  10
38.79007762015525
  20
20.080040159646025
  42
1
  10
36.2900725401451
  20
20.080040159646025
  0
HATCH
  5
2133
  100
AcDbEntity
  8
Top-Solder-Mask-Layer
  100
AcDbHatch
  10
0
  20
0
  30
0
  210
0
  220
0
  230
1
  2
SOLID
  70
1
  71
0
  91
1
  92
7
  72
1
  73
1
  93
2
  10
19.205038382076765
  20
15.000030000060002
  42
1
  10
20.95504193808388
  20
15.000030000060002
  42
1
  97
1
  330
2132
  75
0
  76
1
  47
0.8681437583925616
  98
1
  10
3.629517071192367
  20
33.92795499968543
  450
0
  451
0
  460
0
  461
0
  452
1
  462
1
  453
2
  463
0
  63
5
  421
255
  463
1
  63
7
  421
16777215
  470
LINEAR
  1001
ACAD
  1010
0
  1020
0
  1030
0
  0
LWPOLYLINE
  5
2134
  100
AcDbEntity
  8
Top-Solder-Mask-Layer
  100
AcDbPolyline
  90
4
  70
0
  43
0
  10
19.20503838207677
  20
15.000030000189591
  42
1
  10
20.955041938083877
  20
15.000030000189591
  10
20.955041938083877
  20
15.000029999930414
  42
1
  10
19.20503838207677
  20
15.000029999930414
  0
HATCH
  5
2163
  100
AcDbEntity
  8
Top-Solder-Mask-Layer
  100
AcDbHatch
  10
0
  20
0
  30
0
  210
0
  220
0
  230
1
  2
SOLID
  70
1
  71
0
  91
1
  92
7
  72
1
  73
1
  93
2
  10
9.045018062036126
  20
15.000030000060002
  42
1
  10
10.795021618043238
  20
15.000030000060002
  42
1
  97
1
  330
2162
  75
0
  76
1
  47
0.8681437583925616
  98
1
  10
3.629517071192367
  20
33.92795499968543
  450
0
  451
0
  460
0
  461
0
  452
1
  462
1
  453
2
  463
0
  63
5
  421
255
  463
1
  63
7
  421
16777215
  470
LINEAR
  1001
ACAD
  1010
0
  1020
0
  1030
0
  0
LWPOLYLINE
  5
2164
  100
AcDbEntity
  8
Top-Solder-Mask-Layer
  100
AcDbPolyline
  90
2
  70
1
  43
0
  10
9.045018062036126
  20
15.000030000060002
  42
1
  10
10.795021618043238
  20
15.000030000060002
  42
1
  0
HATCH
  5
2193
  100
AcDbEntity
  8
Top-Solder-Mask-Layer
  100
AcDbHatch
  10
0
  20
0
  30
0
  210
0
  220
0
  230
1
  2
SOLID
  70
1
  71
0
  91
1
  92
7
  72
1
  73
1
  93
2
  10
13.000026063052129
  20
15.000030000060002
  42
1
  10
17.000033937067876
  20
15.000030000060002
  42
1
  97
1
  330
2192
  75
0
  76
1
  47
0.8681437583925616
  98
1
  10
3.629517071192367
  20
33.92795499968543
  450
0
  451
0
  460
0
  461
0
  452
1
  462
1
  453
2
  463
0
  63
5
  421
255
  463
1
  63
7
  421
16777215
  470
LINEAR
  1001
ACAD
  1010
0
  1020
0
  1030
0
  0
LWPOLYLINE
  5
2194
  100
AcDbEntity
  8
Top-Solder-Mask-Layer
  100
AcDbPolyline
  90
4
  70
0
  43
0
  10
13.000026063052129
  20
15.000030001419498
  42
1
  10
17.000033937067876
  20
15.000030001419494
  10
17.000033937067876
  20
15.000029998700509
  42
1
  10
13.000026063052129
  20
15.000029998700509
  0
HATCH
  5
2223
  100
AcDbEntity
  8
Top-Solder-Mask-Layer
  100
AcDbHatch
  10
0
  20
0
  30
0
  210
0
  220
0
  230
1
  2
SOLID
  70
1
  71
0
  91
1
  92
7
  72
1
  73
1
  93
2
  10
9.940019840039682
  20
17.54003508007016
  42
1
  10
12.440024920049844
  20
17.54003508007016
  42
1
  97
1
  330
2222
  75
0
  76
1
  47
0.8681437583925616
  98
1
  10
3.629517071192367
  20
33.92795499968543
  450
0
  451
0
  460
0
  461
0
  452
1
  462
1
  453
2
  463
0
  63
5
  421
255
  463
1
  63
7
  421
16777215
  470
LINEAR
  1001
ACAD
  1010
0
  1020
0
  1030
0
  0
LWPOLYLINE
  5
2224
  100
AcDbEntity
  8
Top-Solder-Mask-Layer
  100
AcDbPolyline
  90
2
  70
1
  43
0
  10
9.94001984003968
  20
17.54003508007016
  42
1
  10
12.440024920049844
  20
17.54003508007016
  42
1
  0
HATCH
  5
2253
  100
AcDbEntity
  8
Top-Solder-Mask-Layer
  100
AcDbHatch
  10
0
  20
0
  30
0
  210
0
  220
0
  230
1
  2
SOLID
  70
1
  71
0
  91
1
  92
7
  72
1
  73
1
  93
2
  10
16.29003254006508
  20
20.080040160080323
  42
1
  10
18.790037620075243
  20
20.080040160080323
  42
1
  97
1
  330
2252
  75
0
  76
1
  47
0.8681437583925616
  98
1
  10
3.629517071192367
  20
33.92795499968543
  450
0
  451
0
  460
0
  461
0
  452
1
  462
1
  453
2
  463
0
  63
5
  421
255
  463
1
  63
7
  421
16777215
  470
LINEAR
  1001
ACAD
  1010
0
  1020
0
  1030
0
  0
LWPOLYLINE
  5
2254
  100
AcDbEntity
  8
Top-Solder-Mask-Layer
  100
AcDbPolyline
  90
2
  70
1
  43
0
  10
16.29003254006508
  20
20.080040160080323
  42
1
  10
18.790037620075243
  20
20.080040160080323
  42
1
  0
HATCH
  5
2270
  100
AcDbEntity
  8
Top-Solder-Mask-Layer
  100
AcDbHatch
  10
0
  20
0
  30
0
  210
0
  220
0
  230
1
  2
SOLID
  70
1
  71
0
  91
1
  92
7
  72
0
  73
1
  93
4
  10
3.8492098984197987
  20
30.650728101456206
  10
6.150810101620203
  20
30.650728101456206
  10
6.150810101620199
  20
29.349127898255798
  10
3.849209898419795
  20
29.349127898255798
  97
1
  330
2269
  75
0
  76
1
  47
0.4128176842155181
  98
1
  10
34.90568961886538
  20
22.81183545379326
  450
0
  451
0
  460
0
  461
0
  452
1
  462
1
  453
2
  463
0
  63
5
  421
255
  463
1
  63
7
  421
16777215
  470
LINEAR
  1001
ACAD
  1010
0
  1020
0
  1030
0
  0
LWPOLYLINE
  5
2269
  100
AcDbEntity
  8
Top-Solder-Mask-Layer
  100
AcDbPolyline
  90
4
  70
1
  43
0
  10
3.8492098984197987
  20
30.650728101456206
  10
6.150810101620203
  20
30.650728101456206
  10
6.150810101620199
  20
29.349127898255798
  10
3.849209898419795
  20
29.349127898255798
  0
HATCH
  5
2276
  100
AcDbEntity
  8
Top-Solder-Mask-Layer
  100
AcDbHatch
  10
0
  20
0
  30
0
  210
0
  220
0
  230
1
  2
SOLID
  70
1
  71
0
  91
1
  92
7
  72
0
  73
1
  93
4
  10
3.8492098984197987
  20
28.150855101710206
  10
6.150810101620203
  20
28.150855101710206
  10
6.150810101620199
  20
26.8492548985098
  10
3.849209898419795
  20
26.849254898509802
  97
1
  330
2275
  75
0
  76
1
  47
0.4128176842155181
  98
1
  10
34.90568961886538
  20
22.81183545379326
  450
0
  451
0
  460
0
  461
0
  452
1
  462
1
  453
2
  463
0
  63
5
  421
255
  463
1
  63
7
  421
16777215
  470
LINEAR
  1001
ACAD
  1010
0
  1020
0
  1030
0
  0
LWPOLYLINE
  5
2275
  100
AcDbEntity
  8
Top-Solder-Mask-Layer
  100
AcDbPolyline
  90
4
  70
1
  43
0
  10
3.8492098984197987
  20
28.150855101710206
  10
6.150810101620203
  20
28.150855101710206
  10
6.150810101620199
  20
26.8492548985098
  10
3.849209898419795
  20
26.849254898509802
  0
HATCH
  5
2282
  100
AcDbEntity
  8
Top-Solder-Mask-Layer
  100
AcDbHatch
  10
0
  20
0
  30
0
  210
0
  220
0
  230
1
  2
SOLID
  70
1
  71
0
  91
1
  92
7
  72
0
  73
1
  93
4
  10
3.8492098984197987
  20
25.65098210196421
  10
6.150810101620203
  20
25.65098210196421
  10
6.150810101620199
  20
24.349381898763806
  10
3.849209898419795
  20
24.349381898763806
  97
1
  330
2281
  75
0
  76
1
  47
0.4128176842155181
  98
1
  10
34.90568961886538
  20
22.81183545379326
  450
0
  451
0
  460
0
  461
0
  452
1
  462
1
  453
2
  463
0
  63
5
  421
255
  463
1
  63
7
  421
16777215
  470
LINEAR
  1001
ACAD
  1010
0
  1020
0
  1030
0
  0
LWPOLYLINE
  5
2281
  100
AcDbEntity
  8
Top-Solder-Mask-Layer
  100
AcDbPolyline
  90
4
  70
1
  43
0
  10
3.8492098984197987
  20
25.65098210196421
  10
6.150810101620203
  20
25.65098210196421
  10
6.150810101620199
  20
24.349381898763806
  10
3.849209898419795
  20
24.349381898763806
  0
HATCH
  5
2301
  100
AcDbEntity
  8
Top-Solder-Mask-Layer
  100
AcDbHatch
  10
0
  20
0
  30
0
  210
0
  220
0
  230
1
  2
SOLID
  70
1
  71
0
  91
1
  92
7
  72
1
  73
1
  93
2
  10
11.509097818195643
  20
32.62801625603252
  42
1
  10
13.41069802139605
  20
32.62801625603252
  42
1
  97
1
  330
2300
  75
0
  76
1
  47
0.8681437583925616
  98
1
  10
3.629517071192367
  20
33.92795499968543
  450
0
  451
0
  460
0
  461
0
  452
1
  462
1
  453
2
  463
0
  63
5
  421
255
  463
1
  63
7
  421
16777215
  470
LINEAR
  1001
ACAD
  1010
0
  1020
0
  1030
0
  0
LWPOLYLINE
  5
2302
  100
AcDbEntity
  8
Top-Solder-Mask-Layer
  100
AcDbPolyline
  90
4
  70
0
  43
0
  10
11.509097818195643
  20
32.62801625670749
  42
1
  10
13.41069802139605
  20
32.62801625670749
  10
13.41069802139605
  20
32.628016255357544
  42
1
  10
11.509097818195643
  20
32.628016255357544
  0
HATCH
  5
2331
  100
AcDbEntity
  8
Top-Solder-Mask-Layer
  100
AcDbHatch
  10
0
  20
0
  30
0
  210
0
  220
0
  230
1
  2
SOLID
  70
1
  71
0
  91
1
  92
7
  72
1
  73
1
  93
2
  10
14.049102898205803
  20
32.62801625603252
  42
1
  10
15.950703101406209
  20
32.62801625603252
  42
1
  97
1
  330
2330
  75
0
  76
1
  47
0.8681437583925616
  98
1
  10
3.629517071192367
  20
33.92795499968543
  450
0
  451
0
  460
0
  461
0
  452
1
  462
1
  453
2
  463
0
  63
5
  421
255
  463
1
  63
7
  421
16777215
  470
LINEAR
  1001
ACAD
  1010
0
  1020
0
  1030
0
  0
LWPOLYLINE
  5
2332
  100
AcDbEntity
  8
Top-Solder-Mask-Layer
  100
AcDbPolyline
  90
4
  70
0
  43
0
  10
14.049102898205803
  20
32.62801625670749
  42
1
  10
15.950703101406207
  20
32.62801625670749
  10
15.950703101406207
  20
32.628016255357544
  42
1
  10
14.049102898205803
  20
32.628016255357544
  0
HATCH
  5
2361
  100
AcDbEntity
  8
Top-Solder-Mask-Layer
  100
AcDbHatch
  10
0
  20
0
  30
0
  210
0
  220
0
  230
1
  2
SOLID
  70
1
  71
0
  91
1
  92
7
  72
1
  73
1
  93
2
  10
16.58910797821596
  20
32.62801625603252
  42
1
  10
18.49070818141637
  20
32.62801625603252
  42
1
  97
1
  330
2360
  75
0
  76
1
  47
0.8681437583925616
  98
1
  10
3.629517071192367
  20
33.92795499968543
  450
0
  451
0
  460
0
  461
0
  452
1
  462
1
  453
2
  463
0
  63
5
  421
255
  463
1
  63
7
  421
16777215
  470
LINEAR
  1001
ACAD
  1010
0
  1020
0
  1030
0
  0
LWPOLYLINE
  5
2362
  100
AcDbEntity
  8
Top-Solder-Mask-Layer
  100
AcDbPolyline
  90
2
  70
1
  43
0
  10
16.58910797821596
  20
32.62801625603252
  42
1
  10
18.49070818141637
  20
32.62801625603252
  42
1
  0
HATCH
  5
2391
  100
AcDbEntity
  8
Top-Solder-Mask-Layer
  100
AcDbHatch
  10
0
  20
0
  30
0
  210
0
  220
0
  230
1
  2
SOLID
  70
1
  71
0
  91
1
  92
7
  72
1
  73
1
  93
2
  10
11.509097818195643
  20
47.12814325628652
  42
1
  10
13.41069802139605
  20
47.12814325628652
  42
1
  97
1
  330
2390
  75
0
  76
1
  47
0.8681437583925616
  98
1
  10
3.629517071192367
  20
33.92795499968543
  450
0
  451
0
  460
0
  461
0
  452
1
  462
1
  453
2
  463
0
  63
5
  421
255
  463
1
  63
7
  421
16777215
  470
LINEAR
  1001
ACAD
  1010
0
  1020
0
  1030
0
  0
LWPOLYLINE
  5
2392
  100
AcDbEntity
  8
Top-Solder-Mask-Layer
  100
AcDbPolyline
  90
4
  70
0
  43
0
  10
11.509097818195643
  20
47.12814325696149
  42
1
  10
13.41069802139605
  20
47.12814325696149
  10
13.41069802139605
  20
47.12814325561154
  42
1
  10
11.509097818195643
  20
47.12814325561154
  0
HATCH
  5
2421
  100
AcDbEntity
  8
Top-Solder-Mask-Layer
  100
AcDbHatch
  10
0
  20
0
  30
0
  210
0
  220
0
  230
1
  2
SOLID
  70
1
  71
0
  91
1
  92
7
  72
1
  73
1
  93
2
  10
16.58910797821596
  20
47.12814325628652
  42
1
  10
18.49070818141637
  20
47.12814325628652
  42
1
  97
1
  330
2420
  75
0
  76
1
  47
0.8681437583925616
  98
1
  10
3.629517071192367
  20
33.92795499968543
  450
0
  451
0
  460
0
  461
0
  452
1
  462
1
  453
2
  463
0
  63
5
  421
255
  463
1
  63
7
  421
16777215
  470
LINEAR
  1001
ACAD
  1010
0
  1020
0
  1030
0
  0
LWPOLYLINE
  5
2422
  100
AcDbEntity
  8
Top-Solder-Mask-Layer
  100
AcDbPolyline
  90
2
  70
1
  43
0
  10
16.58910797821596
  20
47.12814325628652
  42
1
  10
18.49070818141637
  20
47.12814325628652
  42
1
  0
HATCH
  5
2446
  100
AcDbEntity
  8
Top-Solder-Mask-Layer
  100
AcDbHatch
  10
0
  20
0
  30
0
  210
0
  220
0
  230
1
  2
SOLID
  70
1
  71
0
  91
1
  92
7
  72
0
  73
1
  93
18
  10
21.70083010166021
  20
39.27814325628652
  10
21.60942463656591
  20
38.818616951821795
  10
21.349123894751006
  20
38.42904936159552
  10
20.959556304524725
  20
38.168748619780615
  10
20.500030000060008
  20
38.07734315468631
  10
20.040503695595294
  20
38.168748619780615
  10
19.65093610536901
  20
38.42904936159552
  10
19.390635363554107
  20
38.8186169518218
  10
19.299229898459803
  20
39.27814325628652
  10
19.299229898459807
  20
40.978143256286515
  10
19.390635363554107
  20
41.43766956075123
  10
19.650936105369013
  20
41.82723715097752
  10
20.040503695595294
  20
42.08753789279242
  10
20.500030000060008
  20
42.17894335788672
  10
20.959556304524725
  20
42.08753789279242
  10
21.349123894751006
  20
41.82723715097752
  10
21.60942463656591
  20
41.43766956075123
  10
21.70083010166021
  20
40.978143256286515
  97
1
  330
2445
  75
0
  76
1
  47
0.4128176842155181
  98
1
  10
34.90568961886538
  20
22.81183545379326
  450
0
  451
0
  460
0
  461
0
  452
1
  462
1
  453
2
  463
0
  63
5
  421
255
  463
1
  63
7
  421
16777215
  470
LINEAR
  1001
ACAD
  1010
0
  1020
0
  1030
0
  0
LWPOLYLINE
  5
2445
  100
AcDbEntity
  8
Top-Solder-Mask-Layer
  100
AcDbPolyline
  90
18
  70
1
  43
0
  10
21.70083010166021
  20
39.27814325628652
  10
21.60942463656591
  20
38.818616951821795
  10
21.349123894751006
  20
38.42904936159552
  10
20.959556304524725
  20
38.168748619780615
  10
20.500030000060008
  20
38.07734315468631
  10
20.040503695595294
  20
38.168748619780615
  10
19.65093610536901
  20
38.42904936159552
  10
19.390635363554107
  20
38.8186169518218
  10
19.299229898459803
  20
39.27814325628652
  10
19.299229898459807
  20
40.978143256286515
  10
19.390635363554107
  20
41.43766956075123
  10
19.650936105369013
  20
41.82723715097752
  10
20.040503695595294
  20
42.08753789279242
  10
20.500030000060008
  20
42.17894335788672
  10
20.959556304524725
  20
42.08753789279242
  10
21.349123894751006
  20
41.82723715097752
  10
21.60942463656591
  20
41.43766956075123
  10
21.70083010166021
  20
40.978143256286515
  0
HATCH
  5
2466
  100
AcDbEntity
  8
Top-Solder-Mask-Layer
  100
AcDbHatch
  10
0
  20
0
  30
0
  210
0
  220
0
  230
1
  2
SOLID
  70
1
  71
0
  91
1
  92
7
  72
0
  73
1
  93
18
  10
10.700830101660207
  20
39.27814325628652
  10
10.609424636565905
  20
38.818616951821795
  10
10.349123894751003
  20
38.42904936159552
  10
9.959556304524718
  20
38.168748619780615
  10
9.500030000060002
  20
38.07734315468631
  10
9.040503695595289
  20
38.168748619780615
  10
8.650936105369004
  20
38.42904936159552
  10
8.390635363554102
  20
38.8186169518218
  10
8.299229898459798
  20
39.27814325628652
  10
8.2992298984598
  20
40.978143256286515
  10
8.390635363554102
  20
41.43766956075123
  10
8.650936105369004
  20
41.82723715097752
  10
9.040503695595289
  20
42.08753789279242
  10
9.500030000060002
  20
42.17894335788672
  10
9.959556304524718
  20
42.08753789279242
  10
10.349123894751003
  20
41.82723715097752
  10
10.609424636565905
  20
41.43766956075123
  10
10.700830101660207
  20
40.978143256286515
  97
1
  330
2465
  75
0
  76
1
  47
0.4128176842155181
  98
1
  10
34.90568961886538
  20
22.81183545379326
  450
0
  451
0
  460
0
  461
0
  452
1
  462
1
  453
2
  463
0
  63
5
  421
255
  463
1
  63
7
  421
16777215
  470
LINEAR
  1001
ACAD
  1010
0
  1020
0
  1030
0
  0
LWPOLYLINE
  5
2465
  100
AcDbEntity
  8
Top-Solder-Mask-Layer
  100
AcDbPolyline
  90
18
  70
1
  43
0
  10
10.700830101660207
  20
39.27814325628652
  10
10.609424636565905
  20
38.818616951821795
  10
10.349123894751003
  20
38.42904936159552
  10
9.959556304524718
  20
38.168748619780615
  10
9.500030000060002
  20
38.07734315468631
  10
9.040503695595289
  20
38.168748619780615
  10
8.650936105369004
  20
38.42904936159552
  10
8.390635363554102
  20
38.8186169518218
  10
8.299229898459798
  20
39.27814325628652
  10
8.2992298984598
  20
40.978143256286515
  10
8.390635363554102
  20
41.43766956075123
  10
8.650936105369004
  20
41.82723715097752
  10
9.040503695595289
  20
42.08753789279242
  10
9.500030000060002
  20
42.17894335788672
  10
9.959556304524718
  20
42.08753789279242
  10
10.349123894751003
  20
41.82723715097752
  10
10.609424636565905
  20
41.43766956075123
  10
10.700830101660207
  20
40.978143256286515
  0
HATCH
  5
2503
  100
AcDbEntity
  8
Top-Solder-Mask-Layer
  100
AcDbHatch
  10
0
  20
0
  30
0
  210
0
  220
0
  230
1
  2
SOLID
  70
1
  71
0
  91
1
  92
7
  72
1
  73
1
  93
2
  10
79.20515838231678
  20
40.00008000016
  42
1
  10
80.95516193832388
  20
40.00008000016
  42
1
  97
1
  330
2502
  75
0
  76
1
  47
0.8681437583925616
  98
1
  10
3.629517071192367
  20
33.92795499968543
  450
0
  451
0
  460
0
  461
0
  452
1
  462
1
  453
2
  463
0
  63
5
  421
255
  463
1
  63
7
  421
16777215
  470
LINEAR
  1001
ACAD
  1010
0
  1020
0
  1030
0
  0
LWPOLYLINE
  5
2504
  100
AcDbEntity
  8
Top-Solder-Mask-Layer
  100
AcDbPolyline
  90
2
  70
1
  43
0
  10
79.20515838231677
  20
40.00008000016
  42
1
  10
80.95516193832388
  20
40.00008000016
  42
1
  0
HATCH
  5
2533
  100
AcDbEntity
  8
Top-Solder-Mask-Layer
  100
AcDbHatch
  10
0
  20
0
  30
0
  210
0
  220
0
  230
1
  2
SOLID
  70
1
  71
0
  91
1
  92
7
  72
1
  73
1
  93
2
  10
69.04513806227614
  20
40.00008000016
  42
1
  10
70.79514161828324
  20
40.00008000016
  42
1
  97
1
  330
2532
  75
0
  76
1
  47
0.8681437583925616
  98
1
  10
3.629517071192367
  20
33.92795499968543
  450
0
  451
0
  460
0
  461
0
  452
1
  462
1
  453
2
  463
0
  63
5
  421
255
  463
1
  63
7
  421
16777215
  470
LINEAR
  1001
ACAD
  1010
0
  1020
0
  1030
0
  0
LWPOLYLINE
  5
2534
  100
AcDbEntity
  8
Top-Solder-Mask-Layer
  100
AcDbPolyline
  90
2
  70
1
  43
0
  10
69.04513806227612
  20
40.00008000016
  42
1
  10
70.79514161828324
  20
40.00008000016
  42
1
  0
HATCH
  5
2563
  100
AcDbEntity
  8
Top-Solder-Mask-Layer
  100
AcDbHatch
  10
0
  20
0
  30
0
  210
0
  220
0
  230
1
  2
SOLID
  70
1
  71
0
  91
1
  92
7
  72
1
  73
1
  93
2
  10
73.00014606329214
  20
40.00008000016
  42
1
  10
77.00015393730789
  20
40.00008000016
  42
1
  97
1
  330
2562
  75
0
  76
1
  47
0.8681437583925616
  98
1
  10
3.629517071192367
  20
33.92795499968543
  450
0
  451
0
  460
0
  461
0
  452
1
  462
1
  453
2
  463
0
  63
5
  421
255
  463
1
  63
7
  421
16777215
  470
LINEAR
  1001
ACAD
  1010
0
  1020
0
  1030
0
  0
LWPOLYLINE
  5
2564
  100
AcDbEntity
  8
Top-Solder-Mask-Layer
  100
AcDbPolyline
  90
4
  70
0
  43
0
  10
73.00014606329214
  20
40.00008000241295
  42
1
  10
77.00015393730789
  20
40.00007999719835
  10
77.00015393730789
  20
40.000079997907044
  42
1
  10
73.00014606329214
  20
40.000080003121646
  0
HATCH
  5
2593
  100
AcDbEntity
  8
Top-Solder-Mask-Layer
  100
AcDbHatch
  10
0
  20
0
  30
0
  210
0
  220
0
  230
1
  2
SOLID
  70
1
  71
0
  91
1
  92
7
  72
1
  73
1
  93
2
  10
69.94013984027968
  20
42.54008508017016
  42
1
  10
72.44014492028985
  20
42.54008508017016
  42
1
  97
1
  330
2592
  75
0
  76
1
  47
0.8681437583925616
  98
1
  10
3.629517071192367
  20
33.92795499968543
  450
0
  451
0
  460
0
  461
0
  452
1
  462
1
  453
2
  463
0
  63
5
  421
255
  463
1
  63
7
  421
16777215
  470
LINEAR
  1001
ACAD
  1010
0
  1020
0
  1030
0
  0
LWPOLYLINE
  5
2594
  100
AcDbEntity
  8
Top-Solder-Mask-Layer
  100
AcDbPolyline
  90
2
  70
1
  43
0
  10
69.94013984027968
  20
42.54008508017016
  42
1
  10
72.44014492028985
  20
42.54008508017016
  42
1
  0
HATCH
  5
2623
  100
AcDbEntity
  8
Top-Solder-Mask-Layer
  100
AcDbHatch
  10
0
  20
0
  30
0
  210
0
  220
0
  230
1
  2
SOLID
  70
1
  71
0
  91
1
  92
7
  72
1
  73
1
  93
2
  10
76.29015254030509
  20
45.08009016018032
  42
1
  10
78.79015762031526
  20
45.08009016018032
  42
1
  97
1
  330
2622
  75
0
  76
1
  47
0.8681437583925616
  98
1
  10
3.629517071192367
  20
33.92795499968543
  450
0
  451
0
  460
0
  461
0
  452
1
  462
1
  453
2
  463
0
  63
5
  421
255
  463
1
  63
7
  421
16777215
  470
LINEAR
  1001
ACAD
  1010
0
  1020
0
  1030
0
  0
LWPOLYLINE
  5
2624
  100
AcDbEntity
  8
Top-Solder-Mask-Layer
  100
AcDbPolyline
  90
2
  70
1
  43
0
  10
76.29015254030509
  20
45.08009016018032
  42
1
  10
78.79015762031526
  20
45.08009016018032
  42
1
  0
HATCH
  5
2653
  100
AcDbEntity
  8
Top-Solder-Mask-Layer
  100
AcDbHatch
  10
0
  20
0
  30
0
  210
0
  220
0
  230
1
  2
SOLID
  70
1
  71
0
  91
1
  92
7
  72
1
  73
1
  93
2
  10
79.20515838231678
  20
15.000064999764941
  42
1
  10
80.95516193832388
  20
15.000064999764941
  42
1
  97
1
  330
2652
  75
0
  76
1
  47
0.8681437583925616
  98
1
  10
3.629517071192367
  20
33.92795499968543
  450
0
  451
0
  460
0
  461
0
  452
1
  462
1
  453
2
  463
0
  63
5
  421
255
  463
1
  63
7
  421
16777215
  470
LINEAR
  1001
ACAD
  1010
0
  1020
0
  1030
0
  0
LWPOLYLINE
  5
2654
  100
AcDbEntity
  8
Top-Solder-Mask-Layer
  100
AcDbPolyline
  90
2
  70
1
  43
0
  10
79.20515838231677
  20
15.000064999764941
  42
1
  10
80.95516193832388
  20
15.000064999764941
  42
1
  0
HATCH
  5
2683
  100
AcDbEntity
  8
Top-Solder-Mask-Layer
  100
AcDbHatch
  10
0
  20
0
  30
0
  210
0
  220
0
  230
1
  2
SOLID
  70
1
  71
0
  91
1
  92
7
  72
1
  73
1
  93
2
  10
69.04513806227614
  20
15.000064999764941
  42
1
  10
70.79514161828324
  20
15.000064999764941
  42
1
  97
1
  330
2682
  75
0
  76
1
  47
0.8681437583925616
  98
1
  10
3.629517071192367
  20
33.92795499968543
  450
0
  451
0
  460
0
  461
0
  452
1
  462
1
  453
2
  463
0
  63
5
  421
255
  463
1
  63
7
  421
16777215
  470
LINEAR
  1001
ACAD
  1010
0
  1020
0
  1030
0
  0
LWPOLYLINE
  5
2684
  100
AcDbEntity
  8
Top-Solder-Mask-Layer
  100
AcDbPolyline
  90
2
  70
1
  43
0
  10
69.04513806227612
  20
15.000064999764941
  42
1
  10
70.79514161828324
  20
15.000064999764941
  42
1
  0
HATCH
  5
2713
  100
AcDbEntity
  8
Top-Solder-Mask-Layer
  100
AcDbHatch
  10
0
  20
0
  30
0
  210
0
  220
0
  230
1
  2
SOLID
  70
1
  71
0
  91
1
  92
7
  72
1
  73
1
  93
2
  10
73.00014606329214
  20
15.000064999764941
  42
1
  10
77.00015393730789
  20
15.000064999764941
  42
1
  97
1
  330
2712
  75
0
  76
1
  47
0.8681437583925616
  98
1
  10
3.629517071192367
  20
33.92795499968543
  450
0
  451
0
  460
0
  461
0
  452
1
  462
1
  453
2
  463
0
  63
5
  421
255
  463
1
  63
7
  421
16777215
  470
LINEAR
  1001
ACAD
  1010
0
  1020
0
  1030
0
  0
LWPOLYLINE
  5
2714
  100
AcDbEntity
  8
Top-Solder-Mask-Layer
  100
AcDbPolyline
  90
4
  70
0
  43
0
  10
73.00014606329214
  20
15.000065002017887
  42
1
  10
77.00015393730789
  20
15.000064996803285
  10
77.00015393730789
  20
15.000064997511993
  42
1
  10
73.00014606329214
  20
15.000065002726593
  0
HATCH
  5
2743
  100
AcDbEntity
  8
Top-Solder-Mask-Layer
  100
AcDbHatch
  10
0
  20
0
  30
0
  210
0
  220
0
  230
1
  2
SOLID
  70
1
  71
0
  91
1
  92
7
  72
1
  73
1
  93
2
  10
69.94013984027968
  20
17.5400700797751
  42
1
  10
72.44014492028985
  20
17.5400700797751
  42
1
  97
1
  330
2742
  75
0
  76
1
  47
0.8681437583925616
  98
1
  10
3.629517071192367
  20
33.92795499968543
  450
0
  451
0
  460
0
  461
0
  452
1
  462
1
  453
2
  463
0
  63
5
  421
255
  463
1
  63
7
  421
16777215
  470
LINEAR
  1001
ACAD
  1010
0
  1020
0
  1030
0
  0
LWPOLYLINE
  5
2744
  100
AcDbEntity
  8
Top-Solder-Mask-Layer
  100
AcDbPolyline
  90
2
  70
1
  43
0
  10
69.94013984027968
  20
17.5400700797751
  42
1
  10
72.44014492028985
  20
17.5400700797751
  42
1
  0
HATCH
  5
2773
  100
AcDbEntity
  8
Top-Solder-Mask-Layer
  100
AcDbHatch
  10
0
  20
0
  30
0
  210
0
  220
0
  230
1
  2
SOLID
  70
1
  71
0
  91
1
  92
7
  72
1
  73
1
  93
2
  10
76.29015254030509
  20
20.08007515978526
  42
1
  10
78.79015762031526
  20
20.08007515978526
  42
1
  97
1
  330
2772
  75
0
  76
1
  47
0.8681437583925616
  98
1
  10
3.629517071192367
  20
33.92795499968543
  450
0
  451
0
  460
0
  461
0
  452
1
  462
1
  453
2
  463
0
  63
5
  421
255
  463
1
  63
7
  421
16777215
  470
LINEAR
  1001
ACAD
  1010
0
  1020
0
  1030
0
  0
LWPOLYLINE
  5
2774
  100
AcDbEntity
  8
Top-Solder-Mask-Layer
  100
AcDbPolyline
  90
2
  70
1
  43
0
  10
76.29015254030509
  20
20.08007515978526
  42
1
  10
78.79015762031526
  20
20.08007515978526
  42
1
  0
HATCH
  5
2803
  100
AcDbEntity
  8
Top-Solder-Mask-Layer
  100
AcDbHatch
  10
0
  20
0
  30
0
  210
0
  220
0
  230
1
  2
SOLID
  70
1
  71
0
  91
1
  92
7
  72
1
  73
1
  93
2
  10
85.04694957935436
  20
60.43662087324176
  42
1
  10
86.67255283056087
  20
60.43662087324176
  42
1
  97
1
  330
2802
  75
0
  76
1
  47
0.8681437583925616
  98
1
  10
3.629517071192367
  20
33.92795499968543
  450
0
  451
0
  460
0
  461
0
  452
1
  462
1
  453
2
  463
0
  63
5
  421
255
  463
1
  63
7
  421
16777215
  470
LINEAR
  1001
ACAD
  1010
0
  1020
0
  1030
0
  0
LWPOLYLINE
  5
2804
  100
AcDbEntity
  8
Top-Solder-Mask-Layer
  100
AcDbPolyline
  90
4
  70
0
  43
0
  10
85.04694957935436
  20
60.436620874260804
  42
1
  10
86.67255283056086
  20
60.43662087213621
  10
86.67255283056086
  20
60.43662087222271
  42
1
  10
85.04694957935436
  20
60.436620874347305
  0
HATCH
  5
2833
  100
AcDbEntity
  8
Top-Solder-Mask-Layer
  100
AcDbHatch
  10
0
  20
0
  30
0
  210
0
  220
0
  230
1
  2
SOLID
  70
1
  71
0
  91
1
  92
7
  72
1
  73
1
  93
2
  10
24.187248374496747
  20
59.00011800023601
  42
1
  10
25.812851625703253
  20
59.00011800023601
  42
1
  97
1
  330
2832
  75
0
  76
1
  47
0.8681437583925616
  98
1
  10
3.629517071192367
  20
33.92795499968543
  450
0
  451
0
  460
0
  461
0
  452
1
  462
1
  453
2
  463
0
  63
5
  421
255
  463
1
  63
7
  421
16777215
  470
LINEAR
  1001
ACAD
  1010
0
  1020
0
  1030
0
  0
LWPOLYLINE
  5
2834
  100
AcDbEntity
  8
Top-Solder-Mask-Layer
  100
AcDbPolyline
  90
2
  70
1
  43
0
  10
24.187248374496747
  20
59.00011800023601
  42
1
  10
25.812851625703253
  20
59.00011800023601
  42
1
  0
HATCH
  5
1270
  100
AcDbEntity
  8
Top-Paste-Mask-Layer
  100
AcDbHatch
  10
0
  20
0
  30
0
  210
0
  220
0
  230
1
  2
SOLID
  70
1
  71
0
  91
1
  92
7
  72
0
  73
1
  93
12
  10
1.9550893101786113
  20
50.697071994144004
  10
1.9550893101786113
  20
53.04705929411861
  10
2.0136618273236406
  20
53.18848677697356
  10
2.155089310178623
  20
53.2470846941694
  10
3.7550893101786342
  20
53.247084694169395
  10
3.8965167930335878
  20
53.188486776973555
  10
3.9550893101786175
  20
53.047059294118604
  10
3.9550893101786175
  20
50.697071994144004
  10
3.8965167930335878
  20
50.55564451128903
  10
3.7550893101786342
  20
50.497071994144
  10
2.155089310178623
  20
50.497071994144
  10
2.0136618273236406
  20
50.55564451128903
  97
1
  330
1269
  75
0
  76
1
  47
0.4128176842155181
  98
1
  10
34.90568961886538
  20
22.81183545379326
  450
0
  451
0
  460
0
  461
0
  452
1
  462
1
  453
2
  463
0
  63
5
  421
255
  463
1
  63
7
  421
16777215
  470
LINEAR
  1001
ACAD
  1010
0
  1020
0
  1030
0
  0
LWPOLYLINE
  5
1269
  100
AcDbEntity
  8
Top-Paste-Mask-Layer
  100
AcDbPolyline
  90
12
  70
1
  43
0
  10
1.9550893101786113
  20
50.697071994144004
  10
1.9550893101786113
  20
53.04705929411861
  10
2.0136618273236406
  20
53.18848677697356
  10
2.155089310178623
  20
53.2470846941694
  10
3.7550893101786342
  20
53.247084694169395
  10
3.8965167930335878
  20
53.188486776973555
  10
3.9550893101786175
  20
53.047059294118604
  10
3.9550893101786175
  20
50.697071994144004
  10
3.8965167930335878
  20
50.55564451128903
  10
3.7550893101786342
  20
50.497071994144
  10
2.155089310178623
  20
50.497071994144
  10
2.0136618273236406
  20
50.55564451128903
  0
HATCH
  5
1276
  100
AcDbEntity
  8
Top-Paste-Mask-Layer
  100
AcDbHatch
  10
0
  20
0
  30
0
  210
0
  220
0
  230
1
  2
SOLID
  70
1
  71
0
  91
1
  92
7
  72
0
  73
1
  93
12
  10
4.495094390188771
  20
50.697071994144004
  10
4.495094390188771
  20
53.047059294118604
  10
4.553666907333801
  20
53.188486776973555
  10
4.695094390188784
  20
53.247084694169395
  10
6.295094390188795
  20
53.247084694169395
  10
6.436521873043748
  20
53.188486776973555
  10
6.495094390188778
  20
53.047059294118604
  10
6.495094390188778
  20
50.697071994144004
  10
6.436521873043748
  20
50.55564451128903
  10
6.295094390188795
  20
50.497071994144
  10
4.695094390188784
  20
50.497071994144
  10
4.553666907333801
  20
50.55564451128903
  97
1
  330
1275
  75
0
  76
1
  47
0.4128176842155181
  98
1
  10
34.90568961886538
  20
22.81183545379326
  450
0
  451
0
  460
0
  461
0
  452
1
  462
1
  453
2
  463
0
  63
5
  421
255
  463
1
  63
7
  421
16777215
  470
LINEAR
  1001
ACAD
  1010
0
  1020
0
  1030
0
  0
LWPOLYLINE
  5
1275
  100
AcDbEntity
  8
Top-Paste-Mask-Layer
  100
AcDbPolyline
  90
12
  70
1
  43
0
  10
4.495094390188771
  20
50.697071994144004
  10
4.495094390188771
  20
53.047059294118604
  10
4.553666907333801
  20
53.188486776973555
  10
4.695094390188784
  20
53.247084694169395
  10
6.295094390188795
  20
53.247084694169395
  10
6.436521873043748
  20
53.188486776973555
  10
6.495094390188778
  20
53.047059294118604
  10
6.495094390188778
  20
50.697071994144004
  10
6.436521873043748
  20
50.55564451128903
  10
6.295094390188795
  20
50.497071994144
  10
4.695094390188784
  20
50.497071994144
  10
4.553666907333801
  20
50.55564451128903
  0
HATCH
  5
1282
  100
AcDbEntity
  8
Top-Paste-Mask-Layer
  100
AcDbHatch
  10
0
  20
0
  30
0
  210
0
  220
0
  230
1
  2
SOLID
  70
1
  71
0
  91
1
  92
7
  72
0
  73
1
  93
12
  10
7.035099470198932
  20
50.697071994144004
  10
7.035099470198932
  20
53.047059294118604
  10
7.093671987343961
  20
53.188486776973555
  10
7.235099470198944
  20
53.247084694169395
  10
8.835099470198955
  20
53.247084694169395
  10
8.97652695305391
  20
53.188486776973555
  10
9.035099470198938
  20
53.047059294118604
  10
9.035099470198938
  20
50.697071994144
  10
8.97652695305391
  20
50.555644511289024
  10
8.835099470198955
  20
50.497071994143994
  10
7.235099470198944
  20
50.497071994144
  10
7.093671987343961
  20
50.55564451128903
  97
1
  330
1281
  75
0
  76
1
  47
0.4128176842155181
  98
1
  10
34.90568961886538
  20
22.81183545379326
  450
0
  451
0
  460
0
  461
0
  452
1
  462
1
  453
2
  463
0
  63
5
  421
255
  463
1
  63
7
  421
16777215
  470
LINEAR
  1001
ACAD
  1010
0
  1020
0
  1030
0
  0
LWPOLYLINE
  5
1281
  100
AcDbEntity
  8
Top-Paste-Mask-Layer
  100
AcDbPolyline
  90
12
  70
1
  43
0
  10
7.035099470198932
  20
50.697071994144004
  10
7.035099470198932
  20
53.047059294118604
  10
7.093671987343961
  20
53.188486776973555
  10
7.235099470198944
  20
53.247084694169395
  10
8.835099470198955
  20
53.247084694169395
  10
8.97652695305391
  20
53.188486776973555
  10
9.035099470198938
  20
53.047059294118604
  10
9.035099470198938
  20
50.697071994144
  10
8.97652695305391
  20
50.555644511289024
  10
8.835099470198955
  20
50.497071994143994
  10
7.235099470198944
  20
50.497071994144
  10
7.093671987343961
  20
50.55564451128903
  0
HATCH
  5
1288
  100
AcDbEntity
  8
Top-Paste-Mask-Layer
  100
AcDbHatch
  10
0
  20
0
  30
0
  210
0
  220
0
  230
1
  2
SOLID
  70
1
  71
0
  91
1
  92
7
  72
0
  73
1
  93
12
  10
9.575104550209092
  20
50.697071994144
  10
9.575104550209092
  20
53.047059294118604
  10
9.633677067354151
  20
53.188486776973555
  10
9.775104550209104
  20
53.247084694169395
  10
11.375104550209116
  20
53.247084694169395
  10
11.516532033064069
  20
53.188486776973555
  10
11.5751045502091
  20
53.047059294118604
  10
11.5751045502091
  20
50.697071994144
  10
11.516532033064069
  20
50.555644511289024
  10
11.375104550209116
  20
50.497071994143994
  10
9.775104550209104
  20
50.497071994143994
  10
9.633677067354151
  20
50.555644511289024
  97
1
  330
1287
  75
0
  76
1
  47
0.4128176842155181
  98
1
  10
34.90568961886538
  20
22.81183545379326
  450
0
  451
0
  460
0
  461
0
  452
1
  462
1
  453
2
  463
0
  63
5
  421
255
  463
1
  63
7
  421
16777215
  470
LINEAR
  1001
ACAD
  1010
0
  1020
0
  1030
0
  0
LWPOLYLINE
  5
1287
  100
AcDbEntity
  8
Top-Paste-Mask-Layer
  100
AcDbPolyline
  90
12
  70
1
  43
0
  10
9.575104550209092
  20
50.697071994144
  10
9.575104550209092
  20
53.047059294118604
  10
9.633677067354151
  20
53.188486776973555
  10
9.775104550209104
  20
53.247084694169395
  10
11.375104550209116
  20
53.247084694169395
  10
11.516532033064069
  20
53.188486776973555
  10
11.5751045502091
  20
53.047059294118604
  10
11.5751045502091
  20
50.697071994144
  10
11.516532033064069
  20
50.555644511289024
  10
11.375104550209116
  20
50.497071994143994
  10
9.775104550209104
  20
50.497071994143994
  10
9.633677067354151
  20
50.555644511289024
  0
HATCH
  5
1294
  100
AcDbEntity
  8
Top-Paste-Mask-Layer
  100
AcDbHatch
  10
0
  20
0
  30
0
  210
0
  220
0
  230
1
  2
SOLID
  70
1
  71
0
  91
1
  92
7
  72
0
  73
1
  93
12
  10
12.115109630219253
  20
50.697071994144
  10
12.115109630219253
  20
53.047059294118604
  10
12.17368214736431
  20
53.188486776973555
  10
12.315109630219265
  20
53.247084694169395
  10
13.915109630219275
  20
53.247084694169395
  10
14.05653711307423
  20
53.188486776973555
  10
14.115109630219258
  20
53.047059294118604
  10
14.115109630219258
  20
50.697071994144
  10
14.05653711307423
  20
50.555644511289024
  10
13.915109630219275
  20
50.497071994143994
  10
12.315109630219265
  20
50.497071994143994
  10
12.17368214736431
  20
50.555644511289024
  97
1
  330
1293
  75
0
  76
1
  47
0.4128176842155181
  98
1
  10
34.90568961886538
  20
22.81183545379326
  450
0
  451
0
  460
0
  461
0
  452
1
  462
1
  453
2
  463
0
  63
5
  421
255
  463
1
  63
7
  421
16777215
  470
LINEAR
  1001
ACAD
  1010
0
  1020
0
  1030
0
  0
LWPOLYLINE
  5
1293
  100
AcDbEntity
  8
Top-Paste-Mask-Layer
  100
AcDbPolyline
  90
12
  70
1
  43
0
  10
12.115109630219253
  20
50.697071994144
  10
12.115109630219253
  20
53.047059294118604
  10
12.17368214736431
  20
53.188486776973555
  10
12.315109630219265
  20
53.247084694169395
  10
13.915109630219275
  20
53.247084694169395
  10
14.05653711307423
  20
53.188486776973555
  10
14.115109630219258
  20
53.047059294118604
  10
14.115109630219258
  20
50.697071994144
  10
14.05653711307423
  20
50.555644511289024
  10
13.915109630219275
  20
50.497071994143994
  10
12.315109630219265
  20
50.497071994143994
  10
12.17368214736431
  20
50.555644511289024
  0
HATCH
  5
1300
  100
AcDbEntity
  8
Top-Paste-Mask-Layer
  100
AcDbHatch
  10
0
  20
0
  30
0
  210
0
  220
0
  230
1
  2
SOLID
  70
1
  71
0
  91
1
  92
7
  72
0
  73
1
  93
12
  10
14.655114710229412
  20
50.697071994144
  10
14.655114710229412
  20
53.047059294118604
  10
14.713687227374443
  20
53.188486776973555
  10
14.855114710229424
  20
53.247084694169395
  10
16.455114710229434
  20
53.247084694169395
  10
16.59654219308439
  20
53.188486776973555
  10
16.65511471022942
  20
53.047059294118604
  10
16.655114710229412
  20
50.697071994144
  10
16.59654219308438
  20
50.555644511289024
  10
16.455114710229427
  20
50.497071994143994
  10
14.855114710229424
  20
50.497071994143994
  10
14.713687227374443
  20
50.555644511289024
  97
1
  330
1299
  75
0
  76
1
  47
0.4128176842155181
  98
1
  10
34.90568961886538
  20
22.81183545379326
  450
0
  451
0
  460
0
  461
0
  452
1
  462
1
  453
2
  463
0
  63
5
  421
255
  463
1
  63
7
  421
16777215
  470
LINEAR
  1001
ACAD
  1010
0
  1020
0
  1030
0
  0
LWPOLYLINE
  5
1299
  100
AcDbEntity
  8
Top-Paste-Mask-Layer
  100
AcDbPolyline
  90
12
  70
1
  43
0
  10
14.655114710229412
  20
50.697071994144
  10
14.655114710229412
  20
53.047059294118604
  10
14.713687227374443
  20
53.188486776973555
  10
14.855114710229424
  20
53.247084694169395
  10
16.455114710229434
  20
53.247084694169395
  10
16.59654219308439
  20
53.188486776973555
  10
16.65511471022942
  20
53.047059294118604
  10
16.655114710229412
  20
50.697071994144
  10
16.59654219308438
  20
50.555644511289024
  10
16.455114710229427
  20
50.497071994143994
  10
14.855114710229424
  20
50.497071994143994
  10
14.713687227374443
  20
50.555644511289024
  0
HATCH
  5
1306
  100
AcDbEntity
  8
Top-Paste-Mask-Layer
  100
AcDbHatch
  10
0
  20
0
  30
0
  210
0
  220
0
  230
1
  2
SOLID
  70
1
  71
0
  91
1
  92
7
  72
0
  73
1
  93
12
  10
17.195119790239566
  20
50.697071994144
  10
17.195119790239573
  20
53.047059294118604
  10
17.253692307384604
  20
53.188486776973555
  10
17.395119790239587
  20
53.247084694169395
  10
18.995119790239595
  20
53.247084694169395
  10
19.13654727309455
  20
53.188486776973555
  10
19.19511979023958
  20
53.047059294118604
  10
19.195119790239573
  20
50.697071994144
  10
19.136547273094543
  20
50.555644511289024
  10
18.99511979023959
  20
50.497071994143994
  10
17.39511979023958
  20
50.497071994143994
  10
17.253692307384597
  20
50.555644511289024
  97
1
  330
1305
  75
0
  76
1
  47
0.4128176842155181
  98
1
  10
34.90568961886538
  20
22.81183545379326
  450
0
  451
0
  460
0
  461
0
  452
1
  462
1
  453
2
  463
0
  63
5
  421
255
  463
1
  63
7
  421
16777215
  470
LINEAR
  1001
ACAD
  1010
0
  1020
0
  1030
0
  0
LWPOLYLINE
  5
1305
  100
AcDbEntity
  8
Top-Paste-Mask-Layer
  100
AcDbPolyline
  90
12
  70
1
  43
0
  10
17.195119790239566
  20
50.697071994144
  10
17.195119790239573
  20
53.047059294118604
  10
17.253692307384604
  20
53.188486776973555
  10
17.395119790239587
  20
53.247084694169395
  10
18.995119790239595
  20
53.247084694169395
  10
19.13654727309455
  20
53.188486776973555
  10
19.19511979023958
  20
53.047059294118604
  10
19.195119790239573
  20
50.697071994144
  10
19.136547273094543
  20
50.555644511289024
  10
18.99511979023959
  20
50.497071994143994
  10
17.39511979023958
  20
50.497071994143994
  10
17.253692307384597
  20
50.555644511289024
  0
HATCH
  5
1312
  100
AcDbEntity
  8
Top-Paste-Mask-Layer
  100
AcDbHatch
  10
0
  20
0
  30
0
  210
0
  220
0
  230
1
  2
SOLID
  70
1
  71
0
  91
1
  92
7
  72
0
  73
1
  93
12
  10
19.19499278998558
  20
69.21223582447166
  10
19.19499278998558
  20
66.86224852449706
  10
19.136420272840553
  20
66.7208210416421
  10
18.99499278998557
  20
66.66222312444626
  10
17.394992789985587
  20
66.66222312444626
  10
17.253565307130604
  20
66.7208210416421
  10
17.194992789985577
  20
66.86224852449706
  10
17.194992789985577
  20
69.21223582447166
  10
17.253565307130604
  20
69.35366330732663
  10
17.394992789985587
  20
69.41223582447167
  10
18.99499278998557
  20
69.41223582447167
  10
19.136420272840553
  20
69.35366330732663
  97
1
  330
1311
  75
0
  76
1
  47
0.4128176842155181
  98
1
  10
34.90568961886538
  20
22.81183545379326
  450
0
  451
0
  460
0
  461
0
  452
1
  462
1
  453
2
  463
0
  63
5
  421
255
  463
1
  63
7
  421
16777215
  470
LINEAR
  1001
ACAD
  1010
0
  1020
0
  1030
0
  0
LWPOLYLINE
  5
1311
  100
AcDbEntity
  8
Top-Paste-Mask-Layer
  100
AcDbPolyline
  90
12
  70
1
  43
0
  10
19.19499278998558
  20
69.21223582447166
  10
19.19499278998558
  20
66.86224852449706
  10
19.136420272840553
  20
66.7208210416421
  10
18.99499278998557
  20
66.66222312444626
  10
17.394992789985587
  20
66.66222312444626
  10
17.253565307130604
  20
66.7208210416421
  10
17.194992789985577
  20
66.86224852449706
  10
17.194992789985577
  20
69.21223582447166
  10
17.253565307130604
  20
69.35366330732663
  10
17.394992789985587
  20
69.41223582447167
  10
18.99499278998557
  20
69.41223582447167
  10
19.136420272840553
  20
69.35366330732663
  0
HATCH
  5
1318
  100
AcDbEntity
  8
Top-Paste-Mask-Layer
  100
AcDbHatch
  10
0
  20
0
  30
0
  210
0
  220
0
  230
1
  2
SOLID
  70
1
  71
0
  91
1
  92
7
  72
0
  73
1
  93
12
  10
14.528190656381314
  20
66.95310450620902
  10
14.528190656381314
  20
69.30309180618363
  10
14.586763173526345
  20
69.4445192890386
  10
14.728190656381328
  20
69.50311720623442
  10
16.32819065638131
  20
69.50311720623442
  10
16.469618139236292
  20
69.4445192890386
  10
16.52819065638132
  20
69.30309180618363
  10
16.52819065638132
  20
66.95310450620902
  10
16.469618139236292
  20
66.81167702335405
  10
16.32819065638131
  20
66.75310450620903
  10
14.728190656381328
  20
66.75310450620903
  10
14.586763173526345
  20
66.81167702335405
  97
1
  330
1317
  75
0
  76
1
  47
0.4128176842155181
  98
1
  10
34.90568961886538
  20
22.81183545379326
  450
0
  451
0
  460
0
  461
0
  452
1
  462
1
  453
2
  463
0
  63
5
  421
255
  463
1
  63
7
  421
16777215
  470
LINEAR
  1001
ACAD
  1010
0
  1020
0
  1030
0
  0
LWPOLYLINE
  5
1317
  100
AcDbEntity
  8
Top-Paste-Mask-Layer
  100
AcDbPolyline
  90
12
  70
1
  43
0
  10
14.528190656381314
  20
66.95310450620902
  10
14.528190656381314
  20
69.30309180618363
  10
14.586763173526345
  20
69.4445192890386
  10
14.728190656381328
  20
69.50311720623442
  10
16.32819065638131
  20
69.50311720623442
  10
16.469618139236292
  20
69.4445192890386
  10
16.52819065638132
  20
69.30309180618363
  10
16.52819065638132
  20
66.95310450620902
  10
16.469618139236292
  20
66.81167702335405
  10
16.32819065638131
  20
66.75310450620903
  10
14.728190656381328
  20
66.75310450620903
  10
14.586763173526345
  20
66.81167702335405
  0
HATCH
  5
1324
  100
AcDbEntity
  8
Top-Paste-Mask-Layer
  100
AcDbHatch
  10
0
  20
0
  30
0
  210
0
  220
0
  230
1
  2
SOLID
  70
1
  71
0
  91
1
  92
7
  72
0
  73
1
  93
12
  10
12.115185830371663
  20
66.86217232434466
  10
12.115185830371663
  20
69.21215962431927
  10
12.173758347516692
  20
69.35358710717423
  10
12.315185830371675
  20
69.41218502437006
  10
13.915185830371657
  20
69.41218502437006
  10
14.05661331322664
  20
69.35358710717423
  10
14.115185830371669
  20
69.21215962431927
  10
14.115185830371669
  20
66.86217232434466
  10
14.05661331322664
  20
66.7207448414897
  10
13.915185830371657
  20
66.66217232434465
  10
12.315185830371675
  20
66.66217232434465
  10
12.173758347516692
  20
66.7207448414897
  97
1
  330
1323
  75
0
  76
1
  47
0.4128176842155181
  98
1
  10
34.90568961886538
  20
22.81183545379326
  450
0
  451
0
  460
0
  461
0
  452
1
  462
1
  453
2
  463
0
  63
5
  421
255
  463
1
  63
7
  421
16777215
  470
LINEAR
  1001
ACAD
  1010
0
  1020
0
  1030
0
  0
LWPOLYLINE
  5
1323
  100
AcDbEntity
  8
Top-Paste-Mask-Layer
  100
AcDbPolyline
  90
12
  70
1
  43
0
  10
12.115185830371663
  20
66.86217232434466
  10
12.115185830371663
  20
69.21215962431927
  10
12.173758347516692
  20
69.35358710717423
  10
12.315185830371675
  20
69.41218502437006
  10
13.915185830371657
  20
69.41218502437006
  10
14.05661331322664
  20
69.35358710717423
  10
14.115185830371669
  20
69.21215962431927
  10
14.115185830371669
  20
66.86217232434466
  10
14.05661331322664
  20
66.7207448414897
  10
13.915185830371657
  20
66.66217232434465
  10
12.315185830371675
  20
66.66217232434465
  10
12.173758347516692
  20
66.7207448414897
  0
HATCH
  5
1330
  100
AcDbEntity
  8
Top-Paste-Mask-Layer
  100
AcDbHatch
  10
0
  20
0
  30
0
  210
0
  220
0
  230
1
  2
SOLID
  70
1
  71
0
  91
1
  92
7
  72
0
  73
1
  93
12
  10
9.575180750361502
  20
66.86217232434466
  10
9.575180750361502
  20
69.21215962431927
  10
9.633753267506531
  20
69.35358710717423
  10
9.775180750361514
  20
69.41218502437006
  10
11.375180750361496
  20
69.41218502437006
  10
11.516608233216479
  20
69.35358710717423
  10
11.575180750361508
  20
69.21215962431927
  10
11.575180750361508
  20
66.86217232434466
  10
11.516608233216479
  20
66.7207448414897
  10
11.375180750361496
  20
66.66217232434465
  10
9.775180750361514
  20
66.66217232434465
  10
9.633753267506531
  20
66.7207448414897
  97
1
  330
1329
  75
0
  76
1
  47
0.4128176842155181
  98
1
  10
34.90568961886538
  20
22.81183545379326
  450
0
  451
0
  460
0
  461
0
  452
1
  462
1
  453
2
  463
0
  63
5
  421
255
  463
1
  63
7
  421
16777215
  470
LINEAR
  1001
ACAD
  1010
0
  1020
0
  1030
0
  0
LWPOLYLINE
  5
1329
  100
AcDbEntity
  8
Top-Paste-Mask-Layer
  100
AcDbPolyline
  90
12
  70
1
  43
0
  10
9.575180750361502
  20
66.86217232434466
  10
9.575180750361502
  20
69.21215962431927
  10
9.633753267506531
  20
69.35358710717423
  10
9.775180750361514
  20
69.41218502437006
  10
11.375180750361496
  20
69.41218502437006
  10
11.516608233216479
  20
69.35358710717423
  10
11.575180750361508
  20
69.21215962431927
  10
11.575180750361508
  20
66.86217232434466
  10
11.516608233216479
  20
66.7207448414897
  10
11.375180750361496
  20
66.66217232434465
  10
9.775180750361514
  20
66.66217232434465
  10
9.633753267506531
  20
66.7207448414897
  0
HATCH
  5
1336
  100
AcDbEntity
  8
Top-Paste-Mask-Layer
  100
AcDbHatch
  10
0
  20
0
  30
0
  210
0
  220
0
  230
1
  2
SOLID
  70
1
  71
0
  91
1
  92
7
  72
0
  73
1
  93
12
  10
7.035175670351342
  20
66.86217232434466
  10
7.035175670351342
  20
69.21215962431927
  10
7.093748187496371
  20
69.35358710717423
  10
7.235175670351354
  20
69.41218502437006
  10
8.835175670351337
  20
69.41218502437006
  10
8.976603153206318
  20
69.35358710717423
  10
9.035175670351348
  20
69.21215962431927
  10
9.035175670351348
  20
66.86217232434466
  10
8.976603153206318
  20
66.7207448414897
  10
8.835175670351337
  20
66.66217232434465
  10
7.235175670351354
  20
66.66217232434465
  10
7.093748187496371
  20
66.7207448414897
  97
1
  330
1335
  75
0
  76
1
  47
0.4128176842155181
  98
1
  10
34.90568961886538
  20
22.81183545379326
  450
0
  451
0
  460
0
  461
0
  452
1
  462
1
  453
2
  463
0
  63
5
  421
255
  463
1
  63
7
  421
16777215
  470
LINEAR
  1001
ACAD
  1010
0
  1020
0
  1030
0
  0
LWPOLYLINE
  5
1335
  100
AcDbEntity
  8
Top-Paste-Mask-Layer
  100
AcDbPolyline
  90
12
  70
1
  43
0
  10
7.035175670351342
  20
66.86217232434466
  10
7.035175670351342
  20
69.21215962431927
  10
7.093748187496371
  20
69.35358710717423
  10
7.235175670351354
  20
69.41218502437006
  10
8.835175670351337
  20
69.41218502437006
  10
8.976603153206318
  20
69.35358710717423
  10
9.035175670351348
  20
69.21215962431927
  10
9.035175670351348
  20
66.86217232434466
  10
8.976603153206318
  20
66.7207448414897
  10
8.835175670351337
  20
66.66217232434465
  10
7.235175670351354
  20
66.66217232434465
  10
7.093748187496371
  20
66.7207448414897
  0
HATCH
  5
1342
  100
AcDbEntity
  8
Top-Paste-Mask-Layer
  100
AcDbHatch
  10
0
  20
0
  30
0
  210
0
  220
0
  230
1
  2
SOLID
  70
1
  71
0
  91
1
  92
7
  72
0
  73
1
  93
12
  10
4.495170590341181
  20
66.86217232434466
  10
4.495170590341181
  20
69.21215962431927
  10
4.553743107486211
  20
69.35358710717423
  10
4.695170590341194
  20
69.41218502437006
  10
6.295170590341176
  20
69.41218502437006
  10
6.4365980731961585
  20
69.35358710717423
  10
6.495170590341187
  20
69.21215962431927
  10
6.495170590341187
  20
66.86217232434466
  10
6.4365980731961585
  20
66.7207448414897
  10
6.295170590341176
  20
66.66217232434465
  10
4.695170590341194
  20
66.66217232434465
  10
4.553743107486211
  20
66.7207448414897
  97
1
  330
1341
  75
0
  76
1
  47
0.4128176842155181
  98
1
  10
34.90568961886538
  20
22.81183545379326
  450
0
  451
0
  460
0
  461
0
  452
1
  462
1
  453
2
  463
0
  63
5
  421
255
  463
1
  63
7
  421
16777215
  470
LINEAR
  1001
ACAD
  1010
0
  1020
0
  1030
0
  0
LWPOLYLINE
  5
1341
  100
AcDbEntity
  8
Top-Paste-Mask-Layer
  100
AcDbPolyline
  90
12
  70
1
  43
0
  10
4.495170590341181
  20
66.86217232434466
  10
4.495170590341181
  20
69.21215962431927
  10
4.553743107486211
  20
69.35358710717423
  10
4.695170590341194
  20
69.41218502437006
  10
6.295170590341176
  20
69.41218502437006
  10
6.4365980731961585
  20
69.35358710717423
  10
6.495170590341187
  20
69.21215962431927
  10
6.495170590341187
  20
66.86217232434466
  10
6.4365980731961585
  20
66.7207448414897
  10
6.295170590341176
  20
66.66217232434465
  10
4.695170590341194
  20
66.66217232434465
  10
4.553743107486211
  20
66.7207448414897
  0
HATCH
  5
1348
  100
AcDbEntity
  8
Top-Paste-Mask-Layer
  100
AcDbHatch
  10
0
  20
0
  30
0
  210
0
  220
0
  230
1
  2
SOLID
  70
1
  71
0
  91
1
  92
7
  72
0
  73
1
  93
12
  10
1.9551655103310213
  20
66.86217232434466
  10
1.9551655103310213
  20
69.21215962431927
  10
2.013738027476051
  20
69.35358710717423
  10
2.155165510331033
  20
69.41218502437006
  10
3.755165510331015
  20
69.41218502437006
  10
3.896592993185998
  20
69.35358710717423
  10
3.9551655103310273
  20
69.21215962431927
  10
3.9551655103310273
  20
66.86217232434466
  10
3.896592993185998
  20
66.7207448414897
  10
3.755165510331015
  20
66.66217232434465
  10
2.155165510331033
  20
66.66217232434465
  10
2.013738027476051
  20
66.7207448414897
  97
1
  330
1347
  75
0
  76
1
  47
0.4128176842155181
  98
1
  10
34.90568961886538
  20
22.81183545379326
  450
0
  451
0
  460
0
  461
0
  452
1
  462
1
  453
2
  463
0
  63
5
  421
255
  463
1
  63
7
  421
16777215
  470
LINEAR
  1001
ACAD
  1010
0
  1020
0
  1030
0
  0
LWPOLYLINE
  5
1347
  100
AcDbEntity
  8
Top-Paste-Mask-Layer
  100
AcDbPolyline
  90
12
  70
1
  43
0
  10
1.9551655103310213
  20
66.86217232434466
  10
1.9551655103310213
  20
69.21215962431927
  10
2.013738027476051
  20
69.35358710717423
  10
2.155165510331033
  20
69.41218502437006
  10
3.755165510331015
  20
69.41218502437006
  10
3.896592993185998
  20
69.35358710717423
  10
3.9551655103310273
  20
69.21215962431927
  10
3.9551655103310273
  20
66.86217232434466
  10
3.896592993185998
  20
66.7207448414897
  10
3.755165510331015
  20
66.66217232434465
  10
2.155165510331033
  20
66.66217232434465
  10
2.013738027476051
  20
66.7207448414897
  0
HATCH
  5
1356
  100
AcDbEntity
  8
Top-Paste-Mask-Layer
  100
AcDbHatch
  10
0
  20
0
  30
0
  210
0
  220
0
  230
1
  2
SOLID
  70
1
  71
0
  91
1
  92
7
  72
1
  73
1
  93
2
  10
5.915071530143061
  20
64.95566991133983
  42
1
  10
7.6150715301430605
  20
64.95566991133983
  42
1
  97
1
  330
1355
  75
0
  76
1
  47
0.8681437583925616
  98
1
  10
3.629517071192367
  20
33.92795499968543
  450
0
  451
0
  460
0
  461
0
  452
1
  462
1
  453
2
  463
0
  63
5
  421
255
  463
1
  63
7
  421
16777215
  470
LINEAR
  1001
ACAD
  1010
0
  1020
0
  1030
0
  0
LWPOLYLINE
  5
1357
  100
AcDbEntity
  8
Top-Paste-Mask-Layer
  100
AcDbPolyline
  90
2
  70
1
  43
0
  10
5.91507153014306
  20
64.95566991133983
  42
1
  10
7.615071530143061
  20
64.95566991133983
  42
1
  0
HATCH
  5
1365
  100
AcDbEntity
  8
Top-Paste-Mask-Layer
  100
AcDbHatch
  10
0
  20
0
  30
0
  210
0
  220
0
  230
1
  2
SOLID
  70
1
  71
0
  91
1
  92
7
  72
1
  73
1
  93
2
  10
8.455076610153222
  20
64.95566991133983
  42
1
  10
10.155076610153221
  20
64.95566991133983
  42
1
  97
1
  330
1364
  75
0
  76
1
  47
0.8681437583925616
  98
1
  10
3.629517071192367
  20
33.92795499968543
  450
0
  451
0
  460
0
  461
0
  452
1
  462
1
  453
2
  463
0
  63
5
  421
255
  463
1
  63
7
  421
16777215
  470
LINEAR
  1001
ACAD
  1010
0
  1020
0
  1030
0
  0
LWPOLYLINE
  5
1366
  100
AcDbEntity
  8
Top-Paste-Mask-Layer
  100
AcDbPolyline
  90
4
  70
0
  43
0
  10
8.455076610153222
  20
64.9556699116839
  42
1
  10
10.155076610153221
  20
64.9556699116839
  10
10.155076610153221
  20
64.95566991099577
  42
1
  10
8.455076610153222
  20
64.95566991099577
  0
HATCH
  5
1374
  100
AcDbEntity
  8
Top-Paste-Mask-Layer
  100
AcDbHatch
  10
0
  20
0
  30
0
  210
0
  220
0
  230
1
  2
SOLID
  70
1
  71
0
  91
1
  92
7
  72
1
  73
1
  93
2
  10
10.995081690163381
  20
64.95566991133983
  42
1
  10
12.69508169016338
  20
64.95566991133983
  42
1
  97
1
  330
1373
  75
0
  76
1
  47
0.8681437583925616
  98
1
  10
3.629517071192367
  20
33.92795499968543
  450
0
  451
0
  460
0
  461
0
  452
1
  462
1
  453
2
  463
0
  63
5
  421
255
  463
1
  63
7
  421
16777215
  470
LINEAR
  1001
ACAD
  1010
0
  1020
0
  1030
0
  0
LWPOLYLINE
  5
1375
  100
AcDbEntity
  8
Top-Paste-Mask-Layer
  100
AcDbPolyline
  90
4
  70
0
  43
0
  10
10.995081690163381
  20
64.9556699116839
  42
1
  10
12.69508169016338
  20
64.9556699116839
  10
12.69508169016338
  20
64.95566991099577
  42
1
  10
10.995081690163381
  20
64.95566991099577
  0
HATCH
  5
1383
  100
AcDbEntity
  8
Top-Paste-Mask-Layer
  100
AcDbHatch
  10
0
  20
0
  30
0
  210
0
  220
0
  230
1
  2
SOLID
  70
1
  71
0
  91
1
  92
7
  72
1
  73
1
  93
2
  10
13.535086770173542
  20
64.95566991133983
  42
1
  10
15.235086770173542
  20
64.95566991133983
  42
1
  97
1
  330
1382
  75
0
  76
1
  47
0.8681437583925616
  98
1
  10
3.629517071192367
  20
33.92795499968543
  450
0
  451
0
  460
0
  461
0
  452
1
  462
1
  453
2
  463
0
  63
5
  421
255
  463
1
  63
7
  421
16777215
  470
LINEAR
  1001
ACAD
  1010
0
  1020
0
  1030
0
  0
LWPOLYLINE
  5
1384
  100
AcDbEntity
  8
Top-Paste-Mask-Layer
  100
AcDbPolyline
  90
4
  70
0
  43
0
  10
13.535086770173542
  20
64.9556699116839
  42
1
  10
15.235086770173542
  20
64.9556699116839
  10
15.235086770173542
  20
64.95566991099577
  42
1
  10
13.535086770173542
  20
64.95566991099577
  0
HATCH
  5
1392
  100
AcDbEntity
  8
Top-Paste-Mask-Layer
  100
AcDbHatch
  10
0
  20
0
  30
0
  210
0
  220
0
  230
1
  2
SOLID
  70
1
  71
0
  91
1
  92
7
  72
1
  73
1
  93
2
  10
13.535086770173542
  20
54.79564959129919
  42
1
  10
15.235086770173542
  20
54.79564959129919
  42
1
  97
1
  330
1391
  75
0
  76
1
  47
0.8681437583925616
  98
1
  10
3.629517071192367
  20
33.92795499968543
  450
0
  451
0
  460
0
  461
0
  452
1
  462
1
  453
2
  463
0
  63
5
  421
255
  463
1
  63
7
  421
16777215
  470
LINEAR
  1001
ACAD
  1010
0
  1020
0
  1030
0
  0
LWPOLYLINE
  5
1393
  100
AcDbEntity
  8
Top-Paste-Mask-Layer
  100
AcDbPolyline
  90
4
  70
0
  43
0
  10
13.535086770173542
  20
54.79564959164326
  42
1
  10
15.235086770173542
  20
54.79564959164326
  10
15.235086770173542
  20
54.795649590955115
  42
1
  10
13.535086770173542
  20
54.795649590955115
  0
HATCH
  5
1401
  100
AcDbEntity
  8
Top-Paste-Mask-Layer
  100
AcDbHatch
  10
0
  20
0
  30
0
  210
0
  220
0
  230
1
  2
SOLID
  70
1
  71
0
  91
1
  92
7
  72
1
  73
1
  93
2
  10
10.995081690163381
  20
54.79564959129919
  42
1
  10
12.69508169016338
  20
54.79564959129919
  42
1
  97
1
  330
1400
  75
0
  76
1
  47
0.8681437583925616
  98
1
  10
3.629517071192367
  20
33.92795499968543
  450
0
  451
0
  460
0
  461
0
  452
1
  462
1
  453
2
  463
0
  63
5
  421
255
  463
1
  63
7
  421
16777215
  470
LINEAR
  1001
ACAD
  1010
0
  1020
0
  1030
0
  0
LWPOLYLINE
  5
1402
  100
AcDbEntity
  8
Top-Paste-Mask-Layer
  100
AcDbPolyline
  90
4
  70
0
  43
0
  10
10.995081690163381
  20
54.79564959164326
  42
1
  10
12.69508169016338
  20
54.79564959164326
  10
12.69508169016338
  20
54.795649590955115
  42
1
  10
10.995081690163381
  20
54.795649590955115
  0
HATCH
  5
1410
  100
AcDbEntity
  8
Top-Paste-Mask-Layer
  100
AcDbHatch
  10
0
  20
0
  30
0
  210
0
  220
0
  230
1
  2
SOLID
  70
1
  71
0
  91
1
  92
7
  72
1
  73
1
  93
2
  10
8.455076610153222
  20
54.79564959129919
  42
1
  10
10.155076610153221
  20
54.79564959129919
  42
1
  97
1
  330
1409
  75
0
  76
1
  47
0.8681437583925616
  98
1
  10
3.629517071192367
  20
33.92795499968543
  450
0
  451
0
  460
0
  461
0
  452
1
  462
1
  453
2
  463
0
  63
5
  421
255
  463
1
  63
7
  421
16777215
  470
LINEAR
  1001
ACAD
  1010
0
  1020
0
  1030
0
  0
LWPOLYLINE
  5
1411
  100
AcDbEntity
  8
Top-Paste-Mask-Layer
  100
AcDbPolyline
  90
4
  70
0
  43
0
  10
8.455076610153222
  20
54.79564959164326
  42
1
  10
10.155076610153221
  20
54.79564959164326
  10
10.155076610153221
  20
54.795649590955115
  42
1
  10
8.455076610153222
  20
54.795649590955115
  0
HATCH
  5
1419
  100
AcDbEntity
  8
Top-Paste-Mask-Layer
  100
AcDbHatch
  10
0
  20
0
  30
0
  210
0
  220
0
  230
1
  2
SOLID
  70
1
  71
0
  91
1
  92
7
  72
1
  73
1
  93
2
  10
5.915071530143061
  20
54.79564959129919
  42
1
  10
7.6150715301430605
  20
54.79564959129919
  42
1
  97
1
  330
1418
  75
0
  76
1
  47
0.8681437583925616
  98
1
  10
3.629517071192367
  20
33.92795499968543
  450
0
  451
0
  460
0
  461
0
  452
1
  462
1
  453
2
  463
0
  63
5
  421
255
  463
1
  63
7
  421
16777215
  470
LINEAR
  1001
ACAD
  1010
0
  1020
0
  1030
0
  0
LWPOLYLINE
  5
1420
  100
AcDbEntity
  8
Top-Paste-Mask-Layer
  100
AcDbPolyline
  90
2
  70
1
  43
0
  10
5.91507153014306
  20
54.79564959129919
  42
1
  10
7.615071530143061
  20
54.79564959129919
  42
1
  0
HATCH
  5
1428
  100
AcDbEntity
  8
Top-Paste-Mask-Layer
  100
AcDbHatch
  10
0
  20
0
  30
0
  210
0
  220
0
  230
1
  2
SOLID
  70
1
  71
0
  91
1
  92
7
  72
1
  73
1
  93
2
  10
1.0750918501837132
  20
58.684651369302756
  42
1
  10
2.7750918501837134
  20
58.684651369302756
  42
1
  97
1
  330
1427
  75
0
  76
1
  47
0.8681437583925616
  98
1
  10
3.629517071192367
  20
33.92795499968543
  450
0
  451
0
  460
0
  461
0
  452
1
  462
1
  453
2
  463
0
  63
5
  421
255
  463
1
  63
7
  421
16777215
  470
LINEAR
  1001
ACAD
  1010
0
  1020
0
  1030
0
  0
LWPOLYLINE
  5
1429
  100
AcDbEntity
  8
Top-Paste-Mask-Layer
  100
AcDbPolyline
  90
2
  70
1
  43
0
  10
1.0750918501837132
  20
58.684651369302756
  42
1
  10
2.7750918501837134
  20
58.684651369302756
  42
1
  0
HATCH
  5
1437
  100
AcDbEntity
  8
Top-Paste-Mask-Layer
  100
AcDbHatch
  10
0
  20
0
  30
0
  210
0
  220
0
  230
1
  2
SOLID
  70
1
  71
0
  91
1
  92
7
  72
1
  73
1
  93
2
  10
1.0750918501837132
  20
61.22465644931292
  42
1
  10
2.7750918501837134
  20
61.22465644931292
  42
1
  97
1
  330
1436
  75
0
  76
1
  47
0.8681437583925616
  98
1
  10
3.629517071192367
  20
33.92795499968543
  450
0
  451
0
  460
0
  461
0
  452
1
  462
1
  453
2
  463
0
  63
5
  421
255
  463
1
  63
7
  421
16777215
  470
LINEAR
  1001
ACAD
  1010
0
  1020
0
  1030
0
  0
LWPOLYLINE
  5
1438
  100
AcDbEntity
  8
Top-Paste-Mask-Layer
  100
AcDbPolyline
  90
2
  70
1
  43
0
  10
1.0750918501837132
  20
61.22465644931292
  42
1
  10
2.7750918501837134
  20
61.22465644931292
  42
1
  0
HATCH
  5
1446
  100
AcDbEntity
  8
Top-Paste-Mask-Layer
  100
AcDbHatch
  10
0
  20
0
  30
0
  210
0
  220
0
  230
1
  2
SOLID
  70
1
  71
0
  91
1
  92
7
  72
1
  73
1
  93
2
  10
3.615096930193874
  20
58.684651369302756
  42
1
  10
5.315096930193874
  20
58.684651369302756
  42
1
  97
1
  330
1445
  75
0
  76
1
  47
0.8681437583925616
  98
1
  10
3.629517071192367
  20
33.92795499968543
  450
0
  451
0
  460
0
  461
0
  452
1
  462
1
  453
2
  463
0
  63
5
  421
255
  463
1
  63
7
  421
16777215
  470
LINEAR
  1001
ACAD
  1010
0
  1020
0
  1030
0
  0
LWPOLYLINE
  5
1447
  100
AcDbEntity
  8
Top-Paste-Mask-Layer
  100
AcDbPolyline
  90
2
  70
1
  43
0
  10
3.6150969301938733
  20
58.684651369302756
  42
1
  10
5.3150969301938735
  20
58.684651369302756
  42
1
  0
HATCH
  5
1455
  100
AcDbEntity
  8
Top-Paste-Mask-Layer
  100
AcDbHatch
  10
0
  20
0
  30
0
  210
0
  220
0
  230
1
  2
SOLID
  70
1
  71
0
  91
1
  92
7
  72
1
  73
1
  93
2
  10
3.615096930193874
  20
61.22465644931292
  42
1
  10
5.315096930193874
  20
61.22465644931292
  42
1
  97
1
  330
1454
  75
0
  76
1
  47
0.8681437583925616
  98
1
  10
3.629517071192367
  20
33.92795499968543
  450
0
  451
0
  460
0
  461
0
  452
1
  462
1
  453
2
  463
0
  63
5
  421
255
  463
1
  63
7
  421
16777215
  470
LINEAR
  1001
ACAD
  1010
0
  1020
0
  1030
0
  0
LWPOLYLINE
  5
1456
  100
AcDbEntity
  8
Top-Paste-Mask-Layer
  100
AcDbPolyline
  90
2
  70
1
  43
0
  10
3.6150969301938733
  20
61.22465644931292
  42
1
  10
5.3150969301938735
  20
61.22465644931292
  42
1
  0
HATCH
  5
1464
  100
AcDbEntity
  8
Top-Paste-Mask-Layer
  100
AcDbHatch
  10
0
  20
0
  30
0
  210
0
  220
0
  230
1
  2
SOLID
  70
1
  71
0
  91
1
  92
7
  72
1
  73
1
  93
2
  10
6.155102010204034
  20
58.684651369302756
  42
1
  10
7.855102010204034
  20
58.684651369302756
  42
1
  97
1
  330
1463
  75
0
  76
1
  47
0.8681437583925616
  98
1
  10
3.629517071192367
  20
33.92795499968543
  450
0
  451
0
  460
0
  461
0
  452
1
  462
1
  453
2
  463
0
  63
5
  421
255
  463
1
  63
7
  421
16777215
  470
LINEAR
  1001
ACAD
  1010
0
  1020
0
  1030
0
  0
LWPOLYLINE
  5
1465
  100
AcDbEntity
  8
Top-Paste-Mask-Layer
  100
AcDbPolyline
  90
2
  70
1
  43
0
  10
6.1551020102040335
  20
58.684651369302756
  42
1
  10
7.8551020102040345
  20
58.684651369302756
  42
1
  0
HATCH
  5
1473
  100
AcDbEntity
  8
Top-Paste-Mask-Layer
  100
AcDbHatch
  10
0
  20
0
  30
0
  210
0
  220
0
  230
1
  2
SOLID
  70
1
  71
0
  91
1
  92
7
  72
1
  73
1
  93
2
  10
6.155102010204034
  20
61.22465644931292
  42
1
  10
7.855102010204034
  20
61.22465644931292
  42
1
  97
1
  330
1472
  75
0
  76
1
  47
0.8681437583925616
  98
1
  10
3.629517071192367
  20
33.92795499968543
  450
0
  451
0
  460
0
  461
0
  452
1
  462
1
  453
2
  463
0
  63
5
  421
255
  463
1
  63
7
  421
16777215
  470
LINEAR
  1001
ACAD
  1010
0
  1020
0
  1030
0
  0
LWPOLYLINE
  5
1474
  100
AcDbEntity
  8
Top-Paste-Mask-Layer
  100
AcDbPolyline
  90
2
  70
1
  43
0
  10
6.1551020102040335
  20
61.22465644931292
  42
1
  10
7.8551020102040345
  20
61.22465644931292
  42
1
  0
HATCH
  5
1482
  100
AcDbEntity
  8
Top-Paste-Mask-Layer
  100
AcDbHatch
  10
0
  20
0
  30
0
  210
0
  220
0
  230
1
  2
SOLID
  70
1
  71
0
  91
1
  92
7
  72
1
  73
1
  93
2
  10
8.695107090214195
  20
58.684651369302756
  42
1
  10
10.395107090214195
  20
58.684651369302756
  42
1
  97
1
  330
1481
  75
0
  76
1
  47
0.8681437583925616
  98
1
  10
3.629517071192367
  20
33.92795499968543
  450
0
  451
0
  460
0
  461
0
  452
1
  462
1
  453
2
  463
0
  63
5
  421
255
  463
1
  63
7
  421
16777215
  470
LINEAR
  1001
ACAD
  1010
0
  1020
0
  1030
0
  0
LWPOLYLINE
  5
1483
  100
AcDbEntity
  8
Top-Paste-Mask-Layer
  100
AcDbPolyline
  90
4
  70
0
  43
0
  10
8.695107090214195
  20
58.68465136964682
  42
1
  10
10.395107090214193
  20
58.68465136964682
  10
10.395107090214193
  20
58.68465136895868
  42
1
  10
8.695107090214195
  20
58.68465136895868
  0
HATCH
  5
1491
  100
AcDbEntity
  8
Top-Paste-Mask-Layer
  100
AcDbHatch
  10
0
  20
0
  30
0
  210
0
  220
0
  230
1
  2
SOLID
  70
1
  71
0
  91
1
  92
7
  72
1
  73
1
  93
2
  10
8.695107090214195
  20
61.22465644931292
  42
1
  10
10.395107090214195
  20
61.22465644931292
  42
1
  97
1
  330
1490
  75
0
  76
1
  47
0.8681437583925616
  98
1
  10
3.629517071192367
  20
33.92795499968543
  450
0
  451
0
  460
0
  461
0
  452
1
  462
1
  453
2
  463
0
  63
5
  421
255
  463
1
  63
7
  421
16777215
  470
LINEAR
  1001
ACAD
  1010
0
  1020
0
  1030
0
  0
LWPOLYLINE
  5
1492
  100
AcDbEntity
  8
Top-Paste-Mask-Layer
  100
AcDbPolyline
  90
4
  70
0
  43
0
  10
8.695107090214195
  20
61.22465644965698
  42
1
  10
10.395107090214193
  20
61.22465644965698
  10
10.395107090214193
  20
61.224656448968844
  42
1
  10
8.695107090214195
  20
61.224656448968844
  0
HATCH
  5
1498
  100
AcDbEntity
  8
Top-Paste-Mask-Layer
  100
AcDbHatch
  10
0
  20
0
  30
0
  210
0
  220
0
  230
1
  2
SOLID
  70
1
  71
0
  91
1
  92
7
  72
0
  73
1
  93
12
  10
16.689861979723958
  20
58.404590409180834
  10
14.409851819703633
  20
58.404590409180834
  10
14.332076864153725
  20
58.436797673595365
  10
14.299869599739194
  20
58.514598029196065
  10
14.299869599739194
  20
59.39458278916558
  10
14.332076864153725
  20
59.4723831447663
  10
14.409851819703633
  20
59.50459040918083
  10
16.689861979723958
  20
59.50459040918083
  10
16.767662335324687
  20
59.4723831447663
  10
16.79986959973919
  20
59.39458278916558
  10
16.79986959973919
  20
58.514598029196065
  10
16.767662335324687
  20
58.436797673595365
  97
1
  330
1497
  75
0
  76
1
  47
0.4128176842155181
  98
1
  10
34.90568961886538
  20
22.81183545379326
  450
0
  451
0
  460
0
  461
0
  452
1
  462
1
  453
2
  463
0
  63
5
  421
255
  463
1
  63
7
  421
16777215
  470
LINEAR
  1001
ACAD
  1010
0
  1020
0
  1030
0
  0
LWPOLYLINE
  5
1497
  100
AcDbEntity
  8
Top-Paste-Mask-Layer
  100
AcDbPolyline
  90
12
  70
1
  43
0
  10
16.689861979723958
  20
58.404590409180834
  10
14.409851819703633
  20
58.404590409180834
  10
14.332076864153725
  20
58.436797673595365
  10
14.299869599739194
  20
58.514598029196065
  10
14.299869599739194
  20
59.39458278916558
  10
14.332076864153725
  20
59.4723831447663
  10
14.409851819703633
  20
59.50459040918083
  10
16.689861979723958
  20
59.50459040918083
  10
16.767662335324687
  20
59.4723831447663
  10
16.79986959973919
  20
59.39458278916558
  10
16.79986959973919
  20
58.514598029196065
  10
16.767662335324687
  20
58.436797673595365
  0
HATCH
  5
1504
  100
AcDbEntity
  8
Top-Paste-Mask-Layer
  100
AcDbHatch
  10
0
  20
0
  30
0
  210
0
  220
0
  230
1
  2
SOLID
  70
1
  71
0
  91
1
  92
7
  72
0
  73
1
  93
12
  10
16.689861979723958
  20
60.40459040918083
  10
14.409851819703633
  20
60.40459040918083
  10
14.332076864153725
  20
60.43682307364617
  10
14.299869599739194
  20
60.51459802919607
  10
14.299869599739194
  20
61.39458278916559
  10
14.332076864153725
  20
61.472383144766304
  10
14.409851819703633
  20
61.504590409180835
  10
16.689861979723958
  20
61.504590409180835
  10
16.767662335324687
  20
61.472383144766304
  10
16.79986959973919
  20
61.39458278916559
  10
16.79986959973919
  20
60.51459802919607
  10
16.767662335324687
  20
60.43682307364617
  97
1
  330
1503
  75
0
  76
1
  47
0.4128176842155181
  98
1
  10
34.90568961886538
  20
22.81183545379326
  450
0
  451
0
  460
0
  461
0
  452
1
  462
1
  453
2
  463
0
  63
5
  421
255
  463
1
  63
7
  421
16777215
  470
LINEAR
  1001
ACAD
  1010
0
  1020
0
  1030
0
  0
LWPOLYLINE
  5
1503
  100
AcDbEntity
  8
Top-Paste-Mask-Layer
  100
AcDbPolyline
  90
12
  70
1
  43
0
  10
16.689861979723958
  20
60.40459040918083
  10
14.409851819703633
  20
60.40459040918083
  10
14.332076864153725
  20
60.43682307364617
  10
14.299869599739194
  20
60.51459802919607
  10
14.299869599739194
  20
61.39458278916559
  10
14.332076864153725
  20
61.472383144766304
  10
14.409851819703633
  20
61.504590409180835
  10
16.689861979723958
  20
61.504590409180835
  10
16.767662335324687
  20
61.472383144766304
  10
16.79986959973919
  20
61.39458278916559
  10
16.79986959973919
  20
60.51459802919607
  10
16.767662335324687
  20
60.43682307364617
  0
HATCH
  5
1510
  100
AcDbEntity
  8
Top-Paste-Mask-Layer
  100
AcDbHatch
  10
0
  20
0
  30
0
  210
0
  220
0
  230
1
  2
SOLID
  70
1
  71
0
  91
1
  92
7
  72
0
  73
1
  93
12
  10
21.1250664501329
  20
55.24357948715899
  10
19.025066450132908
  20
55.24357948715899
  10
18.954352708705414
  20
55.2728657457315
  10
18.925066450132913
  20
55.34357948715899
  10
18.925066450132913
  20
56.14357948715898
  10
18.954352708705414
  20
56.21429322858648
  10
19.025066450132908
  20
56.24357948715899
  10
21.1250664501329
  20
56.24357948715899
  10
21.195780191560374
  20
56.21429322858648
  10
21.22506645013289
  20
56.14357948715898
  10
21.22506645013289
  20
55.34357948715899
  10
21.195780191560374
  20
55.2728657457315
  97
1
  330
1509
  75
0
  76
1
  47
0.4128176842155181
  98
1
  10
34.90568961886538
  20
22.81183545379326
  450
0
  451
0
  460
0
  461
0
  452
1
  462
1
  453
2
  463
0
  63
5
  421
255
  463
1
  63
7
  421
16777215
  470
LINEAR
  1001
ACAD
  1010
0
  1020
0
  1030
0
  0
LWPOLYLINE
  5
1509
  100
AcDbEntity
  8
Top-Paste-Mask-Layer
  100
AcDbPolyline
  90
12
  70
1
  43
0
  10
21.1250664501329
  20
55.24357948715899
  10
19.025066450132908
  20
55.24357948715899
  10
18.954352708705414
  20
55.2728657457315
  10
18.925066450132913
  20
55.34357948715899
  10
18.925066450132913
  20
56.14357948715898
  10
18.954352708705414
  20
56.21429322858648
  10
19.025066450132908
  20
56.24357948715899
  10
21.1250664501329
  20
56.24357948715899
  10
21.195780191560374
  20
56.21429322858648
  10
21.22506645013289
  20
56.14357948715898
  10
21.22506645013289
  20
55.34357948715899
  10
21.195780191560374
  20
55.2728657457315
  0
HATCH
  5
1516
  100
AcDbEntity
  8
Top-Paste-Mask-Layer
  100
AcDbHatch
  10
0
  20
0
  30
0
  210
0
  220
0
  230
1
  2
SOLID
  70
1
  71
0
  91
1
  92
7
  72
0
  73
1
  93
12
  10
21.1250664501329
  20
53.74357948715898
  10
19.025066450132908
  20
53.74357948715898
  10
18.954352708705414
  20
53.772865745731494
  10
18.925066450132913
  20
53.84357948715899
  10
18.925066450132913
  20
54.64357948715898
  10
18.954352708705414
  20
54.71429322858647
  10
19.025066450132908
  20
54.74357948715898
  10
21.1250664501329
  20
54.74357948715898
  10
21.195780191560374
  20
54.71429322858647
  10
21.22506645013289
  20
54.64357948715898
  10
21.22506645013289
  20
53.84357948715899
  10
21.195780191560374
  20
53.772865745731494
  97
1
  330
1515
  75
0
  76
1
  47
0.4128176842155181
  98
1
  10
34.90568961886538
  20
22.81183545379326
  450
0
  451
0
  460
0
  461
0
  452
1
  462
1
  453
2
  463
0
  63
5
  421
255
  463
1
  63
7
  421
16777215
  470
LINEAR
  1001
ACAD
  1010
0
  1020
0
  1030
0
  0
LWPOLYLINE
  5
1515
  100
AcDbEntity
  8
Top-Paste-Mask-Layer
  100
AcDbPolyline
  90
12
  70
1
  43
0
  10
21.1250664501329
  20
53.74357948715898
  10
19.025066450132908
  20
53.74357948715898
  10
18.954352708705414
  20
53.772865745731494
  10
18.925066450132913
  20
53.84357948715899
  10
18.925066450132913
  20
54.64357948715898
  10
18.954352708705414
  20
54.71429322858647
  10
19.025066450132908
  20
54.74357948715898
  10
21.1250664501329
  20
54.74357948715898
  10
21.195780191560374
  20
54.71429322858647
  10
21.22506645013289
  20
54.64357948715898
  10
21.22506645013289
  20
53.84357948715899
  10
21.195780191560374
  20
53.772865745731494
  0
HATCH
  5
1536
  100
AcDbEntity
  8
Top-Paste-Mask-Layer
  100
AcDbHatch
  10
0
  20
0
  30
0
  210
0
  220
0
  230
1
  2
SOLID
  70
1
  71
0
  91
1
  92
7
  72
1
  73
1
  93
2
  10
39.20507838215676
  20
40.00008000016
  42
1
  10
40.95508193816388
  20
40.00008000016
  42
1
  97
1
  330
1535
  75
0
  76
1
  47
0.8681437583925616
  98
1
  10
3.629517071192367
  20
33.92795499968543
  450
0
  451
0
  460
0
  461
0
  452
1
  462
1
  453
2
  463
0
  63
5
  421
255
  463
1
  63
7
  421
16777215
  470
LINEAR
  1001
ACAD
  1010
0
  1020
0
  1030
0
  0
LWPOLYLINE
  5
1537
  100
AcDbEntity
  8
Top-Paste-Mask-Layer
  100
AcDbPolyline
  90
2
  70
1
  43
0
  10
39.20507838215676
  20
40.00008000016
  42
1
  10
40.95508193816388
  20
40.00008000016
  42
1
  0
HATCH
  5
1566
  100
AcDbEntity
  8
Top-Paste-Mask-Layer
  100
AcDbHatch
  10
0
  20
0
  30
0
  210
0
  220
0
  230
1
  2
SOLID
  70
1
  71
0
  91
1
  92
7
  72
1
  73
1
  93
2
  10
29.045058062116123
  20
40.00008000016
  42
1
  10
30.79506161812324
  20
40.00008000016
  42
1
  97
1
  330
1565
  75
0
  76
1
  47
0.8681437583925616
  98
1
  10
3.629517071192367
  20
33.92795499968543
  450
0
  451
0
  460
0
  461
0
  452
1
  462
1
  453
2
  463
0
  63
5
  421
255
  463
1
  63
7
  421
16777215
  470
LINEAR
  1001
ACAD
  1010
0
  1020
0
  1030
0
  0
LWPOLYLINE
  5
1567
  100
AcDbEntity
  8
Top-Paste-Mask-Layer
  100
AcDbPolyline
  90
2
  70
1
  43
0
  10
29.045058062116123
  20
40.00008000016
  42
1
  10
30.79506161812324
  20
40.00008000016
  42
1
  0
HATCH
  5
1596
  100
AcDbEntity
  8
Top-Paste-Mask-Layer
  100
AcDbHatch
  10
0
  20
0
  30
0
  210
0
  220
0
  230
1
  2
SOLID
  70
1
  71
0
  91
1
  92
7
  72
1
  73
1
  93
2
  10
33.000066063132124
  20
40.00008000016
  42
1
  10
37.000073937147874
  20
40.00008000016
  42
1
  97
1
  330
1595
  75
0
  76
1
  47
0.8681437583925616
  98
1
  10
3.629517071192367
  20
33.92795499968543
  450
0
  451
0
  460
0
  461
0
  452
1
  462
1
  453
2
  463
0
  63
5
  421
255
  463
1
  63
7
  421
16777215
  470
LINEAR
  1001
ACAD
  1010
0
  1020
0
  1030
0
  0
LWPOLYLINE
  5
1597
  100
AcDbEntity
  8
Top-Paste-Mask-Layer
  100
AcDbPolyline
  90
2
  70
1
  43
0
  10
33.000066063132124
  20
40.00008000016
  42
1
  10
37.00007393714788
  20
40.00008000016
  42
1
  0
HATCH
  5
1626
  100
AcDbEntity
  8
Top-Paste-Mask-Layer
  100
AcDbHatch
  10
0
  20
0
  30
0
  210
0
  220
0
  230
1
  2
SOLID
  70
1
  71
0
  91
1
  92
7
  72
1
  73
1
  93
2
  10
29.94005984011968
  20
42.54008508017016
  42
1
  10
32.44006492012984
  20
42.54008508017016
  42
1
  97
1
  330
1625
  75
0
  76
1
  47
0.8681437583925616
  98
1
  10
3.629517071192367
  20
33.92795499968543
  450
0
  451
0
  460
0
  461
0
  452
1
  462
1
  453
2
  463
0
  63
5
  421
255
  463
1
  63
7
  421
16777215
  470
LINEAR
  1001
ACAD
  1010
0
  1020
0
  1030
0
  0
LWPOLYLINE
  5
1627
  100
AcDbEntity
  8
Top-Paste-Mask-Layer
  100
AcDbPolyline
  90
2
  70
1
  43
0
  10
29.94005984011968
  20
42.54008508017016
  42
1
  10
32.44006492012984
  20
42.54008508017016
  42
1
  0
HATCH
  5
1656
  100
AcDbEntity
  8
Top-Paste-Mask-Layer
  100
AcDbHatch
  10
0
  20
0
  30
0
  210
0
  220
0
  230
1
  2
SOLID
  70
1
  71
0
  91
1
  92
7
  72
1
  73
1
  93
2
  10
36.29007254014508
  20
45.08009016018032
  42
1
  10
38.79007762015524
  20
45.08009016018032
  42
1
  97
1
  330
1655
  75
0
  76
1
  47
0.8681437583925616
  98
1
  10
3.629517071192367
  20
33.92795499968543
  450
0
  451
0
  460
0
  461
0
  452
1
  462
1
  453
2
  463
0
  63
5
  421
255
  463
1
  63
7
  421
16777215
  470
LINEAR
  1001
ACAD
  1010
0
  1020
0
  1030
0
  0
LWPOLYLINE
  5
1657
  100
AcDbEntity
  8
Top-Paste-Mask-Layer
  100
AcDbPolyline
  90
4
  70
0
  43
0
  10
36.29007254014508
  20
45.080090160614624
  42
1
  10
38.79007762015524
  20
45.080090160614624
  10
38.79007762015524
  20
45.080090159746014
  42
1
  10
36.29007254014508
  20
45.080090159746014
  0
HATCH
  5
1686
  100
AcDbEntity
  8
Top-Paste-Mask-Layer
  100
AcDbHatch
  10
0
  20
0
  30
0
  210
0
  220
0
  230
1
  2
SOLID
  70
1
  71
0
  91
1
  92
7
  72
1
  73
1
  93
2
  10
59.20511838223677
  20
40.000080000160004
  42
1
  10
60.955121938243884
  20
40.000080000160004
  42
1
  97
1
  330
1685
  75
0
  76
1
  47
0.8681437583925616
  98
1
  10
3.629517071192367
  20
33.92795499968543
  450
0
  451
0
  460
0
  461
0
  452
1
  462
1
  453
2
  463
0
  63
5
  421
255
  463
1
  63
7
  421
16777215
  470
LINEAR
  1001
ACAD
  1010
0
  1020
0
  1030
0
  0
LWPOLYLINE
  5
1687
  100
AcDbEntity
  8
Top-Paste-Mask-Layer
  100
AcDbPolyline
  90
2
  70
1
  43
0
  10
59.20511838223677
  20
40.000080000160004
  42
1
  10
60.955121938243884
  20
40.000080000160004
  42
1
  0
HATCH
  5
1716
  100
AcDbEntity
  8
Top-Paste-Mask-Layer
  100
AcDbHatch
  10
0
  20
0
  30
0
  210
0
  220
0
  230
1
  2
SOLID
  70
1
  71
0
  91
1
  92
7
  72
1
  73
1
  93
2
  10
49.045098062196125
  20
40.000080000160004
  42
1
  10
50.79510161820324
  20
40.000080000160004
  42
1
  97
1
  330
1715
  75
0
  76
1
  47
0.8681437583925616
  98
1
  10
3.629517071192367
  20
33.92795499968543
  450
0
  451
0
  460
0
  461
0
  452
1
  462
1
  453
2
  463
0
  63
5
  421
255
  463
1
  63
7
  421
16777215
  470
LINEAR
  1001
ACAD
  1010
0
  1020
0
  1030
0
  0
LWPOLYLINE
  5
1717
  100
AcDbEntity
  8
Top-Paste-Mask-Layer
  100
AcDbPolyline
  90
2
  70
1
  43
0
  10
49.045098062196125
  20
40.000080000160004
  42
1
  10
50.79510161820324
  20
40.000080000160004
  42
1
  0
HATCH
  5
1746
  100
AcDbEntity
  8
Top-Paste-Mask-Layer
  100
AcDbHatch
  10
0
  20
0
  30
0
  210
0
  220
0
  230
1
  2
SOLID
  70
1
  71
0
  91
1
  92
7
  72
1
  73
1
  93
2
  10
53.00010606321213
  20
40.000080000160004
  42
1
  10
57.00011393722788
  20
40.000080000160004
  42
1
  97
1
  330
1745
  75
0
  76
1
  47
0.8681437583925616
  98
1
  10
3.629517071192367
  20
33.92795499968543
  450
0
  451
0
  460
0
  461
0
  452
1
  462
1
  453
2
  463
0
  63
5
  421
255
  463
1
  63
7
  421
16777215
  470
LINEAR
  1001
ACAD
  1010
0
  1020
0
  1030
0
  0
LWPOLYLINE
  5
1747
  100
AcDbEntity
  8
Top-Paste-Mask-Layer
  100
AcDbPolyline
  90
2
  70
1
  43
0
  10
53.00010606321213
  20
40.000080000160004
  42
1
  10
57.00011393722788
  20
40.000080000160004
  42
1
  0
HATCH
  5
1776
  100
AcDbEntity
  8
Top-Paste-Mask-Layer
  100
AcDbHatch
  10
0
  20
0
  30
0
  210
0
  220
0
  230
1
  2
SOLID
  70
1
  71
0
  91
1
  92
7
  72
1
  73
1
  93
2
  10
49.940099840199686
  20
42.540085080170165
  42
1
  10
52.44010492020984
  20
42.540085080170165
  42
1
  97
1
  330
1775
  75
0
  76
1
  47
0.8681437583925616
  98
1
  10
3.629517071192367
  20
33.92795499968543
  450
0
  451
0
  460
0
  461
0
  452
1
  462
1
  453
2
  463
0
  63
5
  421
255
  463
1
  63
7
  421
16777215
  470
LINEAR
  1001
ACAD
  1010
0
  1020
0
  1030
0
  0
LWPOLYLINE
  5
1777
  100
AcDbEntity
  8
Top-Paste-Mask-Layer
  100
AcDbPolyline
  90
4
  70
0
  43
0
  10
49.940099840199686
  20
42.54008508060447
  42
1
  10
52.44010492020984
  20
42.54008508060447
  10
52.44010492020984
  20
42.54008507973587
  42
1
  10
49.940099840199686
  20
42.54008507973587
  0
HATCH
  5
1806
  100
AcDbEntity
  8
Top-Paste-Mask-Layer
  100
AcDbHatch
  10
0
  20
0
  30
0
  210
0
  220
0
  230
1
  2
SOLID
  70
1
  71
0
  91
1
  92
7
  72
1
  73
1
  93
2
  10
56.29011254022509
  20
45.080090160180326
  42
1
  10
58.79011762023524
  20
45.080090160180326
  42
1
  97
1
  330
1805
  75
0
  76
1
  47
0.8681437583925616
  98
1
  10
3.629517071192367
  20
33.92795499968543
  450
0
  451
0
  460
0
  461
0
  452
1
  462
1
  453
2
  463
0
  63
5
  421
255
  463
1
  63
7
  421
16777215
  470
LINEAR
  1001
ACAD
  1010
0
  1020
0
  1030
0
  0
LWPOLYLINE
  5
1807
  100
AcDbEntity
  8
Top-Paste-Mask-Layer
  100
AcDbPolyline
  90
4
  70
0
  43
0
  10
56.29011254022509
  20
45.08009016061463
  42
1
  10
58.79011762023524
  20
45.08009016061463
  10
58.79011762023524
  20
45.08009015974602
  42
1
  10
56.29011254022509
  20
45.08009015974602
  0
HATCH
  5
1836
  100
AcDbEntity
  8
Top-Paste-Mask-Layer
  100
AcDbHatch
  10
0
  20
0
  30
0
  210
0
  220
0
  230
1
  2
SOLID
  70
1
  71
0
  91
1
  92
7
  72
1
  73
1
  93
2
  10
59.205118382236776
  20
15.000030000060002
  42
1
  10
60.95512193824389
  20
15.000030000060002
  42
1
  97
1
  330
1835
  75
0
  76
1
  47
0.8681437583925616
  98
1
  10
3.629517071192367
  20
33.92795499968543
  450
0
  451
0
  460
0
  461
0
  452
1
  462
1
  453
2
  463
0
  63
5
  421
255
  463
1
  63
7
  421
16777215
  470
LINEAR
  1001
ACAD
  1010
0
  1020
0
  1030
0
  0
LWPOLYLINE
  5
1837
  100
AcDbEntity
  8
Top-Paste-Mask-Layer
  100
AcDbPolyline
  90
2
  70
1
  43
0
  10
59.205118382236776
  20
15.000030000060002
  42
1
  10
60.95512193824389
  20
15.000030000060002
  42
1
  0
HATCH
  5
1866
  100
AcDbEntity
  8
Top-Paste-Mask-Layer
  100
AcDbHatch
  10
0
  20
0
  30
0
  210
0
  220
0
  230
1
  2
SOLID
  70
1
  71
0
  91
1
  92
7
  72
1
  73
1
  93
2
  10
49.045098062196125
  20
15.000030000060002
  42
1
  10
50.79510161820324
  20
15.000030000060002
  42
1
  97
1
  330
1865
  75
0
  76
1
  47
0.8681437583925616
  98
1
  10
3.629517071192367
  20
33.92795499968543
  450
0
  451
0
  460
0
  461
0
  452
1
  462
1
  453
2
  463
0
  63
5
  421
255
  463
1
  63
7
  421
16777215
  470
LINEAR
  1001
ACAD
  1010
0
  1020
0
  1030
0
  0
LWPOLYLINE
  5
1867
  100
AcDbEntity
  8
Top-Paste-Mask-Layer
  100
AcDbPolyline
  90
2
  70
1
  43
0
  10
49.045098062196125
  20
15.000030000060002
  42
1
  10
50.79510161820324
  20
15.000030000060002
  42
1
  0
HATCH
  5
1896
  100
AcDbEntity
  8
Top-Paste-Mask-Layer
  100
AcDbHatch
  10
0
  20
0
  30
0
  210
0
  220
0
  230
1
  2
SOLID
  70
1
  71
0
  91
1
  92
7
  72
1
  73
1
  93
2
  10
53.00010606321213
  20
15.000030000060002
  42
1
  10
57.00011393722788
  20
15.000030000060002
  42
1
  97
1
  330
1895
  75
0
  76
1
  47
0.8681437583925616
  98
1
  10
3.629517071192367
  20
33.92795499968543
  450
0
  451
0
  460
0
  461
0
  452
1
  462
1
  453
2
  463
0
  63
5
  421
255
  463
1
  63
7
  421
16777215
  470
LINEAR
  1001
ACAD
  1010
0
  1020
0
  1030
0
  0
LWPOLYLINE
  5
1897
  100
AcDbEntity
  8
Top-Paste-Mask-Layer
  100
AcDbPolyline
  90
2
  70
1
  43
0
  10
53.00010606321213
  20
15.000030000060002
  42
1
  10
57.00011393722788
  20
15.000030000060002
  42
1
  0
HATCH
  5
1926
  100
AcDbEntity
  8
Top-Paste-Mask-Layer
  100
AcDbHatch
  10
0
  20
0
  30
0
  210
0
  220
0
  230
1
  2
SOLID
  70
1
  71
0
  91
1
  92
7
  72
1
  73
1
  93
2
  10
49.940099840199686
  20
17.54003508007016
  42
1
  10
52.44010492020984
  20
17.54003508007016
  42
1
  97
1
  330
1925
  75
0
  76
1
  47
0.8681437583925616
  98
1
  10
3.629517071192367
  20
33.92795499968543
  450
0
  451
0
  460
0
  461
0
  452
1
  462
1
  453
2
  463
0
  63
5
  421
255
  463
1
  63
7
  421
16777215
  470
LINEAR
  1001
ACAD
  1010
0
  1020
0
  1030
0
  0
LWPOLYLINE
  5
1927
  100
AcDbEntity
  8
Top-Paste-Mask-Layer
  100
AcDbPolyline
  90
4
  70
0
  43
0
  10
49.940099840199686
  20
17.540035080504463
  42
1
  10
52.44010492020984
  20
17.540035080504463
  10
52.44010492020984
  20
17.540035079635864
  42
1
  10
49.940099840199686
  20
17.540035079635864
  0
HATCH
  5
1956
  100
AcDbEntity
  8
Top-Paste-Mask-Layer
  100
AcDbHatch
  10
0
  20
0
  30
0
  210
0
  220
0
  230
1
  2
SOLID
  70
1
  71
0
  91
1
  92
7
  72
1
  73
1
  93
2
  10
56.290112540225095
  20
20.080040160080323
  42
1
  10
58.79011762023525
  20
20.080040160080323
  42
1
  97
1
  330
1955
  75
0
  76
1
  47
0.8681437583925616
  98
1
  10
3.629517071192367
  20
33.92795499968543
  450
0
  451
0
  460
0
  461
0
  452
1
  462
1
  453
2
  463
0
  63
5
  421
255
  463
1
  63
7
  421
16777215
  470
LINEAR
  1001
ACAD
  1010
0
  1020
0
  1030
0
  0
LWPOLYLINE
  5
1957
  100
AcDbEntity
  8
Top-Paste-Mask-Layer
  100
AcDbPolyline
  90
4
  70
0
  43
0
  10
56.290112540225095
  20
20.08004016051462
  42
1
  10
58.79011762023525
  20
20.08004016051462
  10
58.79011762023525
  20
20.080040159646025
  42
1
  10
56.290112540225095
  20
20.080040159646025
  0
HATCH
  5
1986
  100
AcDbEntity
  8
Top-Paste-Mask-Layer
  100
AcDbHatch
  10
0
  20
0
  30
0
  210
0
  220
0
  230
1
  2
SOLID
  70
1
  71
0
  91
1
  92
7
  72
1
  73
1
  93
2
  10
39.20507838215678
  20
15.000030000060002
  42
1
  10
40.95508193816389
  20
15.000030000060002
  42
1
  97
1
  330
1985
  75
0
  76
1
  47
0.8681437583925616
  98
1
  10
3.629517071192367
  20
33.92795499968543
  450
0
  451
0
  460
0
  461
0
  452
1
  462
1
  453
2
  463
0
  63
5
  421
255
  463
1
  63
7
  421
16777215
  470
LINEAR
  1001
ACAD
  1010
0
  1020
0
  1030
0
  0
LWPOLYLINE
  5
1987
  100
AcDbEntity
  8
Top-Paste-Mask-Layer
  100
AcDbPolyline
  90
2
  70
1
  43
0
  10
39.20507838215678
  20
15.000030000060002
  42
1
  10
40.95508193816389
  20
15.000030000060002
  42
1
  0
HATCH
  5
2016
  100
AcDbEntity
  8
Top-Paste-Mask-Layer
  100
AcDbHatch
  10
0
  20
0
  30
0
  210
0
  220
0
  230
1
  2
SOLID
  70
1
  71
0
  91
1
  92
7
  72
1
  73
1
  93
2
  10
29.045058062116127
  20
15.000030000060002
  42
1
  10
30.795061618123242
  20
15.000030000060002
  42
1
  97
1
  330
2015
  75
0
  76
1
  47
0.8681437583925616
  98
1
  10
3.629517071192367
  20
33.92795499968543
  450
0
  451
0
  460
0
  461
0
  452
1
  462
1
  453
2
  463
0
  63
5
  421
255
  463
1
  63
7
  421
16777215
  470
LINEAR
  1001
ACAD
  1010
0
  1020
0
  1030
0
  0
LWPOLYLINE
  5
2017
  100
AcDbEntity
  8
Top-Paste-Mask-Layer
  100
AcDbPolyline
  90
4
  70
0
  43
0
  10
29.04505806211613
  20
15.000030000189591
  42
1
  10
30.79506161812324
  20
15.000030000189591
  10
30.79506161812324
  20
15.000029999930414
  42
1
  10
29.04505806211613
  20
15.000029999930414
  0
HATCH
  5
2046
  100
AcDbEntity
  8
Top-Paste-Mask-Layer
  100
AcDbHatch
  10
0
  20
0
  30
0
  210
0
  220
0
  230
1
  2
SOLID
  70
1
  71
0
  91
1
  92
7
  72
1
  73
1
  93
2
  10
33.000066063132124
  20
15.000030000060002
  42
1
  10
37.000073937147874
  20
15.000030000060002
  42
1
  97
1
  330
2045
  75
0
  76
1
  47
0.8681437583925616
  98
1
  10
3.629517071192367
  20
33.92795499968543
  450
0
  451
0
  460
0
  461
0
  452
1
  462
1
  453
2
  463
0
  63
5
  421
255
  463
1
  63
7
  421
16777215
  470
LINEAR
  1001
ACAD
  1010
0
  1020
0
  1030
0
  0
LWPOLYLINE
  5
2047
  100
AcDbEntity
  8
Top-Paste-Mask-Layer
  100
AcDbPolyline
  90
2
  70
1
  43
0
  10
33.000066063132124
  20
15.000030000060002
  42
1
  10
37.00007393714788
  20
15.000030000060002
  42
1
  0
HATCH
  5
2076
  100
AcDbEntity
  8
Top-Paste-Mask-Layer
  100
AcDbHatch
  10
0
  20
0
  30
0
  210
0
  220
0
  230
1
  2
SOLID
  70
1
  71
0
  91
1
  92
7
  72
1
  73
1
  93
2
  10
29.940059840119684
  20
17.54003508007016
  42
1
  10
32.44006492012984
  20
17.54003508007016
  42
1
  97
1
  330
2075
  75
0
  76
1
  47
0.8681437583925616
  98
1
  10
3.629517071192367
  20
33.92795499968543
  450
0
  451
0
  460
0
  461
0
  452
1
  462
1
  453
2
  463
0
  63
5
  421
255
  463
1
  63
7
  421
16777215
  470
LINEAR
  1001
ACAD
  1010
0
  1020
0
  1030
0
  0
LWPOLYLINE
  5
2077
  100
AcDbEntity
  8
Top-Paste-Mask-Layer
  100
AcDbPolyline
  90
2
  70
1
  43
0
  10
29.940059840119684
  20
17.54003508007016
  42
1
  10
32.44006492012985
  20
17.54003508007016
  42
1
  0
HATCH
  5
2106
  100
AcDbEntity
  8
Top-Paste-Mask-Layer
  100
AcDbHatch
  10
0
  20
0
  30
0
  210
0
  220
0
  230
1
  2
SOLID
  70
1
  71
0
  91
1
  92
7
  72
1
  73
1
  93
2
  10
36.2900725401451
  20
20.080040160080323
  42
1
  10
38.79007762015525
  20
20.080040160080323
  42
1
  97
1
  330
2105
  75
0
  76
1
  47
0.8681437583925616
  98
1
  10
3.629517071192367
  20
33.92795499968543
  450
0
  451
0
  460
0
  461
0
  452
1
  462
1
  453
2
  463
0
  63
5
  421
255
  463
1
  63
7
  421
16777215
  470
LINEAR
  1001
ACAD
  1010
0
  1020
0
  1030
0
  0
LWPOLYLINE
  5
2107
  100
AcDbEntity
  8
Top-Paste-Mask-Layer
  100
AcDbPolyline
  90
4
  70
0
  43
0
  10
36.2900725401451
  20
20.08004016051462
  42
1
  10
38.79007762015525
  20
20.08004016051462
  10
38.79007762015525
  20
20.080040159646025
  42
1
  10
36.2900725401451
  20
20.080040159646025
  0
HATCH
  5
2136
  100
AcDbEntity
  8
Top-Paste-Mask-Layer
  100
AcDbHatch
  10
0
  20
0
  30
0
  210
0
  220
0
  230
1
  2
SOLID
  70
1
  71
0
  91
1
  92
7
  72
1
  73
1
  93
2
  10
19.205038382076765
  20
15.000030000060002
  42
1
  10
20.95504193808388
  20
15.000030000060002
  42
1
  97
1
  330
2135
  75
0
  76
1
  47
0.8681437583925616
  98
1
  10
3.629517071192367
  20
33.92795499968543
  450
0
  451
0
  460
0
  461
0
  452
1
  462
1
  453
2
  463
0
  63
5
  421
255
  463
1
  63
7
  421
16777215
  470
LINEAR
  1001
ACAD
  1010
0
  1020
0
  1030
0
  0
LWPOLYLINE
  5
2137
  100
AcDbEntity
  8
Top-Paste-Mask-Layer
  100
AcDbPolyline
  90
4
  70
0
  43
0
  10
19.20503838207677
  20
15.000030000189591
  42
1
  10
20.955041938083877
  20
15.000030000189591
  10
20.955041938083877
  20
15.000029999930414
  42
1
  10
19.20503838207677
  20
15.000029999930414
  0
HATCH
  5
2166
  100
AcDbEntity
  8
Top-Paste-Mask-Layer
  100
AcDbHatch
  10
0
  20
0
  30
0
  210
0
  220
0
  230
1
  2
SOLID
  70
1
  71
0
  91
1
  92
7
  72
1
  73
1
  93
2
  10
9.045018062036126
  20
15.000030000060002
  42
1
  10
10.795021618043238
  20
15.000030000060002
  42
1
  97
1
  330
2165
  75
0
  76
1
  47
0.8681437583925616
  98
1
  10
3.629517071192367
  20
33.92795499968543
  450
0
  451
0
  460
0
  461
0
  452
1
  462
1
  453
2
  463
0
  63
5
  421
255
  463
1
  63
7
  421
16777215
  470
LINEAR
  1001
ACAD
  1010
0
  1020
0
  1030
0
  0
LWPOLYLINE
  5
2167
  100
AcDbEntity
  8
Top-Paste-Mask-Layer
  100
AcDbPolyline
  90
2
  70
1
  43
0
  10
9.045018062036126
  20
15.000030000060002
  42
1
  10
10.795021618043238
  20
15.000030000060002
  42
1
  0
HATCH
  5
2196
  100
AcDbEntity
  8
Top-Paste-Mask-Layer
  100
AcDbHatch
  10
0
  20
0
  30
0
  210
0
  220
0
  230
1
  2
SOLID
  70
1
  71
0
  91
1
  92
7
  72
1
  73
1
  93
2
  10
13.000026063052129
  20
15.000030000060002
  42
1
  10
17.000033937067876
  20
15.000030000060002
  42
1
  97
1
  330
2195
  75
0
  76
1
  47
0.8681437583925616
  98
1
  10
3.629517071192367
  20
33.92795499968543
  450
0
  451
0
  460
0
  461
0
  452
1
  462
1
  453
2
  463
0
  63
5
  421
255
  463
1
  63
7
  421
16777215
  470
LINEAR
  1001
ACAD
  1010
0
  1020
0
  1030
0
  0
LWPOLYLINE
  5
2197
  100
AcDbEntity
  8
Top-Paste-Mask-Layer
  100
AcDbPolyline
  90
4
  70
0
  43
0
  10
13.000026063052129
  20
15.000030001419498
  42
1
  10
17.000033937067876
  20
15.000030001419494
  10
17.000033937067876
  20
15.000029998700509
  42
1
  10
13.000026063052129
  20
15.000029998700509
  0
HATCH
  5
2226
  100
AcDbEntity
  8
Top-Paste-Mask-Layer
  100
AcDbHatch
  10
0
  20
0
  30
0
  210
0
  220
0
  230
1
  2
SOLID
  70
1
  71
0
  91
1
  92
7
  72
1
  73
1
  93
2
  10
9.940019840039682
  20
17.54003508007016
  42
1
  10
12.440024920049844
  20
17.54003508007016
  42
1
  97
1
  330
2225
  75
0
  76
1
  47
0.8681437583925616
  98
1
  10
3.629517071192367
  20
33.92795499968543
  450
0
  451
0
  460
0
  461
0
  452
1
  462
1
  453
2
  463
0
  63
5
  421
255
  463
1
  63
7
  421
16777215
  470
LINEAR
  1001
ACAD
  1010
0
  1020
0
  1030
0
  0
LWPOLYLINE
  5
2227
  100
AcDbEntity
  8
Top-Paste-Mask-Layer
  100
AcDbPolyline
  90
2
  70
1
  43
0
  10
9.94001984003968
  20
17.54003508007016
  42
1
  10
12.440024920049844
  20
17.54003508007016
  42
1
  0
HATCH
  5
2256
  100
AcDbEntity
  8
Top-Paste-Mask-Layer
  100
AcDbHatch
  10
0
  20
0
  30
0
  210
0
  220
0
  230
1
  2
SOLID
  70
1
  71
0
  91
1
  92
7
  72
1
  73
1
  93
2
  10
16.29003254006508
  20
20.080040160080323
  42
1
  10
18.790037620075243
  20
20.080040160080323
  42
1
  97
1
  330
2255
  75
0
  76
1
  47
0.8681437583925616
  98
1
  10
3.629517071192367
  20
33.92795499968543
  450
0
  451
0
  460
0
  461
0
  452
1
  462
1
  453
2
  463
0
  63
5
  421
255
  463
1
  63
7
  421
16777215
  470
LINEAR
  1001
ACAD
  1010
0
  1020
0
  1030
0
  0
LWPOLYLINE
  5
2257
  100
AcDbEntity
  8
Top-Paste-Mask-Layer
  100
AcDbPolyline
  90
2
  70
1
  43
0
  10
16.29003254006508
  20
20.080040160080323
  42
1
  10
18.790037620075243
  20
20.080040160080323
  42
1
  0
HATCH
  5
2272
  100
AcDbEntity
  8
Top-Paste-Mask-Layer
  100
AcDbHatch
  10
0
  20
0
  30
0
  210
0
  220
0
  230
1
  2
SOLID
  70
1
  71
0
  91
1
  92
7
  72
0
  73
1
  93
4
  10
3.9000100000199986
  20
30.599927999856003
  10
6.100010000020003
  20
30.599927999856003
  10
6.100010000019999
  20
29.399927999856
  10
3.900010000019995
  20
29.399927999856
  97
1
  330
2271
  75
0
  76
1
  47
0.4128176842155181
  98
1
  10
34.90568961886538
  20
22.81183545379326
  450
0
  451
0
  460
0
  461
0
  452
1
  462
1
  453
2
  463
0
  63
5
  421
255
  463
1
  63
7
  421
16777215
  470
LINEAR
  1001
ACAD
  1010
0
  1020
0
  1030
0
  0
LWPOLYLINE
  5
2271
  100
AcDbEntity
  8
Top-Paste-Mask-Layer
  100
AcDbPolyline
  90
4
  70
1
  43
0
  10
3.9000100000199986
  20
30.599927999856003
  10
6.100010000020003
  20
30.599927999856003
  10
6.100010000019999
  20
29.399927999856
  10
3.900010000019995
  20
29.399927999856
  0
HATCH
  5
2278
  100
AcDbEntity
  8
Top-Paste-Mask-Layer
  100
AcDbHatch
  10
0
  20
0
  30
0
  210
0
  220
0
  230
1
  2
SOLID
  70
1
  71
0
  91
1
  92
7
  72
0
  73
1
  93
4
  10
3.9000100000199986
  20
28.100055000110004
  10
6.100010000020003
  20
28.100055000110004
  10
6.100010000019999
  20
26.90005500011
  10
3.900010000019995
  20
26.90005500011
  97
1
  330
2277
  75
0
  76
1
  47
0.4128176842155181
  98
1
  10
34.90568961886538
  20
22.81183545379326
  450
0
  451
0
  460
0
  461
0
  452
1
  462
1
  453
2
  463
0
  63
5
  421
255
  463
1
  63
7
  421
16777215
  470
LINEAR
  1001
ACAD
  1010
0
  1020
0
  1030
0
  0
LWPOLYLINE
  5
2277
  100
AcDbEntity
  8
Top-Paste-Mask-Layer
  100
AcDbPolyline
  90
4
  70
1
  43
0
  10
3.9000100000199986
  20
28.100055000110004
  10
6.100010000020003
  20
28.100055000110004
  10
6.100010000019999
  20
26.90005500011
  10
3.900010000019995
  20
26.90005500011
  0
HATCH
  5
2284
  100
AcDbEntity
  8
Top-Paste-Mask-Layer
  100
AcDbHatch
  10
0
  20
0
  30
0
  210
0
  220
0
  230
1
  2
SOLID
  70
1
  71
0
  91
1
  92
7
  72
0
  73
1
  93
4
  10
3.9000100000199986
  20
25.600182000364008
  10
6.100010000020003
  20
25.600182000364008
  10
6.100010000019999
  20
24.400182000364005
  10
3.900010000019995
  20
24.400182000364005
  97
1
  330
2283
  75
0
  76
1
  47
0.4128176842155181
  98
1
  10
34.90568961886538
  20
22.81183545379326
  450
0
  451
0
  460
0
  461
0
  452
1
  462
1
  453
2
  463
0
  63
5
  421
255
  463
1
  63
7
  421
16777215
  470
LINEAR
  1001
ACAD
  1010
0
  1020
0
  1030
0
  0
LWPOLYLINE
  5
2283
  100
AcDbEntity
  8
Top-Paste-Mask-Layer
  100
AcDbPolyline
  90
4
  70
1
  43
0
  10
3.9000100000199986
  20
25.600182000364008
  10
6.100010000020003
  20
25.600182000364008
  10
6.100010000019999
  20
24.400182000364005
  10
3.900010000019995
  20
24.400182000364005
  0
HATCH
  5
2304
  100
AcDbEntity
  8
Top-Paste-Mask-Layer
  100
AcDbHatch
  10
0
  20
0
  30
0
  210
0
  220
0
  230
1
  2
SOLID
  70
1
  71
0
  91
1
  92
7
  72
1
  73
1
  93
2
  10
11.559897919795846
  20
32.62801625603252
  42
1
  10
13.359897919795847
  20
32.62801625603252
  42
1
  97
1
  330
2303
  75
0
  76
1
  47
0.8681437583925616
  98
1
  10
3.629517071192367
  20
33.92795499968543
  450
0
  451
0
  460
0
  461
0
  452
1
  462
1
  453
2
  463
0
  63
5
  421
255
  463
1
  63
7
  421
16777215
  470
LINEAR
  1001
ACAD
  1010
0
  1020
0
  1030
0
  0
LWPOLYLINE
  5
2305
  100
AcDbEntity
  8
Top-Paste-Mask-Layer
  100
AcDbPolyline
  90
2
  70
1
  43
0
  10
11.559897919795846
  20
32.62801625603252
  42
1
  10
13.359897919795847
  20
32.62801625603252
  42
1
  0
HATCH
  5
2334
  100
AcDbEntity
  8
Top-Paste-Mask-Layer
  100
AcDbHatch
  10
0
  20
0
  30
0
  210
0
  220
0
  230
1
  2
SOLID
  70
1
  71
0
  91
1
  92
7
  72
1
  73
1
  93
2
  10
14.099902999806005
  20
32.62801625603252
  42
1
  10
15.899902999806006
  20
32.62801625603252
  42
1
  97
1
  330
2333
  75
0
  76
1
  47
0.8681437583925616
  98
1
  10
3.629517071192367
  20
33.92795499968543
  450
0
  451
0
  460
0
  461
0
  452
1
  462
1
  453
2
  463
0
  63
5
  421
255
  463
1
  63
7
  421
16777215
  470
LINEAR
  1001
ACAD
  1010
0
  1020
0
  1030
0
  0
LWPOLYLINE
  5
2335
  100
AcDbEntity
  8
Top-Paste-Mask-Layer
  100
AcDbPolyline
  90
2
  70
1
  43
0
  10
14.099902999806003
  20
32.62801625603252
  42
1
  10
15.899902999806006
  20
32.62801625603252
  42
1
  0
HATCH
  5
2364
  100
AcDbEntity
  8
Top-Paste-Mask-Layer
  100
AcDbHatch
  10
0
  20
0
  30
0
  210
0
  220
0
  230
1
  2
SOLID
  70
1
  71
0
  91
1
  92
7
  72
1
  73
1
  93
2
  10
16.639908079816166
  20
32.62801625603252
  42
1
  10
18.439908079816163
  20
32.62801625603252
  42
1
  97
1
  330
2363
  75
0
  76
1
  47
0.8681437583925616
  98
1
  10
3.629517071192367
  20
33.92795499968543
  450
0
  451
0
  460
0
  461
0
  452
1
  462
1
  453
2
  463
0
  63
5
  421
255
  463
1
  63
7
  421
16777215
  470
LINEAR
  1001
ACAD
  1010
0
  1020
0
  1030
0
  0
LWPOLYLINE
  5
2365
  100
AcDbEntity
  8
Top-Paste-Mask-Layer
  100
AcDbPolyline
  90
2
  70
1
  43
0
  10
16.639908079816166
  20
32.62801625603252
  42
1
  10
18.439908079816167
  20
32.62801625603252
  42
1
  0
HATCH
  5
2394
  100
AcDbEntity
  8
Top-Paste-Mask-Layer
  100
AcDbHatch
  10
0
  20
0
  30
0
  210
0
  220
0
  230
1
  2
SOLID
  70
1
  71
0
  91
1
  92
7
  72
1
  73
1
  93
2
  10
11.559897919795846
  20
47.12814325628652
  42
1
  10
13.359897919795847
  20
47.12814325628652
  42
1
  97
1
  330
2393
  75
0
  76
1
  47
0.8681437583925616
  98
1
  10
3.629517071192367
  20
33.92795499968543
  450
0
  451
0
  460
0
  461
0
  452
1
  462
1
  453
2
  463
0
  63
5
  421
255
  463
1
  63
7
  421
16777215
  470
LINEAR
  1001
ACAD
  1010
0
  1020
0
  1030
0
  0
LWPOLYLINE
  5
2395
  100
AcDbEntity
  8
Top-Paste-Mask-Layer
  100
AcDbPolyline
  90
2
  70
1
  43
0
  10
11.559897919795846
  20
47.12814325628652
  42
1
  10
13.359897919795847
  20
47.12814325628652
  42
1
  0
HATCH
  5
2424
  100
AcDbEntity
  8
Top-Paste-Mask-Layer
  100
AcDbHatch
  10
0
  20
0
  30
0
  210
0
  220
0
  230
1
  2
SOLID
  70
1
  71
0
  91
1
  92
7
  72
1
  73
1
  93
2
  10
16.639908079816166
  20
47.12814325628652
  42
1
  10
18.439908079816163
  20
47.12814325628652
  42
1
  97
1
  330
2423
  75
0
  76
1
  47
0.8681437583925616
  98
1
  10
3.629517071192367
  20
33.92795499968543
  450
0
  451
0
  460
0
  461
0
  452
1
  462
1
  453
2
  463
0
  63
5
  421
255
  463
1
  63
7
  421
16777215
  470
LINEAR
  1001
ACAD
  1010
0
  1020
0
  1030
0
  0
LWPOLYLINE
  5
2425
  100
AcDbEntity
  8
Top-Paste-Mask-Layer
  100
AcDbPolyline
  90
2
  70
1
  43
0
  10
16.639908079816166
  20
47.12814325628652
  42
1
  10
18.439908079816167
  20
47.12814325628652
  42
1
  0
HATCH
  5
2448
  100
AcDbEntity
  8
Top-Paste-Mask-Layer
  100
AcDbHatch
  10
0
  20
0
  30
0
  210
0
  220
0
  230
1
  2
SOLID
  70
1
  71
0
  91
1
  92
7
  72
0
  73
1
  93
18
  10
21.65003000006001
  20
39.27814325628652
  10
21.562491462447987
  20
38.838057309066656
  10
21.313202798424538
  20
38.464970457921986
  10
20.940115947279864
  20
38.21568179389853
  10
20.500030000060008
  20
38.12814325628652
  10
20.059944052840155
  20
38.21568179389853
  10
19.686857201695478
  20
38.46497045792199
  10
19.43756853767203
  20
38.83805730906666
  10
19.350030000060013
  20
39.27814325628652
  10
19.35003000006001
  20
40.978143256286515
  10
19.43756853767203
  20
41.41822920350637
  10
19.686857201695478
  20
41.79131605465104
  10
20.059944052840155
  20
42.0406047186745
  10
20.500030000060008
  20
42.12814325628651
  10
20.940115947279864
  20
42.0406047186745
  10
21.313202798424538
  20
41.79131605465104
  10
21.56249146244799
  20
41.41822920350637
  10
21.65003000006001
  20
40.978143256286515
  97
1
  330
2447
  75
0
  76
1
  47
0.4128176842155181
  98
1
  10
34.90568961886538
  20
22.81183545379326
  450
0
  451
0
  460
0
  461
0
  452
1
  462
1
  453
2
  463
0
  63
5
  421
255
  463
1
  63
7
  421
16777215
  470
LINEAR
  1001
ACAD
  1010
0
  1020
0
  1030
0
  0
LWPOLYLINE
  5
2447
  100
AcDbEntity
  8
Top-Paste-Mask-Layer
  100
AcDbPolyline
  90
18
  70
1
  43
0
  10
21.65003000006001
  20
39.27814325628652
  10
21.562491462447987
  20
38.838057309066656
  10
21.313202798424538
  20
38.464970457921986
  10
20.940115947279864
  20
38.21568179389853
  10
20.500030000060008
  20
38.12814325628652
  10
20.059944052840155
  20
38.21568179389853
  10
19.686857201695478
  20
38.46497045792199
  10
19.43756853767203
  20
38.83805730906666
  10
19.350030000060013
  20
39.27814325628652
  10
19.35003000006001
  20
40.978143256286515
  10
19.43756853767203
  20
41.41822920350637
  10
19.686857201695478
  20
41.79131605465104
  10
20.059944052840155
  20
42.0406047186745
  10
20.500030000060008
  20
42.12814325628651
  10
20.940115947279864
  20
42.0406047186745
  10
21.313202798424538
  20
41.79131605465104
  10
21.56249146244799
  20
41.41822920350637
  10
21.65003000006001
  20
40.978143256286515
  0
HATCH
  5
2468
  100
AcDbEntity
  8
Top-Paste-Mask-Layer
  100
AcDbHatch
  10
0
  20
0
  30
0
  210
0
  220
0
  230
1
  2
SOLID
  70
1
  71
0
  91
1
  92
7
  72
0
  73
1
  93
18
  10
10.650030000060003
  20
39.27814325628652
  10
10.562491462447984
  20
38.838057309066656
  10
10.313202798424532
  20
38.464970457921986
  10
9.940115947279857
  20
38.21568179389853
  10
9.500030000060002
  20
38.12814325628652
  10
9.05994405284015
  20
38.21568179389853
  10
8.686857201695473
  20
38.46497045792199
  10
8.437568537672023
  20
38.83805730906666
  10
8.350030000060006
  20
39.27814325628652
  10
8.350030000060004
  20
40.978143256286515
  10
8.437568537672023
  20
41.41822920350637
  10
8.686857201695473
  20
41.79131605465104
  10
9.05994405284015
  20
42.0406047186745
  10
9.500030000060002
  20
42.12814325628651
  10
9.940115947279857
  20
42.0406047186745
  10
10.313202798424532
  20
41.79131605465104
  10
10.562491462447984
  20
41.41822920350637
  10
10.650030000060003
  20
40.978143256286515
  97
1
  330
2467
  75
0
  76
1
  47
0.4128176842155181
  98
1
  10
34.90568961886538
  20
22.81183545379326
  450
0
  451
0
  460
0
  461
0
  452
1
  462
1
  453
2
  463
0
  63
5
  421
255
  463
1
  63
7
  421
16777215
  470
LINEAR
  1001
ACAD
  1010
0
  1020
0
  1030
0
  0
LWPOLYLINE
  5
2467
  100
AcDbEntity
  8
Top-Paste-Mask-Layer
  100
AcDbPolyline
  90
18
  70
1
  43
0
  10
10.650030000060003
  20
39.27814325628652
  10
10.562491462447984
  20
38.838057309066656
  10
10.313202798424532
  20
38.464970457921986
  10
9.940115947279857
  20
38.21568179389853
  10
9.500030000060002
  20
38.12814325628652
  10
9.05994405284015
  20
38.21568179389853
  10
8.686857201695473
  20
38.46497045792199
  10
8.437568537672023
  20
38.83805730906666
  10
8.350030000060006
  20
39.27814325628652
  10
8.350030000060004
  20
40.978143256286515
  10
8.437568537672023
  20
41.41822920350637
  10
8.686857201695473
  20
41.79131605465104
  10
9.05994405284015
  20
42.0406047186745
  10
9.500030000060002
  20
42.12814325628651
  10
9.940115947279857
  20
42.0406047186745
  10
10.313202798424532
  20
41.79131605465104
  10
10.562491462447984
  20
41.41822920350637
  10
10.650030000060003
  20
40.978143256286515
  0
HATCH
  5
2506
  100
AcDbEntity
  8
Top-Paste-Mask-Layer
  100
AcDbHatch
  10
0
  20
0
  30
0
  210
0
  220
0
  230
1
  2
SOLID
  70
1
  71
0
  91
1
  92
7
  72
1
  73
1
  93
2
  10
79.20515838231678
  20
40.00008000016
  42
1
  10
80.95516193832388
  20
40.00008000016
  42
1
  97
1
  330
2505
  75
0
  76
1
  47
0.8681437583925616
  98
1
  10
3.629517071192367
  20
33.92795499968543
  450
0
  451
0
  460
0
  461
0
  452
1
  462
1
  453
2
  463
0
  63
5
  421
255
  463
1
  63
7
  421
16777215
  470
LINEAR
  1001
ACAD
  1010
0
  1020
0
  1030
0
  0
LWPOLYLINE
  5
2507
  100
AcDbEntity
  8
Top-Paste-Mask-Layer
  100
AcDbPolyline
  90
2
  70
1
  43
0
  10
79.20515838231677
  20
40.00008000016
  42
1
  10
80.95516193832388
  20
40.00008000016
  42
1
  0
HATCH
  5
2536
  100
AcDbEntity
  8
Top-Paste-Mask-Layer
  100
AcDbHatch
  10
0
  20
0
  30
0
  210
0
  220
0
  230
1
  2
SOLID
  70
1
  71
0
  91
1
  92
7
  72
1
  73
1
  93
2
  10
69.04513806227614
  20
40.00008000016
  42
1
  10
70.79514161828324
  20
40.00008000016
  42
1
  97
1
  330
2535
  75
0
  76
1
  47
0.8681437583925616
  98
1
  10
3.629517071192367
  20
33.92795499968543
  450
0
  451
0
  460
0
  461
0
  452
1
  462
1
  453
2
  463
0
  63
5
  421
255
  463
1
  63
7
  421
16777215
  470
LINEAR
  1001
ACAD
  1010
0
  1020
0
  1030
0
  0
LWPOLYLINE
  5
2537
  100
AcDbEntity
  8
Top-Paste-Mask-Layer
  100
AcDbPolyline
  90
2
  70
1
  43
0
  10
69.04513806227612
  20
40.00008000016
  42
1
  10
70.79514161828324
  20
40.00008000016
  42
1
  0
HATCH
  5
2566
  100
AcDbEntity
  8
Top-Paste-Mask-Layer
  100
AcDbHatch
  10
0
  20
0
  30
0
  210
0
  220
0
  230
1
  2
SOLID
  70
1
  71
0
  91
1
  92
7
  72
1
  73
1
  93
2
  10
73.00014606329214
  20
40.00008000016
  42
1
  10
77.00015393730789
  20
40.00008000016
  42
1
  97
1
  330
2565
  75
0
  76
1
  47
0.8681437583925616
  98
1
  10
3.629517071192367
  20
33.92795499968543
  450
0
  451
0
  460
0
  461
0
  452
1
  462
1
  453
2
  463
0
  63
5
  421
255
  463
1
  63
7
  421
16777215
  470
LINEAR
  1001
ACAD
  1010
0
  1020
0
  1030
0
  0
LWPOLYLINE
  5
2567
  100
AcDbEntity
  8
Top-Paste-Mask-Layer
  100
AcDbPolyline
  90
4
  70
0
  43
0
  10
73.00014606329214
  20
40.00008000241295
  42
1
  10
77.00015393730789
  20
40.00007999719835
  10
77.00015393730789
  20
40.000079997907044
  42
1
  10
73.00014606329214
  20
40.000080003121646
  0
HATCH
  5
2596
  100
AcDbEntity
  8
Top-Paste-Mask-Layer
  100
AcDbHatch
  10
0
  20
0
  30
0
  210
0
  220
0
  230
1
  2
SOLID
  70
1
  71
0
  91
1
  92
7
  72
1
  73
1
  93
2
  10
69.94013984027968
  20
42.54008508017016
  42
1
  10
72.44014492028985
  20
42.54008508017016
  42
1
  97
1
  330
2595
  75
0
  76
1
  47
0.8681437583925616
  98
1
  10
3.629517071192367
  20
33.92795499968543
  450
0
  451
0
  460
0
  461
0
  452
1
  462
1
  453
2
  463
0
  63
5
  421
255
  463
1
  63
7
  421
16777215
  470
LINEAR
  1001
ACAD
  1010
0
  1020
0
  1030
0
  0
LWPOLYLINE
  5
2597
  100
AcDbEntity
  8
Top-Paste-Mask-Layer
  100
AcDbPolyline
  90
2
  70
1
  43
0
  10
69.94013984027968
  20
42.54008508017016
  42
1
  10
72.44014492028985
  20
42.54008508017016
  42
1
  0
HATCH
  5
2626
  100
AcDbEntity
  8
Top-Paste-Mask-Layer
  100
AcDbHatch
  10
0
  20
0
  30
0
  210
0
  220
0
  230
1
  2
SOLID
  70
1
  71
0
  91
1
  92
7
  72
1
  73
1
  93
2
  10
76.29015254030509
  20
45.08009016018032
  42
1
  10
78.79015762031526
  20
45.08009016018032
  42
1
  97
1
  330
2625
  75
0
  76
1
  47
0.8681437583925616
  98
1
  10
3.629517071192367
  20
33.92795499968543
  450
0
  451
0
  460
0
  461
0
  452
1
  462
1
  453
2
  463
0
  63
5
  421
255
  463
1
  63
7
  421
16777215
  470
LINEAR
  1001
ACAD
  1010
0
  1020
0
  1030
0
  0
LWPOLYLINE
  5
2627
  100
AcDbEntity
  8
Top-Paste-Mask-Layer
  100
AcDbPolyline
  90
2
  70
1
  43
0
  10
76.29015254030509
  20
45.08009016018032
  42
1
  10
78.79015762031526
  20
45.08009016018032
  42
1
  0
HATCH
  5
2656
  100
AcDbEntity
  8
Top-Paste-Mask-Layer
  100
AcDbHatch
  10
0
  20
0
  30
0
  210
0
  220
0
  230
1
  2
SOLID
  70
1
  71
0
  91
1
  92
7
  72
1
  73
1
  93
2
  10
79.20515838231678
  20
15.000064999764941
  42
1
  10
80.95516193832388
  20
15.000064999764941
  42
1
  97
1
  330
2655
  75
0
  76
1
  47
0.8681437583925616
  98
1
  10
3.629517071192367
  20
33.92795499968543
  450
0
  451
0
  460
0
  461
0
  452
1
  462
1
  453
2
  463
0
  63
5
  421
255
  463
1
  63
7
  421
16777215
  470
LINEAR
  1001
ACAD
  1010
0
  1020
0
  1030
0
  0
LWPOLYLINE
  5
2657
  100
AcDbEntity
  8
Top-Paste-Mask-Layer
  100
AcDbPolyline
  90
2
  70
1
  43
0
  10
79.20515838231677
  20
15.000064999764941
  42
1
  10
80.95516193832388
  20
15.000064999764941
  42
1
  0
HATCH
  5
2686
  100
AcDbEntity
  8
Top-Paste-Mask-Layer
  100
AcDbHatch
  10
0
  20
0
  30
0
  210
0
  220
0
  230
1
  2
SOLID
  70
1
  71
0
  91
1
  92
7
  72
1
  73
1
  93
2
  10
69.04513806227614
  20
15.000064999764941
  42
1
  10
70.79514161828324
  20
15.000064999764941
  42
1
  97
1
  330
2685
  75
0
  76
1
  47
0.8681437583925616
  98
1
  10
3.629517071192367
  20
33.92795499968543
  450
0
  451
0
  460
0
  461
0
  452
1
  462
1
  453
2
  463
0
  63
5
  421
255
  463
1
  63
7
  421
16777215
  470
LINEAR
  1001
ACAD
  1010
0
  1020
0
  1030
0
  0
LWPOLYLINE
  5
2687
  100
AcDbEntity
  8
Top-Paste-Mask-Layer
  100
AcDbPolyline
  90
2
  70
1
  43
0
  10
69.04513806227612
  20
15.000064999764941
  42
1
  10
70.79514161828324
  20
15.000064999764941
  42
1
  0
HATCH
  5
2716
  100
AcDbEntity
  8
Top-Paste-Mask-Layer
  100
AcDbHatch
  10
0
  20
0
  30
0
  210
0
  220
0
  230
1
  2
SOLID
  70
1
  71
0
  91
1
  92
7
  72
1
  73
1
  93
2
  10
73.00014606329214
  20
15.000064999764941
  42
1
  10
77.00015393730789
  20
15.000064999764941
  42
1
  97
1
  330
2715
  75
0
  76
1
  47
0.8681437583925616
  98
1
  10
3.629517071192367
  20
33.92795499968543
  450
0
  451
0
  460
0
  461
0
  452
1
  462
1
  453
2
  463
0
  63
5
  421
255
  463
1
  63
7
  421
16777215
  470
LINEAR
  1001
ACAD
  1010
0
  1020
0
  1030
0
  0
LWPOLYLINE
  5
2717
  100
AcDbEntity
  8
Top-Paste-Mask-Layer
  100
AcDbPolyline
  90
4
  70
0
  43
0
  10
73.00014606329214
  20
15.000065002017887
  42
1
  10
77.00015393730789
  20
15.000064996803285
  10
77.00015393730789
  20
15.000064997511993
  42
1
  10
73.00014606329214
  20
15.000065002726593
  0
HATCH
  5
2746
  100
AcDbEntity
  8
Top-Paste-Mask-Layer
  100
AcDbHatch
  10
0
  20
0
  30
0
  210
0
  220
0
  230
1
  2
SOLID
  70
1
  71
0
  91
1
  92
7
  72
1
  73
1
  93
2
  10
69.94013984027968
  20
17.5400700797751
  42
1
  10
72.44014492028985
  20
17.5400700797751
  42
1
  97
1
  330
2745
  75
0
  76
1
  47
0.8681437583925616
  98
1
  10
3.629517071192367
  20
33.92795499968543
  450
0
  451
0
  460
0
  461
0
  452
1
  462
1
  453
2
  463
0
  63
5
  421
255
  463
1
  63
7
  421
16777215
  470
LINEAR
  1001
ACAD
  1010
0
  1020
0
  1030
0
  0
LWPOLYLINE
  5
2747
  100
AcDbEntity
  8
Top-Paste-Mask-Layer
  100
AcDbPolyline
  90
2
  70
1
  43
0
  10
69.94013984027968
  20
17.5400700797751
  42
1
  10
72.44014492028985
  20
17.5400700797751
  42
1
  0
HATCH
  5
2776
  100
AcDbEntity
  8
Top-Paste-Mask-Layer
  100
AcDbHatch
  10
0
  20
0
  30
0
  210
0
  220
0
  230
1
  2
SOLID
  70
1
  71
0
  91
1
  92
7
  72
1
  73
1
  93
2
  10
76.29015254030509
  20
20.08007515978526
  42
1
  10
78.79015762031526
  20
20.08007515978526
  42
1
  97
1
  330
2775
  75
0
  76
1
  47
0.8681437583925616
  98
1
  10
3.629517071192367
  20
33.92795499968543
  450
0
  451
0
  460
0
  461
0
  452
1
  462
1
  453
2
  463
0
  63
5
  421
255
  463
1
  63
7
  421
16777215
  470
LINEAR
  1001
ACAD
  1010
0
  1020
0
  1030
0
  0
LWPOLYLINE
  5
2777
  100
AcDbEntity
  8
Top-Paste-Mask-Layer
  100
AcDbPolyline
  90
2
  70
1
  43
0
  10
76.29015254030509
  20
20.08007515978526
  42
1
  10
78.79015762031526
  20
20.08007515978526
  42
1
  0
HATCH
  5
2806
  100
AcDbEntity
  8
Top-Paste-Mask-Layer
  100
AcDbHatch
  10
0
  20
0
  30
0
  210
0
  220
0
  230
1
  2
SOLID
  70
1
  71
0
  91
1
  92
7
  72
1
  73
1
  93
2
  10
85.09774968095456
  20
60.43662087324176
  42
1
  10
86.62175272896067
  20
60.43662087324176
  42
1
  97
1
  330
2805
  75
0
  76
1
  47
0.8681437583925616
  98
1
  10
3.629517071192367
  20
33.92795499968543
  450
0
  451
0
  460
0
  461
0
  452
1
  462
1
  453
2
  463
0
  63
5
  421
255
  463
1
  63
7
  421
16777215
  470
LINEAR
  1001
ACAD
  1010
0
  1020
0
  1030
0
  0
LWPOLYLINE
  5
2807
  100
AcDbEntity
  8
Top-Paste-Mask-Layer
  100
AcDbPolyline
  90
2
  70
1
  43
0
  10
85.09774968095456
  20
60.43662087324176
  42
1
  10
86.62175272896066
  20
60.43662087324176
  42
1
  0
HATCH
  5
2836
  100
AcDbEntity
  8
Top-Paste-Mask-Layer
  100
AcDbHatch
  10
0
  20
0
  30
0
  210
0
  220
0
  230
1
  2
SOLID
  70
1
  71
0
  91
1
  92
7
  72
1
  73
1
  93
2
  10
24.238048476096953
  20
59.00011800023601
  42
1
  10
25.762051524103047
  20
59.00011800023601
  42
1
  97
1
  330
2835
  75
0
  76
1
  47
0.8681437583925616
  98
1
  10
3.629517071192367
  20
33.92795499968543
  450
0
  451
0
  460
0
  461
0
  452
1
  462
1
  453
2
  463
0
  63
5
  421
255
  463
1
  63
7
  421
16777215
  470
LINEAR
  1001
ACAD
  1010
0
  1020
0
  1030
0
  0
LWPOLYLINE
  5
2837
  100
AcDbEntity
  8
Top-Paste-Mask-Layer
  100
AcDbPolyline
  90
2
  70
1
  43
0
  10
24.238048476096953
  20
59.00011800023601
  42
1
  10
25.76205152410305
  20
59.00011800023601
  42
1
  0
LWPOLYLINE
  5
1097
  100
AcDbEntity
  8
Top-Assembly-Layer
  100
AcDbPolyline
  90
2
  70
0
  43
0.10000025400050801
  10
28.00005603011206
  20
47.00009397018794
  10
28.00005603011206
  20
33.00006603013206
  0
LWPOLYLINE
  5
1098
  100
AcDbEntity
  8
Top-Assembly-Layer
  100
AcDbPolyline
  90
2
  70
0
  43
0.10000025400050801
  10
28.00005603011206
  20
33.00006603013206
  10
42.00008397016793
  20
33.00006603013206
  0
LWPOLYLINE
  5
1099
  100
AcDbEntity
  8
Top-Assembly-Layer
  100
AcDbPolyline
  90
2
  70
0
  43
0.10000025400050801
  10
42.00008397016793
  20
33.00006603013206
  10
42.00008397016793
  20
47.00009397018794
  0
LWPOLYLINE
  5
1100
  100
AcDbEntity
  8
Top-Assembly-Layer
  100
AcDbPolyline
  90
2
  70
0
  43
0.10000025400050801
  10
42.00008397016793
  20
47.00009397018794
  10
28.00005603011206
  20
47.00009397018794
  0
LWPOLYLINE
  5
1117
  100
AcDbEntity
  8
Top-Assembly-Layer
  100
AcDbPolyline
  90
2
  70
0
  43
0.10000025400050801
  10
48.00009603019206
  20
47.00009397018795
  10
48.00009603019206
  20
33.00006603013207
  0
LWPOLYLINE
  5
1118
  100
AcDbEntity
  8
Top-Assembly-Layer
  100
AcDbPolyline
  90
2
  70
0
  43
0.10000025400050801
  10
48.00009603019206
  20
33.00006603013207
  10
62.000123970247934
  20
33.00006603013207
  0
LWPOLYLINE
  5
1119
  100
AcDbEntity
  8
Top-Assembly-Layer
  100
AcDbPolyline
  90
2
  70
0
  43
0.10000025400050801
  10
62.000123970247934
  20
33.00006603013207
  10
62.000123970247934
  20
47.00009397018795
  0
LWPOLYLINE
  5
1120
  100
AcDbEntity
  8
Top-Assembly-Layer
  100
AcDbPolyline
  90
2
  70
0
  43
0.10000025400050801
  10
62.000123970247934
  20
47.00009397018795
  10
48.00009603019206
  20
47.00009397018795
  0
LWPOLYLINE
  5
1137
  100
AcDbEntity
  8
Top-Assembly-Layer
  100
AcDbPolyline
  90
2
  70
0
  43
0.10000025400050801
  10
48.00009603019206
  20
22.000043970087944
  10
48.00009603019206
  20
8.00001603003206
  0
LWPOLYLINE
  5
1138
  100
AcDbEntity
  8
Top-Assembly-Layer
  100
AcDbPolyline
  90
2
  70
0
  43
0.10000025400050801
  10
48.00009603019206
  20
8.00001603003206
  10
62.00012397024794
  20
8.00001603003206
  0
LWPOLYLINE
  5
1139
  100
AcDbEntity
  8
Top-Assembly-Layer
  100
AcDbPolyline
  90
2
  70
0
  43
0.10000025400050801
  10
62.00012397024794
  20
8.00001603003206
  10
62.00012397024794
  20
22.000043970087944
  0
LWPOLYLINE
  5
1140
  100
AcDbEntity
  8
Top-Assembly-Layer
  100
AcDbPolyline
  90
2
  70
0
  43
0.10000025400050801
  10
62.00012397024794
  20
22.000043970087944
  10
48.00009603019206
  20
22.000043970087944
  0
LWPOLYLINE
  5
1157
  100
AcDbEntity
  8
Top-Assembly-Layer
  100
AcDbPolyline
  90
2
  70
0
  43
0.10000025400050801
  10
28.000056030112063
  20
22.000043970087944
  10
28.000056030112063
  20
8.00001603003206
  0
LWPOLYLINE
  5
1158
  100
AcDbEntity
  8
Top-Assembly-Layer
  100
AcDbPolyline
  90
2
  70
0
  43
0.10000025400050801
  10
28.000056030112063
  20
8.00001603003206
  10
42.00008397016794
  20
8.00001603003206
  0
LWPOLYLINE
  5
1159
  100
AcDbEntity
  8
Top-Assembly-Layer
  100
AcDbPolyline
  90
2
  70
0
  43
0.10000025400050801
  10
42.00008397016794
  20
8.00001603003206
  10
42.00008397016794
  20
22.000043970087944
  0
LWPOLYLINE
  5
1160
  100
AcDbEntity
  8
Top-Assembly-Layer
  100
AcDbPolyline
  90
2
  70
0
  43
0.10000025400050801
  10
42.00008397016794
  20
22.000043970087944
  10
28.000056030112063
  20
22.000043970087944
  0
LWPOLYLINE
  5
1177
  100
AcDbEntity
  8
Top-Assembly-Layer
  100
AcDbPolyline
  90
2
  70
0
  43
0.10000025400050801
  10
8.000016030032063
  20
22.000043970087944
  10
8.000016030032063
  20
8.00001603003206
  0
LWPOLYLINE
  5
1178
  100
AcDbEntity
  8
Top-Assembly-Layer
  100
AcDbPolyline
  90
2
  70
0
  43
0.10000025400050801
  10
8.000016030032063
  20
8.00001603003206
  10
22.000043970087944
  20
8.00001603003206
  0
LWPOLYLINE
  5
1179
  100
AcDbEntity
  8
Top-Assembly-Layer
  100
AcDbPolyline
  90
2
  70
0
  43
0.10000025400050801
  10
22.000043970087944
  20
8.00001603003206
  10
22.000043970087944
  20
22.000043970087944
  0
LWPOLYLINE
  5
1180
  100
AcDbEntity
  8
Top-Assembly-Layer
  100
AcDbPolyline
  90
2
  70
0
  43
0.10000025400050801
  10
22.000043970087944
  20
22.000043970087944
  10
8.000016030032063
  20
22.000043970087944
  0
LWPOLYLINE
  5
1233
  100
AcDbEntity
  8
Top-Assembly-Layer
  100
AcDbPolyline
  90
2
  70
0
  43
0.10000025400050801
  10
68.00013603027209
  20
47.00009397018794
  10
68.00013603027209
  20
33.00006603013206
  0
LWPOLYLINE
  5
1234
  100
AcDbEntity
  8
Top-Assembly-Layer
  100
AcDbPolyline
  90
2
  70
0
  43
0.10000025400050801
  10
68.00013603027209
  20
33.00006603013206
  10
82.00016397032793
  20
33.00006603013206
  0
LWPOLYLINE
  5
1235
  100
AcDbEntity
  8
Top-Assembly-Layer
  100
AcDbPolyline
  90
2
  70
0
  43
0.10000025400050801
  10
82.00016397032793
  20
33.00006603013206
  10
82.00016397032793
  20
47.00009397018794
  0
LWPOLYLINE
  5
1236
  100
AcDbEntity
  8
Top-Assembly-Layer
  100
AcDbPolyline
  90
2
  70
0
  43
0.10000025400050801
  10
82.00016397032793
  20
47.00009397018794
  10
68.00013603027209
  20
47.00009397018794
  0
LWPOLYLINE
  5
1253
  100
AcDbEntity
  8
Top-Assembly-Layer
  100
AcDbPolyline
  90
2
  70
0
  43
0.10000025400050801
  10
68.00013603027207
  20
22.00007896979288
  10
68.00013603027207
  20
8.000051029737
  0
LWPOLYLINE
  5
1254
  100
AcDbEntity
  8
Top-Assembly-Layer
  100
AcDbPolyline
  90
2
  70
0
  43
0.10000025400050801
  10
68.00013603027207
  20
8.000051029737
  10
82.00016397032795
  20
8.000051029737
  0
LWPOLYLINE
  5
1255
  100
AcDbEntity
  8
Top-Assembly-Layer
  100
AcDbPolyline
  90
2
  70
0
  43
0.10000025400050801
  10
82.00016397032795
  20
8.000051029737
  10
82.00016397032795
  20
22.00007896979288
  0
LWPOLYLINE
  5
1256
  100
AcDbEntity
  8
Top-Assembly-Layer
  100
AcDbPolyline
  90
2
  70
0
  43
0.10000025400050801
  10
82.00016397032795
  20
22.00007896979288
  10
68.00013603027207
  20
22.00007896979288
  0
LWPOLYLINE
  5
2888
  100
AcDbEntity
  8
Top-Assembly-Layer
  100
AcDbPolyline
  90
2
  70
0
  43
0.10000025400050801
  10
28.00005603011206
  20
47.00009397018794
  10
28.00005603011206
  20
33.00006603013206
  0
LWPOLYLINE
  5
2889
  100
AcDbEntity
  8
Top-Assembly-Layer
  100
AcDbPolyline
  90
2
  70
0
  43
0.10000025400050801
  10
28.00005603011206
  20
33.00006603013206
  10
42.00008397016793
  20
33.00006603013206
  0
LWPOLYLINE
  5
2890
  100
AcDbEntity
  8
Top-Assembly-Layer
  100
AcDbPolyline
  90
2
  70
0
  43
0.10000025400050801
  10
42.00008397016793
  20
33.00006603013206
  10
42.00008397016793
  20
47.00009397018794
  0
LWPOLYLINE
  5
2891
  100
AcDbEntity
  8
Top-Assembly-Layer
  100
AcDbPolyline
  90
2
  70
0
  43
0.10000025400050801
  10
42.00008397016793
  20
47.00009397018794
  10
28.00005603011206
  20
47.00009397018794
  0
LWPOLYLINE
  5
2908
  100
AcDbEntity
  8
Top-Assembly-Layer
  100
AcDbPolyline
  90
2
  70
0
  43
0.10000025400050801
  10
48.00009603019206
  20
47.00009397018795
  10
48.00009603019206
  20
33.00006603013207
  0
LWPOLYLINE
  5
2909
  100
AcDbEntity
  8
Top-Assembly-Layer
  100
AcDbPolyline
  90
2
  70
0
  43
0.10000025400050801
  10
48.00009603019206
  20
33.00006603013207
  10
62.000123970247934
  20
33.00006603013207
  0
LWPOLYLINE
  5
2910
  100
AcDbEntity
  8
Top-Assembly-Layer
  100
AcDbPolyline
  90
2
  70
0
  43
0.10000025400050801
  10
62.000123970247934
  20
33.00006603013207
  10
62.000123970247934
  20
47.00009397018795
  0
LWPOLYLINE
  5
2911
  100
AcDbEntity
  8
Top-Assembly-Layer
  100
AcDbPolyline
  90
2
  70
0
  43
0.10000025400050801
  10
62.000123970247934
  20
47.00009397018795
  10
48.00009603019206
  20
47.00009397018795
  0
LWPOLYLINE
  5
2928
  100
AcDbEntity
  8
Top-Assembly-Layer
  100
AcDbPolyline
  90
2
  70
0
  43
0.10000025400050801
  10
48.00009603019206
  20
22.000043970087944
  10
48.00009603019206
  20
8.00001603003206
  0
LWPOLYLINE
  5
2929
  100
AcDbEntity
  8
Top-Assembly-Layer
  100
AcDbPolyline
  90
2
  70
0
  43
0.10000025400050801
  10
48.00009603019206
  20
8.00001603003206
  10
62.00012397024794
  20
8.00001603003206
  0
LWPOLYLINE
  5
2930
  100
AcDbEntity
  8
Top-Assembly-Layer
  100
AcDbPolyline
  90
2
  70
0
  43
0.10000025400050801
  10
62.00012397024794
  20
8.00001603003206
  10
62.00012397024794
  20
22.000043970087944
  0
LWPOLYLINE
  5
2931
  100
AcDbEntity
  8
Top-Assembly-Layer
  100
AcDbPolyline
  90
2
  70
0
  43
0.10000025400050801
  10
62.00012397024794
  20
22.000043970087944
  10
48.00009603019206
  20
22.000043970087944
  0
LWPOLYLINE
  5
2948
  100
AcDbEntity
  8
Top-Assembly-Layer
  100
AcDbPolyline
  90
2
  70
0
  43
0.10000025400050801
  10
28.000056030112063
  20
22.000043970087944
  10
28.000056030112063
  20
8.00001603003206
  0
LWPOLYLINE
  5
2949
  100
AcDbEntity
  8
Top-Assembly-Layer
  100
AcDbPolyline
  90
2
  70
0
  43
0.10000025400050801
  10
28.000056030112063
  20
8.00001603003206
  10
42.00008397016794
  20
8.00001603003206
  0
LWPOLYLINE
  5
2950
  100
AcDbEntity
  8
Top-Assembly-Layer
  100
AcDbPolyline
  90
2
  70
0
  43
0.10000025400050801
  10
42.00008397016794
  20
8.00001603003206
  10
42.00008397016794
  20
22.000043970087944
  0
LWPOLYLINE
  5
2951
  100
AcDbEntity
  8
Top-Assembly-Layer
  100
AcDbPolyline
  90
2
  70
0
  43
0.10000025400050801
  10
42.00008397016794
  20
22.000043970087944
  10
28.000056030112063
  20
22.000043970087944
  0
LWPOLYLINE
  5
2968
  100
AcDbEntity
  8
Top-Assembly-Layer
  100
AcDbPolyline
  90
2
  70
0
  43
0.10000025400050801
  10
8.000016030032063
  20
22.000043970087944
  10
8.000016030032063
  20
8.00001603003206
  0
LWPOLYLINE
  5
2969
  100
AcDbEntity
  8
Top-Assembly-Layer
  100
AcDbPolyline
  90
2
  70
0
  43
0.10000025400050801
  10
8.000016030032063
  20
8.00001603003206
  10
22.000043970087944
  20
8.00001603003206
  0
LWPOLYLINE
  5
2970
  100
AcDbEntity
  8
Top-Assembly-Layer
  100
AcDbPolyline
  90
2
  70
0
  43
0.10000025400050801
  10
22.000043970087944
  20
8.00001603003206
  10
22.000043970087944
  20
22.000043970087944
  0
LWPOLYLINE
  5
2971
  100
AcDbEntity
  8
Top-Assembly-Layer
  100
AcDbPolyline
  90
2
  70
0
  43
0.10000025400050801
  10
22.000043970087944
  20
22.000043970087944
  10
8.000016030032063
  20
22.000043970087944
  0
LWPOLYLINE
  5
3035
  100
AcDbEntity
  8
Top-Assembly-Layer
  100
AcDbPolyline
  90
2
  70
0
  43
0.10000025400050801
  10
68.00013603027209
  20
47.00009397018794
  10
68.00013603027209
  20
33.00006603013206
  0
LWPOLYLINE
  5
3036
  100
AcDbEntity
  8
Top-Assembly-Layer
  100
AcDbPolyline
  90
2
  70
0
  43
0.10000025400050801
  10
68.00013603027209
  20
33.00006603013206
  10
82.00016397032793
  20
33.00006603013206
  0
LWPOLYLINE
  5
3037
  100
AcDbEntity
  8
Top-Assembly-Layer
  100
AcDbPolyline
  90
2
  70
0
  43
0.10000025400050801
  10
82.00016397032793
  20
33.00006603013206
  10
82.00016397032793
  20
47.00009397018794
  0
LWPOLYLINE
  5
3038
  100
AcDbEntity
  8
Top-Assembly-Layer
  100
AcDbPolyline
  90
2
  70
0
  43
0.10000025400050801
  10
82.00016397032793
  20
47.00009397018794
  10
68.00013603027209
  20
47.00009397018794
  0
LWPOLYLINE
  5
3055
  100
AcDbEntity
  8
Top-Assembly-Layer
  100
AcDbPolyline
  90
2
  70
0
  43
0.10000025400050801
  10
68.00013603027207
  20
22.00007896979288
  10
68.00013603027207
  20
8.000051029737
  0
LWPOLYLINE
  5
3056
  100
AcDbEntity
  8
Top-Assembly-Layer
  100
AcDbPolyline
  90
2
  70
0
  43
0.10000025400050801
  10
68.00013603027207
  20
8.000051029737
  10
82.00016397032795
  20
8.000051029737
  0
LWPOLYLINE
  5
3057
  100
AcDbEntity
  8
Top-Assembly-Layer
  100
AcDbPolyline
  90
2
  70
0
  43
0.10000025400050801
  10
82.00016397032795
  20
8.000051029737
  10
82.00016397032795
  20
22.00007896979288
  0
LWPOLYLINE
  5
3058
  100
AcDbEntity
  8
Top-Assembly-Layer
  100
AcDbPolyline
  90
2
  70
0
  43
0.10000025400050801
  10
82.00016397032795
  20
22.00007896979288
  10
68.00013603027207
  20
22.00007896979288
  0
HATCH
  5
1050
  100
AcDbEntity
  8
Multi-Layer
  100
AcDbHatch
  10
0
  20
0
  30
0
  210
0
  220
0
  230
1
  2
SOLID
  70
1
  71
0
  91
1
  92
7
  72
1
  73
1
  93
2
  10
1.3500989001978012
  20
30.900105800211595
  42
1
  10
2.250124300248601
  20
30.900105800211595
  42
1
  97
1
  330
1049
  75
0
  76
1
  47
0.8681437583925616
  98
1
  10
3.629517071192367
  20
33.92795499968543
  450
0
  451
0
  460
0
  461
0
  452
1
  462
1
  453
2
  463
0
  63
5
  421
255
  463
1
  63
7
  421
16777215
  470
LINEAR
  1001
ACAD
  1010
0
  1020
0
  1030
0
  0
LWPOLYLINE
  5
1051
  100
AcDbEntity
  8
Multi-Layer
  100
AcDbPolyline
  90
2
  70
1
  43
0.025400050800101603
  10
1.350098900197801
  20
30.900105800211595
  42
1
  10
2.250124300248601
  20
30.900105800211595
  42
1
  0
HATCH
  5
1053
  100
AcDbEntity
  8
Multi-Layer
  100
AcDbHatch
  10
0
  20
0
  30
0
  210
0
  220
0
  230
1
  2
SOLID
  70
1
  71
0
  91
1
  92
7
  72
1
  73
1
  93
2
  10
1.3500989001978012
  20
24.10000420000841
  42
1
  10
2.250124300248601
  20
24.10000420000841
  42
1
  97
1
  330
1052
  75
0
  76
1
  47
0.8681437583925616
  98
1
  10
3.629517071192367
  20
33.92795499968543
  450
0
  451
0
  460
0
  461
0
  452
1
  462
1
  453
2
  463
0
  63
5
  421
255
  463
1
  63
7
  421
16777215
  470
LINEAR
  1001
ACAD
  1010
0
  1020
0
  1030
0
  0
LWPOLYLINE
  5
1054
  100
AcDbEntity
  8
Multi-Layer
  100
AcDbPolyline
  90
2
  70
1
  43
0.025400050800101603
  10
1.350098900197801
  20
24.10000420000841
  42
1
  10
2.250124300248601
  20
24.10000420000841
  42
1
  0
HATCH
  5
1524
  100
AcDbEntity
  8
Multi-Layer
  100
AcDbHatch
  10
0
  20
0
  30
0
  210
0
  220
0
  230
1
  2
SOLID
  70
1
  71
0
  91
1
  92
7
  72
1
  73
1
  93
2
  10
39.20507838215676
  20
40.00008000016
  42
1
  10
40.95508193816388
  20
40.00008000016
  42
1
  97
1
  330
1523
  75
0
  76
1
  47
0.8681437583925616
  98
1
  10
3.629517071192367
  20
33.92795499968543
  450
0
  451
0
  460
0
  461
0
  452
1
  462
1
  453
2
  463
0
  63
5
  421
255
  463
1
  63
7
  421
16777215
  470
LINEAR
  1001
ACAD
  1010
0
  1020
0
  1030
0
  0
LWPOLYLINE
  5
1525
  100
AcDbEntity
  8
Multi-Layer
  100
AcDbPolyline
  90
2
  70
1
  43
0
  10
39.20507838215676
  20
40.00008000016
  42
1
  10
40.95508193816388
  20
40.00008000016
  42
1
  0
HATCH
  5
1527
  100
AcDbEntity
  8
Multi-Layer
  100
AcDbHatch
  10
0
  20
0
  30
0
  210
0
  220
0
  230
1
  2
SOLID
  70
1
  71
0
  91
1
  92
7
  72
1
  73
1
  93
2
  10
39.20507838215676
  20
40.00008000016
  42
1
  10
40.95508193816388
  20
40.00008000016
  42
1
  97
1
  330
1526
  75
0
  76
1
  47
0.8681437583925616
  98
1
  10
3.629517071192367
  20
33.92795499968543
  450
0
  451
0
  460
0
  461
0
  452
1
  462
1
  453
2
  463
0
  63
5
  421
255
  463
1
  63
7
  421
16777215
  470
LINEAR
  1001
ACAD
  1010
0
  1020
0
  1030
0
  0
LWPOLYLINE
  5
1528
  100
AcDbEntity
  8
Multi-Layer
  100
AcDbPolyline
  90
2
  70
1
  43
0
  10
39.20507838215676
  20
40.00008000016
  42
1
  10
40.95508193816388
  20
40.00008000016
  42
1
  0
HATCH
  5
1530
  100
AcDbEntity
  8
Multi-Layer
  100
AcDbHatch
  10
0
  20
0
  30
0
  210
0
  220
0
  230
1
  2
SOLID
  70
1
  71
0
  91
1
  92
7
  72
1
  73
1
  93
2
  10
39.20507838215676
  20
40.00008000016
  42
1
  10
40.95508193816388
  20
40.00008000016
  42
1
  97
1
  330
1529
  75
0
  76
1
  47
0.8681437583925616
  98
1
  10
3.629517071192367
  20
33.92795499968543
  450
0
  451
0
  460
0
  461
0
  452
1
  462
1
  453
2
  463
0
  63
5
  421
255
  463
1
  63
7
  421
16777215
  470
LINEAR
  1001
ACAD
  1010
0
  1020
0
  1030
0
  0
LWPOLYLINE
  5
1531
  100
AcDbEntity
  8
Multi-Layer
  100
AcDbPolyline
  90
2
  70
1
  43
0
  10
39.20507838215676
  20
40.00008000016
  42
1
  10
40.95508193816388
  20
40.00008000016
  42
1
  0
HATCH
  5
1554
  100
AcDbEntity
  8
Multi-Layer
  100
AcDbHatch
  10
0
  20
0
  30
0
  210
0
  220
0
  230
1
  2
SOLID
  70
1
  71
0
  91
1
  92
7
  72
1
  73
1
  93
2
  10
29.045058062116123
  20
40.00008000016
  42
1
  10
30.79506161812324
  20
40.00008000016
  42
1
  97
1
  330
1553
  75
0
  76
1
  47
0.8681437583925616
  98
1
  10
3.629517071192367
  20
33.92795499968543
  450
0
  451
0
  460
0
  461
0
  452
1
  462
1
  453
2
  463
0
  63
5
  421
255
  463
1
  63
7
  421
16777215
  470
LINEAR
  1001
ACAD
  1010
0
  1020
0
  1030
0
  0
LWPOLYLINE
  5
1555
  100
AcDbEntity
  8
Multi-Layer
  100
AcDbPolyline
  90
2
  70
1
  43
0
  10
29.045058062116123
  20
40.00008000016
  42
1
  10
30.79506161812324
  20
40.00008000016
  42
1
  0
HATCH
  5
1557
  100
AcDbEntity
  8
Multi-Layer
  100
AcDbHatch
  10
0
  20
0
  30
0
  210
0
  220
0
  230
1
  2
SOLID
  70
1
  71
0
  91
1
  92
7
  72
1
  73
1
  93
2
  10
29.045058062116123
  20
40.00008000016
  42
1
  10
30.79506161812324
  20
40.00008000016
  42
1
  97
1
  330
1556
  75
0
  76
1
  47
0.8681437583925616
  98
1
  10
3.629517071192367
  20
33.92795499968543
  450
0
  451
0
  460
0
  461
0
  452
1
  462
1
  453
2
  463
0
  63
5
  421
255
  463
1
  63
7
  421
16777215
  470
LINEAR
  1001
ACAD
  1010
0
  1020
0
  1030
0
  0
LWPOLYLINE
  5
1558
  100
AcDbEntity
  8
Multi-Layer
  100
AcDbPolyline
  90
2
  70
1
  43
0
  10
29.045058062116123
  20
40.00008000016
  42
1
  10
30.79506161812324
  20
40.00008000016
  42
1
  0
HATCH
  5
1560
  100
AcDbEntity
  8
Multi-Layer
  100
AcDbHatch
  10
0
  20
0
  30
0
  210
0
  220
0
  230
1
  2
SOLID
  70
1
  71
0
  91
1
  92
7
  72
1
  73
1
  93
2
  10
29.045058062116123
  20
40.00008000016
  42
1
  10
30.79506161812324
  20
40.00008000016
  42
1
  97
1
  330
1559
  75
0
  76
1
  47
0.8681437583925616
  98
1
  10
3.629517071192367
  20
33.92795499968543
  450
0
  451
0
  460
0
  461
0
  452
1
  462
1
  453
2
  463
0
  63
5
  421
255
  463
1
  63
7
  421
16777215
  470
LINEAR
  1001
ACAD
  1010
0
  1020
0
  1030
0
  0
LWPOLYLINE
  5
1561
  100
AcDbEntity
  8
Multi-Layer
  100
AcDbPolyline
  90
2
  70
1
  43
0
  10
29.045058062116123
  20
40.00008000016
  42
1
  10
30.79506161812324
  20
40.00008000016
  42
1
  0
HATCH
  5
1584
  100
AcDbEntity
  8
Multi-Layer
  100
AcDbHatch
  10
0
  20
0
  30
0
  210
0
  220
0
  230
1
  2
SOLID
  70
1
  71
0
  91
1
  92
7
  72
1
  73
1
  93
2
  10
33.000066063132124
  20
40.00008000016
  42
1
  10
37.000073937147874
  20
40.00008000016
  42
1
  97
1
  330
1583
  75
0
  76
1
  47
0.8681437583925616
  98
1
  10
3.629517071192367
  20
33.92795499968543
  450
0
  451
0
  460
0
  461
0
  452
1
  462
1
  453
2
  463
0
  63
5
  421
255
  463
1
  63
7
  421
16777215
  470
LINEAR
  1001
ACAD
  1010
0
  1020
0
  1030
0
  0
LWPOLYLINE
  5
1585
  100
AcDbEntity
  8
Multi-Layer
  100
AcDbPolyline
  90
2
  70
1
  43
0
  10
33.000066063132124
  20
40.00008000016
  42
1
  10
37.00007393714788
  20
40.00008000016
  42
1
  0
HATCH
  5
1587
  100
AcDbEntity
  8
Multi-Layer
  100
AcDbHatch
  10
0
  20
0
  30
0
  210
0
  220
0
  230
1
  2
SOLID
  70
1
  71
0
  91
1
  92
7
  72
1
  73
1
  93
2
  10
33.000066063132124
  20
40.00008000016
  42
1
  10
37.000073937147874
  20
40.00008000016
  42
1
  97
1
  330
1586
  75
0
  76
1
  47
0.8681437583925616
  98
1
  10
3.629517071192367
  20
33.92795499968543
  450
0
  451
0
  460
0
  461
0
  452
1
  462
1
  453
2
  463
0
  63
5
  421
255
  463
1
  63
7
  421
16777215
  470
LINEAR
  1001
ACAD
  1010
0
  1020
0
  1030
0
  0
LWPOLYLINE
  5
1588
  100
AcDbEntity
  8
Multi-Layer
  100
AcDbPolyline
  90
2
  70
1
  43
0
  10
33.000066063132124
  20
40.00008000016
  42
1
  10
37.00007393714788
  20
40.00008000016
  42
1
  0
HATCH
  5
1590
  100
AcDbEntity
  8
Multi-Layer
  100
AcDbHatch
  10
0
  20
0
  30
0
  210
0
  220
0
  230
1
  2
SOLID
  70
1
  71
0
  91
1
  92
7
  72
1
  73
1
  93
2
  10
33.000066063132124
  20
40.00008000016
  42
1
  10
37.000073937147874
  20
40.00008000016
  42
1
  97
1
  330
1589
  75
0
  76
1
  47
0.8681437583925616
  98
1
  10
3.629517071192367
  20
33.92795499968543
  450
0
  451
0
  460
0
  461
0
  452
1
  462
1
  453
2
  463
0
  63
5
  421
255
  463
1
  63
7
  421
16777215
  470
LINEAR
  1001
ACAD
  1010
0
  1020
0
  1030
0
  0
LWPOLYLINE
  5
1591
  100
AcDbEntity
  8
Multi-Layer
  100
AcDbPolyline
  90
2
  70
1
  43
0
  10
33.000066063132124
  20
40.00008000016
  42
1
  10
37.00007393714788
  20
40.00008000016
  42
1
  0
HATCH
  5
1614
  100
AcDbEntity
  8
Multi-Layer
  100
AcDbHatch
  10
0
  20
0
  30
0
  210
0
  220
0
  230
1
  2
SOLID
  70
1
  71
0
  91
1
  92
7
  72
1
  73
1
  93
2
  10
29.94005984011968
  20
42.54008508017016
  42
1
  10
32.44006492012984
  20
42.54008508017016
  42
1
  97
1
  330
1613
  75
0
  76
1
  47
0.8681437583925616
  98
1
  10
3.629517071192367
  20
33.92795499968543
  450
0
  451
0
  460
0
  461
0
  452
1
  462
1
  453
2
  463
0
  63
5
  421
255
  463
1
  63
7
  421
16777215
  470
LINEAR
  1001
ACAD
  1010
0
  1020
0
  1030
0
  0
LWPOLYLINE
  5
1615
  100
AcDbEntity
  8
Multi-Layer
  100
AcDbPolyline
  90
2
  70
1
  43
0
  10
29.94005984011968
  20
42.54008508017016
  42
1
  10
32.44006492012984
  20
42.54008508017016
  42
1
  0
HATCH
  5
1617
  100
AcDbEntity
  8
Multi-Layer
  100
AcDbHatch
  10
0
  20
0
  30
0
  210
0
  220
0
  230
1
  2
SOLID
  70
1
  71
0
  91
1
  92
7
  72
1
  73
1
  93
2
  10
29.94005984011968
  20
42.54008508017016
  42
1
  10
32.44006492012984
  20
42.54008508017016
  42
1
  97
1
  330
1616
  75
0
  76
1
  47
0.8681437583925616
  98
1
  10
3.629517071192367
  20
33.92795499968543
  450
0
  451
0
  460
0
  461
0
  452
1
  462
1
  453
2
  463
0
  63
5
  421
255
  463
1
  63
7
  421
16777215
  470
LINEAR
  1001
ACAD
  1010
0
  1020
0
  1030
0
  0
LWPOLYLINE
  5
1618
  100
AcDbEntity
  8
Multi-Layer
  100
AcDbPolyline
  90
2
  70
1
  43
0
  10
29.94005984011968
  20
42.54008508017016
  42
1
  10
32.44006492012984
  20
42.54008508017016
  42
1
  0
HATCH
  5
1620
  100
AcDbEntity
  8
Multi-Layer
  100
AcDbHatch
  10
0
  20
0
  30
0
  210
0
  220
0
  230
1
  2
SOLID
  70
1
  71
0
  91
1
  92
7
  72
1
  73
1
  93
2
  10
29.94005984011968
  20
42.54008508017016
  42
1
  10
32.44006492012984
  20
42.54008508017016
  42
1
  97
1
  330
1619
  75
0
  76
1
  47
0.8681437583925616
  98
1
  10
3.629517071192367
  20
33.92795499968543
  450
0
  451
0
  460
0
  461
0
  452
1
  462
1
  453
2
  463
0
  63
5
  421
255
  463
1
  63
7
  421
16777215
  470
LINEAR
  1001
ACAD
  1010
0
  1020
0
  1030
0
  0
LWPOLYLINE
  5
1621
  100
AcDbEntity
  8
Multi-Layer
  100
AcDbPolyline
  90
2
  70
1
  43
0
  10
29.94005984011968
  20
42.54008508017016
  42
1
  10
32.44006492012984
  20
42.54008508017016
  42
1
  0
HATCH
  5
1644
  100
AcDbEntity
  8
Multi-Layer
  100
AcDbHatch
  10
0
  20
0
  30
0
  210
0
  220
0
  230
1
  2
SOLID
  70
1
  71
0
  91
1
  92
7
  72
1
  73
1
  93
2
  10
36.29007254014508
  20
45.08009016018032
  42
1
  10
38.79007762015524
  20
45.08009016018032
  42
1
  97
1
  330
1643
  75
0
  76
1
  47
0.8681437583925616
  98
1
  10
3.629517071192367
  20
33.92795499968543
  450
0
  451
0
  460
0
  461
0
  452
1
  462
1
  453
2
  463
0
  63
5
  421
255
  463
1
  63
7
  421
16777215
  470
LINEAR
  1001
ACAD
  1010
0
  1020
0
  1030
0
  0
LWPOLYLINE
  5
1645
  100
AcDbEntity
  8
Multi-Layer
  100
AcDbPolyline
  90
4
  70
0
  43
0
  10
36.29007254014508
  20
45.080090160614624
  42
1
  10
38.79007762015524
  20
45.080090160614624
  10
38.79007762015524
  20
45.080090159746014
  42
1
  10
36.29007254014508
  20
45.080090159746014
  0
HATCH
  5
1647
  100
AcDbEntity
  8
Multi-Layer
  100
AcDbHatch
  10
0
  20
0
  30
0
  210
0
  220
0
  230
1
  2
SOLID
  70
1
  71
0
  91
1
  92
7
  72
1
  73
1
  93
2
  10
36.29007254014508
  20
45.08009016018032
  42
1
  10
38.79007762015524
  20
45.08009016018032
  42
1
  97
1
  330
1646
  75
0
  76
1
  47
0.8681437583925616
  98
1
  10
3.629517071192367
  20
33.92795499968543
  450
0
  451
0
  460
0
  461
0
  452
1
  462
1
  453
2
  463
0
  63
5
  421
255
  463
1
  63
7
  421
16777215
  470
LINEAR
  1001
ACAD
  1010
0
  1020
0
  1030
0
  0
LWPOLYLINE
  5
1648
  100
AcDbEntity
  8
Multi-Layer
  100
AcDbPolyline
  90
4
  70
0
  43
0
  10
36.29007254014508
  20
45.080090160614624
  42
1
  10
38.79007762015524
  20
45.080090160614624
  10
38.79007762015524
  20
45.080090159746014
  42
1
  10
36.29007254014508
  20
45.080090159746014
  0
HATCH
  5
1650
  100
AcDbEntity
  8
Multi-Layer
  100
AcDbHatch
  10
0
  20
0
  30
0
  210
0
  220
0
  230
1
  2
SOLID
  70
1
  71
0
  91
1
  92
7
  72
1
  73
1
  93
2
  10
36.29007254014508
  20
45.08009016018032
  42
1
  10
38.79007762015524
  20
45.08009016018032
  42
1
  97
1
  330
1649
  75
0
  76
1
  47
0.8681437583925616
  98
1
  10
3.629517071192367
  20
33.92795499968543
  450
0
  451
0
  460
0
  461
0
  452
1
  462
1
  453
2
  463
0
  63
5
  421
255
  463
1
  63
7
  421
16777215
  470
LINEAR
  1001
ACAD
  1010
0
  1020
0
  1030
0
  0
LWPOLYLINE
  5
1651
  100
AcDbEntity
  8
Multi-Layer
  100
AcDbPolyline
  90
4
  70
0
  43
0
  10
36.29007254014508
  20
45.080090160614624
  42
1
  10
38.79007762015524
  20
45.080090160614624
  10
38.79007762015524
  20
45.080090159746014
  42
1
  10
36.29007254014508
  20
45.080090159746014
  0
HATCH
  5
1674
  100
AcDbEntity
  8
Multi-Layer
  100
AcDbHatch
  10
0
  20
0
  30
0
  210
0
  220
0
  230
1
  2
SOLID
  70
1
  71
0
  91
1
  92
7
  72
1
  73
1
  93
2
  10
59.20511838223677
  20
40.000080000160004
  42
1
  10
60.955121938243884
  20
40.000080000160004
  42
1
  97
1
  330
1673
  75
0
  76
1
  47
0.8681437583925616
  98
1
  10
3.629517071192367
  20
33.92795499968543
  450
0
  451
0
  460
0
  461
0
  452
1
  462
1
  453
2
  463
0
  63
5
  421
255
  463
1
  63
7
  421
16777215
  470
LINEAR
  1001
ACAD
  1010
0
  1020
0
  1030
0
  0
LWPOLYLINE
  5
1675
  100
AcDbEntity
  8
Multi-Layer
  100
AcDbPolyline
  90
2
  70
1
  43
0
  10
59.20511838223677
  20
40.000080000160004
  42
1
  10
60.955121938243884
  20
40.000080000160004
  42
1
  0
HATCH
  5
1677
  100
AcDbEntity
  8
Multi-Layer
  100
AcDbHatch
  10
0
  20
0
  30
0
  210
0
  220
0
  230
1
  2
SOLID
  70
1
  71
0
  91
1
  92
7
  72
1
  73
1
  93
2
  10
59.20511838223677
  20
40.000080000160004
  42
1
  10
60.955121938243884
  20
40.000080000160004
  42
1
  97
1
  330
1676
  75
0
  76
1
  47
0.8681437583925616
  98
1
  10
3.629517071192367
  20
33.92795499968543
  450
0
  451
0
  460
0
  461
0
  452
1
  462
1
  453
2
  463
0
  63
5
  421
255
  463
1
  63
7
  421
16777215
  470
LINEAR
  1001
ACAD
  1010
0
  1020
0
  1030
0
  0
LWPOLYLINE
  5
1678
  100
AcDbEntity
  8
Multi-Layer
  100
AcDbPolyline
  90
2
  70
1
  43
0
  10
59.20511838223677
  20
40.000080000160004
  42
1
  10
60.955121938243884
  20
40.000080000160004
  42
1
  0
HATCH
  5
1680
  100
AcDbEntity
  8
Multi-Layer
  100
AcDbHatch
  10
0
  20
0
  30
0
  210
0
  220
0
  230
1
  2
SOLID
  70
1
  71
0
  91
1
  92
7
  72
1
  73
1
  93
2
  10
59.20511838223677
  20
40.000080000160004
  42
1
  10
60.955121938243884
  20
40.000080000160004
  42
1
  97
1
  330
1679
  75
0
  76
1
  47
0.8681437583925616
  98
1
  10
3.629517071192367
  20
33.92795499968543
  450
0
  451
0
  460
0
  461
0
  452
1
  462
1
  453
2
  463
0
  63
5
  421
255
  463
1
  63
7
  421
16777215
  470
LINEAR
  1001
ACAD
  1010
0
  1020
0
  1030
0
  0
LWPOLYLINE
  5
1681
  100
AcDbEntity
  8
Multi-Layer
  100
AcDbPolyline
  90
2
  70
1
  43
0
  10
59.20511838223677
  20
40.000080000160004
  42
1
  10
60.955121938243884
  20
40.000080000160004
  42
1
  0
HATCH
  5
1704
  100
AcDbEntity
  8
Multi-Layer
  100
AcDbHatch
  10
0
  20
0
  30
0
  210
0
  220
0
  230
1
  2
SOLID
  70
1
  71
0
  91
1
  92
7
  72
1
  73
1
  93
2
  10
49.045098062196125
  20
40.000080000160004
  42
1
  10
50.79510161820324
  20
40.000080000160004
  42
1
  97
1
  330
1703
  75
0
  76
1
  47
0.8681437583925616
  98
1
  10
3.629517071192367
  20
33.92795499968543
  450
0
  451
0
  460
0
  461
0
  452
1
  462
1
  453
2
  463
0
  63
5
  421
255
  463
1
  63
7
  421
16777215
  470
LINEAR
  1001
ACAD
  1010
0
  1020
0
  1030
0
  0
LWPOLYLINE
  5
1705
  100
AcDbEntity
  8
Multi-Layer
  100
AcDbPolyline
  90
2
  70
1
  43
0
  10
49.045098062196125
  20
40.000080000160004
  42
1
  10
50.79510161820324
  20
40.000080000160004
  42
1
  0
HATCH
  5
1707
  100
AcDbEntity
  8
Multi-Layer
  100
AcDbHatch
  10
0
  20
0
  30
0
  210
0
  220
0
  230
1
  2
SOLID
  70
1
  71
0
  91
1
  92
7
  72
1
  73
1
  93
2
  10
49.045098062196125
  20
40.000080000160004
  42
1
  10
50.79510161820324
  20
40.000080000160004
  42
1
  97
1
  330
1706
  75
0
  76
1
  47
0.8681437583925616
  98
1
  10
3.629517071192367
  20
33.92795499968543
  450
0
  451
0
  460
0
  461
0
  452
1
  462
1
  453
2
  463
0
  63
5
  421
255
  463
1
  63
7
  421
16777215
  470
LINEAR
  1001
ACAD
  1010
0
  1020
0
  1030
0
  0
LWPOLYLINE
  5
1708
  100
AcDbEntity
  8
Multi-Layer
  100
AcDbPolyline
  90
2
  70
1
  43
0
  10
49.045098062196125
  20
40.000080000160004
  42
1
  10
50.79510161820324
  20
40.000080000160004
  42
1
  0
HATCH
  5
1710
  100
AcDbEntity
  8
Multi-Layer
  100
AcDbHatch
  10
0
  20
0
  30
0
  210
0
  220
0
  230
1
  2
SOLID
  70
1
  71
0
  91
1
  92
7
  72
1
  73
1
  93
2
  10
49.045098062196125
  20
40.000080000160004
  42
1
  10
50.79510161820324
  20
40.000080000160004
  42
1
  97
1
  330
1709
  75
0
  76
1
  47
0.8681437583925616
  98
1
  10
3.629517071192367
  20
33.92795499968543
  450
0
  451
0
  460
0
  461
0
  452
1
  462
1
  453
2
  463
0
  63
5
  421
255
  463
1
  63
7
  421
16777215
  470
LINEAR
  1001
ACAD
  1010
0
  1020
0
  1030
0
  0
LWPOLYLINE
  5
1711
  100
AcDbEntity
  8
Multi-Layer
  100
AcDbPolyline
  90
2
  70
1
  43
0
  10
49.045098062196125
  20
40.000080000160004
  42
1
  10
50.79510161820324
  20
40.000080000160004
  42
1
  0
HATCH
  5
1734
  100
AcDbEntity
  8
Multi-Layer
  100
AcDbHatch
  10
0
  20
0
  30
0
  210
0
  220
0
  230
1
  2
SOLID
  70
1
  71
0
  91
1
  92
7
  72
1
  73
1
  93
2
  10
53.00010606321213
  20
40.000080000160004
  42
1
  10
57.00011393722788
  20
40.000080000160004
  42
1
  97
1
  330
1733
  75
0
  76
1
  47
0.8681437583925616
  98
1
  10
3.629517071192367
  20
33.92795499968543
  450
0
  451
0
  460
0
  461
0
  452
1
  462
1
  453
2
  463
0
  63
5
  421
255
  463
1
  63
7
  421
16777215
  470
LINEAR
  1001
ACAD
  1010
0
  1020
0
  1030
0
  0
LWPOLYLINE
  5
1735
  100
AcDbEntity
  8
Multi-Layer
  100
AcDbPolyline
  90
2
  70
1
  43
0
  10
53.00010606321213
  20
40.000080000160004
  42
1
  10
57.00011393722788
  20
40.000080000160004
  42
1
  0
HATCH
  5
1737
  100
AcDbEntity
  8
Multi-Layer
  100
AcDbHatch
  10
0
  20
0
  30
0
  210
0
  220
0
  230
1
  2
SOLID
  70
1
  71
0
  91
1
  92
7
  72
1
  73
1
  93
2
  10
53.00010606321213
  20
40.000080000160004
  42
1
  10
57.00011393722788
  20
40.000080000160004
  42
1
  97
1
  330
1736
  75
0
  76
1
  47
0.8681437583925616
  98
1
  10
3.629517071192367
  20
33.92795499968543
  450
0
  451
0
  460
0
  461
0
  452
1
  462
1
  453
2
  463
0
  63
5
  421
255
  463
1
  63
7
  421
16777215
  470
LINEAR
  1001
ACAD
  1010
0
  1020
0
  1030
0
  0
LWPOLYLINE
  5
1738
  100
AcDbEntity
  8
Multi-Layer
  100
AcDbPolyline
  90
2
  70
1
  43
0
  10
53.00010606321213
  20
40.000080000160004
  42
1
  10
57.00011393722788
  20
40.000080000160004
  42
1
  0
HATCH
  5
1740
  100
AcDbEntity
  8
Multi-Layer
  100
AcDbHatch
  10
0
  20
0
  30
0
  210
0
  220
0
  230
1
  2
SOLID
  70
1
  71
0
  91
1
  92
7
  72
1
  73
1
  93
2
  10
53.00010606321213
  20
40.000080000160004
  42
1
  10
57.00011393722788
  20
40.000080000160004
  42
1
  97
1
  330
1739
  75
0
  76
1
  47
0.8681437583925616
  98
1
  10
3.629517071192367
  20
33.92795499968543
  450
0
  451
0
  460
0
  461
0
  452
1
  462
1
  453
2
  463
0
  63
5
  421
255
  463
1
  63
7
  421
16777215
  470
LINEAR
  1001
ACAD
  1010
0
  1020
0
  1030
0
  0
LWPOLYLINE
  5
1741
  100
AcDbEntity
  8
Multi-Layer
  100
AcDbPolyline
  90
2
  70
1
  43
0
  10
53.00010606321213
  20
40.000080000160004
  42
1
  10
57.00011393722788
  20
40.000080000160004
  42
1
  0
HATCH
  5
1764
  100
AcDbEntity
  8
Multi-Layer
  100
AcDbHatch
  10
0
  20
0
  30
0
  210
0
  220
0
  230
1
  2
SOLID
  70
1
  71
0
  91
1
  92
7
  72
1
  73
1
  93
2
  10
49.940099840199686
  20
42.540085080170165
  42
1
  10
52.44010492020984
  20
42.540085080170165
  42
1
  97
1
  330
1763
  75
0
  76
1
  47
0.8681437583925616
  98
1
  10
3.629517071192367
  20
33.92795499968543
  450
0
  451
0
  460
0
  461
0
  452
1
  462
1
  453
2
  463
0
  63
5
  421
255
  463
1
  63
7
  421
16777215
  470
LINEAR
  1001
ACAD
  1010
0
  1020
0
  1030
0
  0
LWPOLYLINE
  5
1765
  100
AcDbEntity
  8
Multi-Layer
  100
AcDbPolyline
  90
4
  70
0
  43
0
  10
49.940099840199686
  20
42.54008508060447
  42
1
  10
52.44010492020984
  20
42.54008508060447
  10
52.44010492020984
  20
42.54008507973587
  42
1
  10
49.940099840199686
  20
42.54008507973587
  0
HATCH
  5
1767
  100
AcDbEntity
  8
Multi-Layer
  100
AcDbHatch
  10
0
  20
0
  30
0
  210
0
  220
0
  230
1
  2
SOLID
  70
1
  71
0
  91
1
  92
7
  72
1
  73
1
  93
2
  10
49.940099840199686
  20
42.540085080170165
  42
1
  10
52.44010492020984
  20
42.540085080170165
  42
1
  97
1
  330
1766
  75
0
  76
1
  47
0.8681437583925616
  98
1
  10
3.629517071192367
  20
33.92795499968543
  450
0
  451
0
  460
0
  461
0
  452
1
  462
1
  453
2
  463
0
  63
5
  421
255
  463
1
  63
7
  421
16777215
  470
LINEAR
  1001
ACAD
  1010
0
  1020
0
  1030
0
  0
LWPOLYLINE
  5
1768
  100
AcDbEntity
  8
Multi-Layer
  100
AcDbPolyline
  90
4
  70
0
  43
0
  10
49.940099840199686
  20
42.54008508060447
  42
1
  10
52.44010492020984
  20
42.54008508060447
  10
52.44010492020984
  20
42.54008507973587
  42
1
  10
49.940099840199686
  20
42.54008507973587
  0
HATCH
  5
1770
  100
AcDbEntity
  8
Multi-Layer
  100
AcDbHatch
  10
0
  20
0
  30
0
  210
0
  220
0
  230
1
  2
SOLID
  70
1
  71
0
  91
1
  92
7
  72
1
  73
1
  93
2
  10
49.940099840199686
  20
42.540085080170165
  42
1
  10
52.44010492020984
  20
42.540085080170165
  42
1
  97
1
  330
1769
  75
0
  76
1
  47
0.8681437583925616
  98
1
  10
3.629517071192367
  20
33.92795499968543
  450
0
  451
0
  460
0
  461
0
  452
1
  462
1
  453
2
  463
0
  63
5
  421
255
  463
1
  63
7
  421
16777215
  470
LINEAR
  1001
ACAD
  1010
0
  1020
0
  1030
0
  0
LWPOLYLINE
  5
1771
  100
AcDbEntity
  8
Multi-Layer
  100
AcDbPolyline
  90
4
  70
0
  43
0
  10
49.940099840199686
  20
42.54008508060447
  42
1
  10
52.44010492020984
  20
42.54008508060447
  10
52.44010492020984
  20
42.54008507973587
  42
1
  10
49.940099840199686
  20
42.54008507973587
  0
HATCH
  5
1794
  100
AcDbEntity
  8
Multi-Layer
  100
AcDbHatch
  10
0
  20
0
  30
0
  210
0
  220
0
  230
1
  2
SOLID
  70
1
  71
0
  91
1
  92
7
  72
1
  73
1
  93
2
  10
56.29011254022509
  20
45.080090160180326
  42
1
  10
58.79011762023524
  20
45.080090160180326
  42
1
  97
1
  330
1793
  75
0
  76
1
  47
0.8681437583925616
  98
1
  10
3.629517071192367
  20
33.92795499968543
  450
0
  451
0
  460
0
  461
0
  452
1
  462
1
  453
2
  463
0
  63
5
  421
255
  463
1
  63
7
  421
16777215
  470
LINEAR
  1001
ACAD
  1010
0
  1020
0
  1030
0
  0
LWPOLYLINE
  5
1795
  100
AcDbEntity
  8
Multi-Layer
  100
AcDbPolyline
  90
4
  70
0
  43
0
  10
56.29011254022509
  20
45.08009016061463
  42
1
  10
58.79011762023524
  20
45.08009016061463
  10
58.79011762023524
  20
45.08009015974602
  42
1
  10
56.29011254022509
  20
45.08009015974602
  0
HATCH
  5
1797
  100
AcDbEntity
  8
Multi-Layer
  100
AcDbHatch
  10
0
  20
0
  30
0
  210
0
  220
0
  230
1
  2
SOLID
  70
1
  71
0
  91
1
  92
7
  72
1
  73
1
  93
2
  10
56.29011254022509
  20
45.080090160180326
  42
1
  10
58.79011762023524
  20
45.080090160180326
  42
1
  97
1
  330
1796
  75
0
  76
1
  47
0.8681437583925616
  98
1
  10
3.629517071192367
  20
33.92795499968543
  450
0
  451
0
  460
0
  461
0
  452
1
  462
1
  453
2
  463
0
  63
5
  421
255
  463
1
  63
7
  421
16777215
  470
LINEAR
  1001
ACAD
  1010
0
  1020
0
  1030
0
  0
LWPOLYLINE
  5
1798
  100
AcDbEntity
  8
Multi-Layer
  100
AcDbPolyline
  90
4
  70
0
  43
0
  10
56.29011254022509
  20
45.08009016061463
  42
1
  10
58.79011762023524
  20
45.08009016061463
  10
58.79011762023524
  20
45.08009015974602
  42
1
  10
56.29011254022509
  20
45.08009015974602
  0
HATCH
  5
1800
  100
AcDbEntity
  8
Multi-Layer
  100
AcDbHatch
  10
0
  20
0
  30
0
  210
0
  220
0
  230
1
  2
SOLID
  70
1
  71
0
  91
1
  92
7
  72
1
  73
1
  93
2
  10
56.29011254022509
  20
45.080090160180326
  42
1
  10
58.79011762023524
  20
45.080090160180326
  42
1
  97
1
  330
1799
  75
0
  76
1
  47
0.8681437583925616
  98
1
  10
3.629517071192367
  20
33.92795499968543
  450
0
  451
0
  460
0
  461
0
  452
1
  462
1
  453
2
  463
0
  63
5
  421
255
  463
1
  63
7
  421
16777215
  470
LINEAR
  1001
ACAD
  1010
0
  1020
0
  1030
0
  0
LWPOLYLINE
  5
1801
  100
AcDbEntity
  8
Multi-Layer
  100
AcDbPolyline
  90
4
  70
0
  43
0
  10
56.29011254022509
  20
45.08009016061463
  42
1
  10
58.79011762023524
  20
45.08009016061463
  10
58.79011762023524
  20
45.08009015974602
  42
1
  10
56.29011254022509
  20
45.08009015974602
  0
HATCH
  5
1824
  100
AcDbEntity
  8
Multi-Layer
  100
AcDbHatch
  10
0
  20
0
  30
0
  210
0
  220
0
  230
1
  2
SOLID
  70
1
  71
0
  91
1
  92
7
  72
1
  73
1
  93
2
  10
59.205118382236776
  20
15.000030000060002
  42
1
  10
60.95512193824389
  20
15.000030000060002
  42
1
  97
1
  330
1823
  75
0
  76
1
  47
0.8681437583925616
  98
1
  10
3.629517071192367
  20
33.92795499968543
  450
0
  451
0
  460
0
  461
0
  452
1
  462
1
  453
2
  463
0
  63
5
  421
255
  463
1
  63
7
  421
16777215
  470
LINEAR
  1001
ACAD
  1010
0
  1020
0
  1030
0
  0
LWPOLYLINE
  5
1825
  100
AcDbEntity
  8
Multi-Layer
  100
AcDbPolyline
  90
2
  70
1
  43
0
  10
59.205118382236776
  20
15.000030000060002
  42
1
  10
60.95512193824389
  20
15.000030000060002
  42
1
  0
HATCH
  5
1827
  100
AcDbEntity
  8
Multi-Layer
  100
AcDbHatch
  10
0
  20
0
  30
0
  210
0
  220
0
  230
1
  2
SOLID
  70
1
  71
0
  91
1
  92
7
  72
1
  73
1
  93
2
  10
59.205118382236776
  20
15.000030000060002
  42
1
  10
60.95512193824389
  20
15.000030000060002
  42
1
  97
1
  330
1826
  75
0
  76
1
  47
0.8681437583925616
  98
1
  10
3.629517071192367
  20
33.92795499968543
  450
0
  451
0
  460
0
  461
0
  452
1
  462
1
  453
2
  463
0
  63
5
  421
255
  463
1
  63
7
  421
16777215
  470
LINEAR
  1001
ACAD
  1010
0
  1020
0
  1030
0
  0
LWPOLYLINE
  5
1828
  100
AcDbEntity
  8
Multi-Layer
  100
AcDbPolyline
  90
2
  70
1
  43
0
  10
59.205118382236776
  20
15.000030000060002
  42
1
  10
60.95512193824389
  20
15.000030000060002
  42
1
  0
HATCH
  5
1830
  100
AcDbEntity
  8
Multi-Layer
  100
AcDbHatch
  10
0
  20
0
  30
0
  210
0
  220
0
  230
1
  2
SOLID
  70
1
  71
0
  91
1
  92
7
  72
1
  73
1
  93
2
  10
59.205118382236776
  20
15.000030000060002
  42
1
  10
60.95512193824389
  20
15.000030000060002
  42
1
  97
1
  330
1829
  75
0
  76
1
  47
0.8681437583925616
  98
1
  10
3.629517071192367
  20
33.92795499968543
  450
0
  451
0
  460
0
  461
0
  452
1
  462
1
  453
2
  463
0
  63
5
  421
255
  463
1
  63
7
  421
16777215
  470
LINEAR
  1001
ACAD
  1010
0
  1020
0
  1030
0
  0
LWPOLYLINE
  5
1831
  100
AcDbEntity
  8
Multi-Layer
  100
AcDbPolyline
  90
2
  70
1
  43
0
  10
59.205118382236776
  20
15.000030000060002
  42
1
  10
60.95512193824389
  20
15.000030000060002
  42
1
  0
HATCH
  5
1854
  100
AcDbEntity
  8
Multi-Layer
  100
AcDbHatch
  10
0
  20
0
  30
0
  210
0
  220
0
  230
1
  2
SOLID
  70
1
  71
0
  91
1
  92
7
  72
1
  73
1
  93
2
  10
49.045098062196125
  20
15.000030000060002
  42
1
  10
50.79510161820324
  20
15.000030000060002
  42
1
  97
1
  330
1853
  75
0
  76
1
  47
0.8681437583925616
  98
1
  10
3.629517071192367
  20
33.92795499968543
  450
0
  451
0
  460
0
  461
0
  452
1
  462
1
  453
2
  463
0
  63
5
  421
255
  463
1
  63
7
  421
16777215
  470
LINEAR
  1001
ACAD
  1010
0
  1020
0
  1030
0
  0
LWPOLYLINE
  5
1855
  100
AcDbEntity
  8
Multi-Layer
  100
AcDbPolyline
  90
2
  70
1
  43
0
  10
49.045098062196125
  20
15.000030000060002
  42
1
  10
50.79510161820324
  20
15.000030000060002
  42
1
  0
HATCH
  5
1857
  100
AcDbEntity
  8
Multi-Layer
  100
AcDbHatch
  10
0
  20
0
  30
0
  210
0
  220
0
  230
1
  2
SOLID
  70
1
  71
0
  91
1
  92
7
  72
1
  73
1
  93
2
  10
49.045098062196125
  20
15.000030000060002
  42
1
  10
50.79510161820324
  20
15.000030000060002
  42
1
  97
1
  330
1856
  75
0
  76
1
  47
0.8681437583925616
  98
1
  10
3.629517071192367
  20
33.92795499968543
  450
0
  451
0
  460
0
  461
0
  452
1
  462
1
  453
2
  463
0
  63
5
  421
255
  463
1
  63
7
  421
16777215
  470
LINEAR
  1001
ACAD
  1010
0
  1020
0
  1030
0
  0
LWPOLYLINE
  5
1858
  100
AcDbEntity
  8
Multi-Layer
  100
AcDbPolyline
  90
2
  70
1
  43
0
  10
49.045098062196125
  20
15.000030000060002
  42
1
  10
50.79510161820324
  20
15.000030000060002
  42
1
  0
HATCH
  5
1860
  100
AcDbEntity
  8
Multi-Layer
  100
AcDbHatch
  10
0
  20
0
  30
0
  210
0
  220
0
  230
1
  2
SOLID
  70
1
  71
0
  91
1
  92
7
  72
1
  73
1
  93
2
  10
49.045098062196125
  20
15.000030000060002
  42
1
  10
50.79510161820324
  20
15.000030000060002
  42
1
  97
1
  330
1859
  75
0
  76
1
  47
0.8681437583925616
  98
1
  10
3.629517071192367
  20
33.92795499968543
  450
0
  451
0
  460
0
  461
0
  452
1
  462
1
  453
2
  463
0
  63
5
  421
255
  463
1
  63
7
  421
16777215
  470
LINEAR
  1001
ACAD
  1010
0
  1020
0
  1030
0
  0
LWPOLYLINE
  5
1861
  100
AcDbEntity
  8
Multi-Layer
  100
AcDbPolyline
  90
2
  70
1
  43
0
  10
49.045098062196125
  20
15.000030000060002
  42
1
  10
50.79510161820324
  20
15.000030000060002
  42
1
  0
HATCH
  5
1884
  100
AcDbEntity
  8
Multi-Layer
  100
AcDbHatch
  10
0
  20
0
  30
0
  210
0
  220
0
  230
1
  2
SOLID
  70
1
  71
0
  91
1
  92
7
  72
1
  73
1
  93
2
  10
53.00010606321213
  20
15.000030000060002
  42
1
  10
57.00011393722788
  20
15.000030000060002
  42
1
  97
1
  330
1883
  75
0
  76
1
  47
0.8681437583925616
  98
1
  10
3.629517071192367
  20
33.92795499968543
  450
0
  451
0
  460
0
  461
0
  452
1
  462
1
  453
2
  463
0
  63
5
  421
255
  463
1
  63
7
  421
16777215
  470
LINEAR
  1001
ACAD
  1010
0
  1020
0
  1030
0
  0
LWPOLYLINE
  5
1885
  100
AcDbEntity
  8
Multi-Layer
  100
AcDbPolyline
  90
2
  70
1
  43
0
  10
53.00010606321213
  20
15.000030000060002
  42
1
  10
57.00011393722788
  20
15.000030000060002
  42
1
  0
HATCH
  5
1887
  100
AcDbEntity
  8
Multi-Layer
  100
AcDbHatch
  10
0
  20
0
  30
0
  210
0
  220
0
  230
1
  2
SOLID
  70
1
  71
0
  91
1
  92
7
  72
1
  73
1
  93
2
  10
53.00010606321213
  20
15.000030000060002
  42
1
  10
57.00011393722788
  20
15.000030000060002
  42
1
  97
1
  330
1886
  75
0
  76
1
  47
0.8681437583925616
  98
1
  10
3.629517071192367
  20
33.92795499968543
  450
0
  451
0
  460
0
  461
0
  452
1
  462
1
  453
2
  463
0
  63
5
  421
255
  463
1
  63
7
  421
16777215
  470
LINEAR
  1001
ACAD
  1010
0
  1020
0
  1030
0
  0
LWPOLYLINE
  5
1888
  100
AcDbEntity
  8
Multi-Layer
  100
AcDbPolyline
  90
2
  70
1
  43
0
  10
53.00010606321213
  20
15.000030000060002
  42
1
  10
57.00011393722788
  20
15.000030000060002
  42
1
  0
HATCH
  5
1890
  100
AcDbEntity
  8
Multi-Layer
  100
AcDbHatch
  10
0
  20
0
  30
0
  210
0
  220
0
  230
1
  2
SOLID
  70
1
  71
0
  91
1
  92
7
  72
1
  73
1
  93
2
  10
53.00010606321213
  20
15.000030000060002
  42
1
  10
57.00011393722788
  20
15.000030000060002
  42
1
  97
1
  330
1889
  75
0
  76
1
  47
0.8681437583925616
  98
1
  10
3.629517071192367
  20
33.92795499968543
  450
0
  451
0
  460
0
  461
0
  452
1
  462
1
  453
2
  463
0
  63
5
  421
255
  463
1
  63
7
  421
16777215
  470
LINEAR
  1001
ACAD
  1010
0
  1020
0
  1030
0
  0
LWPOLYLINE
  5
1891
  100
AcDbEntity
  8
Multi-Layer
  100
AcDbPolyline
  90
2
  70
1
  43
0
  10
53.00010606321213
  20
15.000030000060002
  42
1
  10
57.00011393722788
  20
15.000030000060002
  42
1
  0
HATCH
  5
1914
  100
AcDbEntity
  8
Multi-Layer
  100
AcDbHatch
  10
0
  20
0
  30
0
  210
0
  220
0
  230
1
  2
SOLID
  70
1
  71
0
  91
1
  92
7
  72
1
  73
1
  93
2
  10
49.940099840199686
  20
17.54003508007016
  42
1
  10
52.44010492020984
  20
17.54003508007016
  42
1
  97
1
  330
1913
  75
0
  76
1
  47
0.8681437583925616
  98
1
  10
3.629517071192367
  20
33.92795499968543
  450
0
  451
0
  460
0
  461
0
  452
1
  462
1
  453
2
  463
0
  63
5
  421
255
  463
1
  63
7
  421
16777215
  470
LINEAR
  1001
ACAD
  1010
0
  1020
0
  1030
0
  0
LWPOLYLINE
  5
1915
  100
AcDbEntity
  8
Multi-Layer
  100
AcDbPolyline
  90
4
  70
0
  43
0
  10
49.940099840199686
  20
17.540035080504463
  42
1
  10
52.44010492020984
  20
17.540035080504463
  10
52.44010492020984
  20
17.540035079635864
  42
1
  10
49.940099840199686
  20
17.540035079635864
  0
HATCH
  5
1917
  100
AcDbEntity
  8
Multi-Layer
  100
AcDbHatch
  10
0
  20
0
  30
0
  210
0
  220
0
  230
1
  2
SOLID
  70
1
  71
0
  91
1
  92
7
  72
1
  73
1
  93
2
  10
49.940099840199686
  20
17.54003508007016
  42
1
  10
52.44010492020984
  20
17.54003508007016
  42
1
  97
1
  330
1916
  75
0
  76
1
  47
0.8681437583925616
  98
1
  10
3.629517071192367
  20
33.92795499968543
  450
0
  451
0
  460
0
  461
0
  452
1
  462
1
  453
2
  463
0
  63
5
  421
255
  463
1
  63
7
  421
16777215
  470
LINEAR
  1001
ACAD
  1010
0
  1020
0
  1030
0
  0
LWPOLYLINE
  5
1918
  100
AcDbEntity
  8
Multi-Layer
  100
AcDbPolyline
  90
4
  70
0
  43
0
  10
49.940099840199686
  20
17.540035080504463
  42
1
  10
52.44010492020984
  20
17.540035080504463
  10
52.44010492020984
  20
17.540035079635864
  42
1
  10
49.940099840199686
  20
17.540035079635864
  0
HATCH
  5
1920
  100
AcDbEntity
  8
Multi-Layer
  100
AcDbHatch
  10
0
  20
0
  30
0
  210
0
  220
0
  230
1
  2
SOLID
  70
1
  71
0
  91
1
  92
7
  72
1
  73
1
  93
2
  10
49.940099840199686
  20
17.54003508007016
  42
1
  10
52.44010492020984
  20
17.54003508007016
  42
1
  97
1
  330
1919
  75
0
  76
1
  47
0.8681437583925616
  98
1
  10
3.629517071192367
  20
33.92795499968543
  450
0
  451
0
  460
0
  461
0
  452
1
  462
1
  453
2
  463
0
  63
5
  421
255
  463
1
  63
7
  421
16777215
  470
LINEAR
  1001
ACAD
  1010
0
  1020
0
  1030
0
  0
LWPOLYLINE
  5
1921
  100
AcDbEntity
  8
Multi-Layer
  100
AcDbPolyline
  90
4
  70
0
  43
0
  10
49.940099840199686
  20
17.540035080504463
  42
1
  10
52.44010492020984
  20
17.540035080504463
  10
52.44010492020984
  20
17.540035079635864
  42
1
  10
49.940099840199686
  20
17.540035079635864
  0
HATCH
  5
1944
  100
AcDbEntity
  8
Multi-Layer
  100
AcDbHatch
  10
0
  20
0
  30
0
  210
0
  220
0
  230
1
  2
SOLID
  70
1
  71
0
  91
1
  92
7
  72
1
  73
1
  93
2
  10
56.290112540225095
  20
20.080040160080323
  42
1
  10
58.79011762023525
  20
20.080040160080323
  42
1
  97
1
  330
1943
  75
0
  76
1
  47
0.8681437583925616
  98
1
  10
3.629517071192367
  20
33.92795499968543
  450
0
  451
0
  460
0
  461
0
  452
1
  462
1
  453
2
  463
0
  63
5
  421
255
  463
1
  63
7
  421
16777215
  470
LINEAR
  1001
ACAD
  1010
0
  1020
0
  1030
0
  0
LWPOLYLINE
  5
1945
  100
AcDbEntity
  8
Multi-Layer
  100
AcDbPolyline
  90
4
  70
0
  43
0
  10
56.290112540225095
  20
20.08004016051462
  42
1
  10
58.79011762023525
  20
20.08004016051462
  10
58.79011762023525
  20
20.080040159646025
  42
1
  10
56.290112540225095
  20
20.080040159646025
  0
HATCH
  5
1947
  100
AcDbEntity
  8
Multi-Layer
  100
AcDbHatch
  10
0
  20
0
  30
0
  210
0
  220
0
  230
1
  2
SOLID
  70
1
  71
0
  91
1
  92
7
  72
1
  73
1
  93
2
  10
56.290112540225095
  20
20.080040160080323
  42
1
  10
58.79011762023525
  20
20.080040160080323
  42
1
  97
1
  330
1946
  75
0
  76
1
  47
0.8681437583925616
  98
1
  10
3.629517071192367
  20
33.92795499968543
  450
0
  451
0
  460
0
  461
0
  452
1
  462
1
  453
2
  463
0
  63
5
  421
255
  463
1
  63
7
  421
16777215
  470
LINEAR
  1001
ACAD
  1010
0
  1020
0
  1030
0
  0
LWPOLYLINE
  5
1948
  100
AcDbEntity
  8
Multi-Layer
  100
AcDbPolyline
  90
4
  70
0
  43
0
  10
56.290112540225095
  20
20.08004016051462
  42
1
  10
58.79011762023525
  20
20.08004016051462
  10
58.79011762023525
  20
20.080040159646025
  42
1
  10
56.290112540225095
  20
20.080040159646025
  0
HATCH
  5
1950
  100
AcDbEntity
  8
Multi-Layer
  100
AcDbHatch
  10
0
  20
0
  30
0
  210
0
  220
0
  230
1
  2
SOLID
  70
1
  71
0
  91
1
  92
7
  72
1
  73
1
  93
2
  10
56.290112540225095
  20
20.080040160080323
  42
1
  10
58.79011762023525
  20
20.080040160080323
  42
1
  97
1
  330
1949
  75
0
  76
1
  47
0.8681437583925616
  98
1
  10
3.629517071192367
  20
33.92795499968543
  450
0
  451
0
  460
0
  461
0
  452
1
  462
1
  453
2
  463
0
  63
5
  421
255
  463
1
  63
7
  421
16777215
  470
LINEAR
  1001
ACAD
  1010
0
  1020
0
  1030
0
  0
LWPOLYLINE
  5
1951
  100
AcDbEntity
  8
Multi-Layer
  100
AcDbPolyline
  90
4
  70
0
  43
0
  10
56.290112540225095
  20
20.08004016051462
  42
1
  10
58.79011762023525
  20
20.08004016051462
  10
58.79011762023525
  20
20.080040159646025
  42
1
  10
56.290112540225095
  20
20.080040159646025
  0
HATCH
  5
1974
  100
AcDbEntity
  8
Multi-Layer
  100
AcDbHatch
  10
0
  20
0
  30
0
  210
0
  220
0
  230
1
  2
SOLID
  70
1
  71
0
  91
1
  92
7
  72
1
  73
1
  93
2
  10
39.20507838215678
  20
15.000030000060002
  42
1
  10
40.95508193816389
  20
15.000030000060002
  42
1
  97
1
  330
1973
  75
0
  76
1
  47
0.8681437583925616
  98
1
  10
3.629517071192367
  20
33.92795499968543
  450
0
  451
0
  460
0
  461
0
  452
1
  462
1
  453
2
  463
0
  63
5
  421
255
  463
1
  63
7
  421
16777215
  470
LINEAR
  1001
ACAD
  1010
0
  1020
0
  1030
0
  0
LWPOLYLINE
  5
1975
  100
AcDbEntity
  8
Multi-Layer
  100
AcDbPolyline
  90
2
  70
1
  43
0
  10
39.20507838215678
  20
15.000030000060002
  42
1
  10
40.95508193816389
  20
15.000030000060002
  42
1
  0
HATCH
  5
1977
  100
AcDbEntity
  8
Multi-Layer
  100
AcDbHatch
  10
0
  20
0
  30
0
  210
0
  220
0
  230
1
  2
SOLID
  70
1
  71
0
  91
1
  92
7
  72
1
  73
1
  93
2
  10
39.20507838215678
  20
15.000030000060002
  42
1
  10
40.95508193816389
  20
15.000030000060002
  42
1
  97
1
  330
1976
  75
0
  76
1
  47
0.8681437583925616
  98
1
  10
3.629517071192367
  20
33.92795499968543
  450
0
  451
0
  460
0
  461
0
  452
1
  462
1
  453
2
  463
0
  63
5
  421
255
  463
1
  63
7
  421
16777215
  470
LINEAR
  1001
ACAD
  1010
0
  1020
0
  1030
0
  0
LWPOLYLINE
  5
1978
  100
AcDbEntity
  8
Multi-Layer
  100
AcDbPolyline
  90
2
  70
1
  43
0
  10
39.20507838215678
  20
15.000030000060002
  42
1
  10
40.95508193816389
  20
15.000030000060002
  42
1
  0
HATCH
  5
1980
  100
AcDbEntity
  8
Multi-Layer
  100
AcDbHatch
  10
0
  20
0
  30
0
  210
0
  220
0
  230
1
  2
SOLID
  70
1
  71
0
  91
1
  92
7
  72
1
  73
1
  93
2
  10
39.20507838215678
  20
15.000030000060002
  42
1
  10
40.95508193816389
  20
15.000030000060002
  42
1
  97
1
  330
1979
  75
0
  76
1
  47
0.8681437583925616
  98
1
  10
3.629517071192367
  20
33.92795499968543
  450
0
  451
0
  460
0
  461
0
  452
1
  462
1
  453
2
  463
0
  63
5
  421
255
  463
1
  63
7
  421
16777215
  470
LINEAR
  1001
ACAD
  1010
0
  1020
0
  1030
0
  0
LWPOLYLINE
  5
1981
  100
AcDbEntity
  8
Multi-Layer
  100
AcDbPolyline
  90
2
  70
1
  43
0
  10
39.20507838215678
  20
15.000030000060002
  42
1
  10
40.95508193816389
  20
15.000030000060002
  42
1
  0
HATCH
  5
2004
  100
AcDbEntity
  8
Multi-Layer
  100
AcDbHatch
  10
0
  20
0
  30
0
  210
0
  220
0
  230
1
  2
SOLID
  70
1
  71
0
  91
1
  92
7
  72
1
  73
1
  93
2
  10
29.045058062116127
  20
15.000030000060002
  42
1
  10
30.795061618123242
  20
15.000030000060002
  42
1
  97
1
  330
2003
  75
0
  76
1
  47
0.8681437583925616
  98
1
  10
3.629517071192367
  20
33.92795499968543
  450
0
  451
0
  460
0
  461
0
  452
1
  462
1
  453
2
  463
0
  63
5
  421
255
  463
1
  63
7
  421
16777215
  470
LINEAR
  1001
ACAD
  1010
0
  1020
0
  1030
0
  0
LWPOLYLINE
  5
2005
  100
AcDbEntity
  8
Multi-Layer
  100
AcDbPolyline
  90
4
  70
0
  43
0
  10
29.04505806211613
  20
15.000030000189591
  42
1
  10
30.79506161812324
  20
15.000030000189591
  10
30.79506161812324
  20
15.000029999930414
  42
1
  10
29.04505806211613
  20
15.000029999930414
  0
HATCH
  5
2007
  100
AcDbEntity
  8
Multi-Layer
  100
AcDbHatch
  10
0
  20
0
  30
0
  210
0
  220
0
  230
1
  2
SOLID
  70
1
  71
0
  91
1
  92
7
  72
1
  73
1
  93
2
  10
29.045058062116127
  20
15.000030000060002
  42
1
  10
30.795061618123242
  20
15.000030000060002
  42
1
  97
1
  330
2006
  75
0
  76
1
  47
0.8681437583925616
  98
1
  10
3.629517071192367
  20
33.92795499968543
  450
0
  451
0
  460
0
  461
0
  452
1
  462
1
  453
2
  463
0
  63
5
  421
255
  463
1
  63
7
  421
16777215
  470
LINEAR
  1001
ACAD
  1010
0
  1020
0
  1030
0
  0
LWPOLYLINE
  5
2008
  100
AcDbEntity
  8
Multi-Layer
  100
AcDbPolyline
  90
4
  70
0
  43
0
  10
29.04505806211613
  20
15.000030000189591
  42
1
  10
30.79506161812324
  20
15.000030000189591
  10
30.79506161812324
  20
15.000029999930414
  42
1
  10
29.04505806211613
  20
15.000029999930414
  0
HATCH
  5
2010
  100
AcDbEntity
  8
Multi-Layer
  100
AcDbHatch
  10
0
  20
0
  30
0
  210
0
  220
0
  230
1
  2
SOLID
  70
1
  71
0
  91
1
  92
7
  72
1
  73
1
  93
2
  10
29.045058062116127
  20
15.000030000060002
  42
1
  10
30.795061618123242
  20
15.000030000060002
  42
1
  97
1
  330
2009
  75
0
  76
1
  47
0.8681437583925616
  98
1
  10
3.629517071192367
  20
33.92795499968543
  450
0
  451
0
  460
0
  461
0
  452
1
  462
1
  453
2
  463
0
  63
5
  421
255
  463
1
  63
7
  421
16777215
  470
LINEAR
  1001
ACAD
  1010
0
  1020
0
  1030
0
  0
LWPOLYLINE
  5
2011
  100
AcDbEntity
  8
Multi-Layer
  100
AcDbPolyline
  90
4
  70
0
  43
0
  10
29.04505806211613
  20
15.000030000189591
  42
1
  10
30.79506161812324
  20
15.000030000189591
  10
30.79506161812324
  20
15.000029999930414
  42
1
  10
29.04505806211613
  20
15.000029999930414
  0
HATCH
  5
2034
  100
AcDbEntity
  8
Multi-Layer
  100
AcDbHatch
  10
0
  20
0
  30
0
  210
0
  220
0
  230
1
  2
SOLID
  70
1
  71
0
  91
1
  92
7
  72
1
  73
1
  93
2
  10
33.000066063132124
  20
15.000030000060002
  42
1
  10
37.000073937147874
  20
15.000030000060002
  42
1
  97
1
  330
2033
  75
0
  76
1
  47
0.8681437583925616
  98
1
  10
3.629517071192367
  20
33.92795499968543
  450
0
  451
0
  460
0
  461
0
  452
1
  462
1
  453
2
  463
0
  63
5
  421
255
  463
1
  63
7
  421
16777215
  470
LINEAR
  1001
ACAD
  1010
0
  1020
0
  1030
0
  0
LWPOLYLINE
  5
2035
  100
AcDbEntity
  8
Multi-Layer
  100
AcDbPolyline
  90
2
  70
1
  43
0
  10
33.000066063132124
  20
15.000030000060002
  42
1
  10
37.00007393714788
  20
15.000030000060002
  42
1
  0
HATCH
  5
2037
  100
AcDbEntity
  8
Multi-Layer
  100
AcDbHatch
  10
0
  20
0
  30
0
  210
0
  220
0
  230
1
  2
SOLID
  70
1
  71
0
  91
1
  92
7
  72
1
  73
1
  93
2
  10
33.000066063132124
  20
15.000030000060002
  42
1
  10
37.000073937147874
  20
15.000030000060002
  42
1
  97
1
  330
2036
  75
0
  76
1
  47
0.8681437583925616
  98
1
  10
3.629517071192367
  20
33.92795499968543
  450
0
  451
0
  460
0
  461
0
  452
1
  462
1
  453
2
  463
0
  63
5
  421
255
  463
1
  63
7
  421
16777215
  470
LINEAR
  1001
ACAD
  1010
0
  1020
0
  1030
0
  0
LWPOLYLINE
  5
2038
  100
AcDbEntity
  8
Multi-Layer
  100
AcDbPolyline
  90
2
  70
1
  43
0
  10
33.000066063132124
  20
15.000030000060002
  42
1
  10
37.00007393714788
  20
15.000030000060002
  42
1
  0
HATCH
  5
2040
  100
AcDbEntity
  8
Multi-Layer
  100
AcDbHatch
  10
0
  20
0
  30
0
  210
0
  220
0
  230
1
  2
SOLID
  70
1
  71
0
  91
1
  92
7
  72
1
  73
1
  93
2
  10
33.000066063132124
  20
15.000030000060002
  42
1
  10
37.000073937147874
  20
15.000030000060002
  42
1
  97
1
  330
2039
  75
0
  76
1
  47
0.8681437583925616
  98
1
  10
3.629517071192367
  20
33.92795499968543
  450
0
  451
0
  460
0
  461
0
  452
1
  462
1
  453
2
  463
0
  63
5
  421
255
  463
1
  63
7
  421
16777215
  470
LINEAR
  1001
ACAD
  1010
0
  1020
0
  1030
0
  0
LWPOLYLINE
  5
2041
  100
AcDbEntity
  8
Multi-Layer
  100
AcDbPolyline
  90
2
  70
1
  43
0
  10
33.000066063132124
  20
15.000030000060002
  42
1
  10
37.00007393714788
  20
15.000030000060002
  42
1
  0
HATCH
  5
2064
  100
AcDbEntity
  8
Multi-Layer
  100
AcDbHatch
  10
0
  20
0
  30
0
  210
0
  220
0
  230
1
  2
SOLID
  70
1
  71
0
  91
1
  92
7
  72
1
  73
1
  93
2
  10
29.940059840119684
  20
17.54003508007016
  42
1
  10
32.44006492012984
  20
17.54003508007016
  42
1
  97
1
  330
2063
  75
0
  76
1
  47
0.8681437583925616
  98
1
  10
3.629517071192367
  20
33.92795499968543
  450
0
  451
0
  460
0
  461
0
  452
1
  462
1
  453
2
  463
0
  63
5
  421
255
  463
1
  63
7
  421
16777215
  470
LINEAR
  1001
ACAD
  1010
0
  1020
0
  1030
0
  0
LWPOLYLINE
  5
2065
  100
AcDbEntity
  8
Multi-Layer
  100
AcDbPolyline
  90
2
  70
1
  43
0
  10
29.940059840119684
  20
17.54003508007016
  42
1
  10
32.44006492012985
  20
17.54003508007016
  42
1
  0
HATCH
  5
2067
  100
AcDbEntity
  8
Multi-Layer
  100
AcDbHatch
  10
0
  20
0
  30
0
  210
0
  220
0
  230
1
  2
SOLID
  70
1
  71
0
  91
1
  92
7
  72
1
  73
1
  93
2
  10
29.940059840119684
  20
17.54003508007016
  42
1
  10
32.44006492012984
  20
17.54003508007016
  42
1
  97
1
  330
2066
  75
0
  76
1
  47
0.8681437583925616
  98
1
  10
3.629517071192367
  20
33.92795499968543
  450
0
  451
0
  460
0
  461
0
  452
1
  462
1
  453
2
  463
0
  63
5
  421
255
  463
1
  63
7
  421
16777215
  470
LINEAR
  1001
ACAD
  1010
0
  1020
0
  1030
0
  0
LWPOLYLINE
  5
2068
  100
AcDbEntity
  8
Multi-Layer
  100
AcDbPolyline
  90
2
  70
1
  43
0
  10
29.940059840119684
  20
17.54003508007016
  42
1
  10
32.44006492012985
  20
17.54003508007016
  42
1
  0
HATCH
  5
2070
  100
AcDbEntity
  8
Multi-Layer
  100
AcDbHatch
  10
0
  20
0
  30
0
  210
0
  220
0
  230
1
  2
SOLID
  70
1
  71
0
  91
1
  92
7
  72
1
  73
1
  93
2
  10
29.940059840119684
  20
17.54003508007016
  42
1
  10
32.44006492012984
  20
17.54003508007016
  42
1
  97
1
  330
2069
  75
0
  76
1
  47
0.8681437583925616
  98
1
  10
3.629517071192367
  20
33.92795499968543
  450
0
  451
0
  460
0
  461
0
  452
1
  462
1
  453
2
  463
0
  63
5
  421
255
  463
1
  63
7
  421
16777215
  470
LINEAR
  1001
ACAD
  1010
0
  1020
0
  1030
0
  0
LWPOLYLINE
  5
2071
  100
AcDbEntity
  8
Multi-Layer
  100
AcDbPolyline
  90
2
  70
1
  43
0
  10
29.940059840119684
  20
17.54003508007016
  42
1
  10
32.44006492012985
  20
17.54003508007016
  42
1
  0
HATCH
  5
2094
  100
AcDbEntity
  8
Multi-Layer
  100
AcDbHatch
  10
0
  20
0
  30
0
  210
0
  220
0
  230
1
  2
SOLID
  70
1
  71
0
  91
1
  92
7
  72
1
  73
1
  93
2
  10
36.2900725401451
  20
20.080040160080323
  42
1
  10
38.79007762015525
  20
20.080040160080323
  42
1
  97
1
  330
2093
  75
0
  76
1
  47
0.8681437583925616
  98
1
  10
3.629517071192367
  20
33.92795499968543
  450
0
  451
0
  460
0
  461
0
  452
1
  462
1
  453
2
  463
0
  63
5
  421
255
  463
1
  63
7
  421
16777215
  470
LINEAR
  1001
ACAD
  1010
0
  1020
0
  1030
0
  0
LWPOLYLINE
  5
2095
  100
AcDbEntity
  8
Multi-Layer
  100
AcDbPolyline
  90
4
  70
0
  43
0
  10
36.2900725401451
  20
20.08004016051462
  42
1
  10
38.79007762015525
  20
20.08004016051462
  10
38.79007762015525
  20
20.080040159646025
  42
1
  10
36.2900725401451
  20
20.080040159646025
  0
HATCH
  5
2097
  100
AcDbEntity
  8
Multi-Layer
  100
AcDbHatch
  10
0
  20
0
  30
0
  210
0
  220
0
  230
1
  2
SOLID
  70
1
  71
0
  91
1
  92
7
  72
1
  73
1
  93
2
  10
36.2900725401451
  20
20.080040160080323
  42
1
  10
38.79007762015525
  20
20.080040160080323
  42
1
  97
1
  330
2096
  75
0
  76
1
  47
0.8681437583925616
  98
1
  10
3.629517071192367
  20
33.92795499968543
  450
0
  451
0
  460
0
  461
0
  452
1
  462
1
  453
2
  463
0
  63
5
  421
255
  463
1
  63
7
  421
16777215
  470
LINEAR
  1001
ACAD
  1010
0
  1020
0
  1030
0
  0
LWPOLYLINE
  5
2098
  100
AcDbEntity
  8
Multi-Layer
  100
AcDbPolyline
  90
4
  70
0
  43
0
  10
36.2900725401451
  20
20.08004016051462
  42
1
  10
38.79007762015525
  20
20.08004016051462
  10
38.79007762015525
  20
20.080040159646025
  42
1
  10
36.2900725401451
  20
20.080040159646025
  0
HATCH
  5
2100
  100
AcDbEntity
  8
Multi-Layer
  100
AcDbHatch
  10
0
  20
0
  30
0
  210
0
  220
0
  230
1
  2
SOLID
  70
1
  71
0
  91
1
  92
7
  72
1
  73
1
  93
2
  10
36.2900725401451
  20
20.080040160080323
  42
1
  10
38.79007762015525
  20
20.080040160080323
  42
1
  97
1
  330
2099
  75
0
  76
1
  47
0.8681437583925616
  98
1
  10
3.629517071192367
  20
33.92795499968543
  450
0
  451
0
  460
0
  461
0
  452
1
  462
1
  453
2
  463
0
  63
5
  421
255
  463
1
  63
7
  421
16777215
  470
LINEAR
  1001
ACAD
  1010
0
  1020
0
  1030
0
  0
LWPOLYLINE
  5
2101
  100
AcDbEntity
  8
Multi-Layer
  100
AcDbPolyline
  90
4
  70
0
  43
0
  10
36.2900725401451
  20
20.08004016051462
  42
1
  10
38.79007762015525
  20
20.08004016051462
  10
38.79007762015525
  20
20.080040159646025
  42
1
  10
36.2900725401451
  20
20.080040159646025
  0
HATCH
  5
2124
  100
AcDbEntity
  8
Multi-Layer
  100
AcDbHatch
  10
0
  20
0
  30
0
  210
0
  220
0
  230
1
  2
SOLID
  70
1
  71
0
  91
1
  92
7
  72
1
  73
1
  93
2
  10
19.205038382076765
  20
15.000030000060002
  42
1
  10
20.95504193808388
  20
15.000030000060002
  42
1
  97
1
  330
2123
  75
0
  76
1
  47
0.8681437583925616
  98
1
  10
3.629517071192367
  20
33.92795499968543
  450
0
  451
0
  460
0
  461
0
  452
1
  462
1
  453
2
  463
0
  63
5
  421
255
  463
1
  63
7
  421
16777215
  470
LINEAR
  1001
ACAD
  1010
0
  1020
0
  1030
0
  0
LWPOLYLINE
  5
2125
  100
AcDbEntity
  8
Multi-Layer
  100
AcDbPolyline
  90
4
  70
0
  43
0
  10
19.20503838207677
  20
15.000030000189591
  42
1
  10
20.955041938083877
  20
15.000030000189591
  10
20.955041938083877
  20
15.000029999930414
  42
1
  10
19.20503838207677
  20
15.000029999930414
  0
HATCH
  5
2127
  100
AcDbEntity
  8
Multi-Layer
  100
AcDbHatch
  10
0
  20
0
  30
0
  210
0
  220
0
  230
1
  2
SOLID
  70
1
  71
0
  91
1
  92
7
  72
1
  73
1
  93
2
  10
19.205038382076765
  20
15.000030000060002
  42
1
  10
20.95504193808388
  20
15.000030000060002
  42
1
  97
1
  330
2126
  75
0
  76
1
  47
0.8681437583925616
  98
1
  10
3.629517071192367
  20
33.92795499968543
  450
0
  451
0
  460
0
  461
0
  452
1
  462
1
  453
2
  463
0
  63
5
  421
255
  463
1
  63
7
  421
16777215
  470
LINEAR
  1001
ACAD
  1010
0
  1020
0
  1030
0
  0
LWPOLYLINE
  5
2128
  100
AcDbEntity
  8
Multi-Layer
  100
AcDbPolyline
  90
4
  70
0
  43
0
  10
19.20503838207677
  20
15.000030000189591
  42
1
  10
20.955041938083877
  20
15.000030000189591
  10
20.955041938083877
  20
15.000029999930414
  42
1
  10
19.20503838207677
  20
15.000029999930414
  0
HATCH
  5
2130
  100
AcDbEntity
  8
Multi-Layer
  100
AcDbHatch
  10
0
  20
0
  30
0
  210
0
  220
0
  230
1
  2
SOLID
  70
1
  71
0
  91
1
  92
7
  72
1
  73
1
  93
2
  10
19.205038382076765
  20
15.000030000060002
  42
1
  10
20.95504193808388
  20
15.000030000060002
  42
1
  97
1
  330
2129
  75
0
  76
1
  47
0.8681437583925616
  98
1
  10
3.629517071192367
  20
33.92795499968543
  450
0
  451
0
  460
0
  461
0
  452
1
  462
1
  453
2
  463
0
  63
5
  421
255
  463
1
  63
7
  421
16777215
  470
LINEAR
  1001
ACAD
  1010
0
  1020
0
  1030
0
  0
LWPOLYLINE
  5
2131
  100
AcDbEntity
  8
Multi-Layer
  100
AcDbPolyline
  90
4
  70
0
  43
0
  10
19.20503838207677
  20
15.000030000189591
  42
1
  10
20.955041938083877
  20
15.000030000189591
  10
20.955041938083877
  20
15.000029999930414
  42
1
  10
19.20503838207677
  20
15.000029999930414
  0
HATCH
  5
2154
  100
AcDbEntity
  8
Multi-Layer
  100
AcDbHatch
  10
0
  20
0
  30
0
  210
0
  220
0
  230
1
  2
SOLID
  70
1
  71
0
  91
1
  92
7
  72
1
  73
1
  93
2
  10
9.045018062036126
  20
15.000030000060002
  42
1
  10
10.795021618043238
  20
15.000030000060002
  42
1
  97
1
  330
2153
  75
0
  76
1
  47
0.8681437583925616
  98
1
  10
3.629517071192367
  20
33.92795499968543
  450
0
  451
0
  460
0
  461
0
  452
1
  462
1
  453
2
  463
0
  63
5
  421
255
  463
1
  63
7
  421
16777215
  470
LINEAR
  1001
ACAD
  1010
0
  1020
0
  1030
0
  0
LWPOLYLINE
  5
2155
  100
AcDbEntity
  8
Multi-Layer
  100
AcDbPolyline
  90
2
  70
1
  43
0
  10
9.045018062036126
  20
15.000030000060002
  42
1
  10
10.795021618043238
  20
15.000030000060002
  42
1
  0
HATCH
  5
2157
  100
AcDbEntity
  8
Multi-Layer
  100
AcDbHatch
  10
0
  20
0
  30
0
  210
0
  220
0
  230
1
  2
SOLID
  70
1
  71
0
  91
1
  92
7
  72
1
  73
1
  93
2
  10
9.045018062036126
  20
15.000030000060002
  42
1
  10
10.795021618043238
  20
15.000030000060002
  42
1
  97
1
  330
2156
  75
0
  76
1
  47
0.8681437583925616
  98
1
  10
3.629517071192367
  20
33.92795499968543
  450
0
  451
0
  460
0
  461
0
  452
1
  462
1
  453
2
  463
0
  63
5
  421
255
  463
1
  63
7
  421
16777215
  470
LINEAR
  1001
ACAD
  1010
0
  1020
0
  1030
0
  0
LWPOLYLINE
  5
2158
  100
AcDbEntity
  8
Multi-Layer
  100
AcDbPolyline
  90
2
  70
1
  43
0
  10
9.045018062036126
  20
15.000030000060002
  42
1
  10
10.795021618043238
  20
15.000030000060002
  42
1
  0
HATCH
  5
2160
  100
AcDbEntity
  8
Multi-Layer
  100
AcDbHatch
  10
0
  20
0
  30
0
  210
0
  220
0
  230
1
  2
SOLID
  70
1
  71
0
  91
1
  92
7
  72
1
  73
1
  93
2
  10
9.045018062036126
  20
15.000030000060002
  42
1
  10
10.795021618043238
  20
15.000030000060002
  42
1
  97
1
  330
2159
  75
0
  76
1
  47
0.8681437583925616
  98
1
  10
3.629517071192367
  20
33.92795499968543
  450
0
  451
0
  460
0
  461
0
  452
1
  462
1
  453
2
  463
0
  63
5
  421
255
  463
1
  63
7
  421
16777215
  470
LINEAR
  1001
ACAD
  1010
0
  1020
0
  1030
0
  0
LWPOLYLINE
  5
2161
  100
AcDbEntity
  8
Multi-Layer
  100
AcDbPolyline
  90
2
  70
1
  43
0
  10
9.045018062036126
  20
15.000030000060002
  42
1
  10
10.795021618043238
  20
15.000030000060002
  42
1
  0
HATCH
  5
2184
  100
AcDbEntity
  8
Multi-Layer
  100
AcDbHatch
  10
0
  20
0
  30
0
  210
0
  220
0
  230
1
  2
SOLID
  70
1
  71
0
  91
1
  92
7
  72
1
  73
1
  93
2
  10
13.000026063052129
  20
15.000030000060002
  42
1
  10
17.000033937067876
  20
15.000030000060002
  42
1
  97
1
  330
2183
  75
0
  76
1
  47
0.8681437583925616
  98
1
  10
3.629517071192367
  20
33.92795499968543
  450
0
  451
0
  460
0
  461
0
  452
1
  462
1
  453
2
  463
0
  63
5
  421
255
  463
1
  63
7
  421
16777215
  470
LINEAR
  1001
ACAD
  1010
0
  1020
0
  1030
0
  0
LWPOLYLINE
  5
2185
  100
AcDbEntity
  8
Multi-Layer
  100
AcDbPolyline
  90
4
  70
0
  43
0
  10
13.000026063052129
  20
15.000030001419498
  42
1
  10
17.000033937067876
  20
15.000030001419494
  10
17.000033937067876
  20
15.000029998700509
  42
1
  10
13.000026063052129
  20
15.000029998700509
  0
HATCH
  5
2187
  100
AcDbEntity
  8
Multi-Layer
  100
AcDbHatch
  10
0
  20
0
  30
0
  210
0
  220
0
  230
1
  2
SOLID
  70
1
  71
0
  91
1
  92
7
  72
1
  73
1
  93
2
  10
13.000026063052129
  20
15.000030000060002
  42
1
  10
17.000033937067876
  20
15.000030000060002
  42
1
  97
1
  330
2186
  75
0
  76
1
  47
0.8681437583925616
  98
1
  10
3.629517071192367
  20
33.92795499968543
  450
0
  451
0
  460
0
  461
0
  452
1
  462
1
  453
2
  463
0
  63
5
  421
255
  463
1
  63
7
  421
16777215
  470
LINEAR
  1001
ACAD
  1010
0
  1020
0
  1030
0
  0
LWPOLYLINE
  5
2188
  100
AcDbEntity
  8
Multi-Layer
  100
AcDbPolyline
  90
4
  70
0
  43
0
  10
13.000026063052129
  20
15.000030001419498
  42
1
  10
17.000033937067876
  20
15.000030001419494
  10
17.000033937067876
  20
15.000029998700509
  42
1
  10
13.000026063052129
  20
15.000029998700509
  0
HATCH
  5
2190
  100
AcDbEntity
  8
Multi-Layer
  100
AcDbHatch
  10
0
  20
0
  30
0
  210
0
  220
0
  230
1
  2
SOLID
  70
1
  71
0
  91
1
  92
7
  72
1
  73
1
  93
2
  10
13.000026063052129
  20
15.000030000060002
  42
1
  10
17.000033937067876
  20
15.000030000060002
  42
1
  97
1
  330
2189
  75
0
  76
1
  47
0.8681437583925616
  98
1
  10
3.629517071192367
  20
33.92795499968543
  450
0
  451
0
  460
0
  461
0
  452
1
  462
1
  453
2
  463
0
  63
5
  421
255
  463
1
  63
7
  421
16777215
  470
LINEAR
  1001
ACAD
  1010
0
  1020
0
  1030
0
  0
LWPOLYLINE
  5
2191
  100
AcDbEntity
  8
Multi-Layer
  100
AcDbPolyline
  90
4
  70
0
  43
0
  10
13.000026063052129
  20
15.000030001419498
  42
1
  10
17.000033937067876
  20
15.000030001419494
  10
17.000033937067876
  20
15.000029998700509
  42
1
  10
13.000026063052129
  20
15.000029998700509
  0
HATCH
  5
2214
  100
AcDbEntity
  8
Multi-Layer
  100
AcDbHatch
  10
0
  20
0
  30
0
  210
0
  220
0
  230
1
  2
SOLID
  70
1
  71
0
  91
1
  92
7
  72
1
  73
1
  93
2
  10
9.940019840039682
  20
17.54003508007016
  42
1
  10
12.440024920049844
  20
17.54003508007016
  42
1
  97
1
  330
2213
  75
0
  76
1
  47
0.8681437583925616
  98
1
  10
3.629517071192367
  20
33.92795499968543
  450
0
  451
0
  460
0
  461
0
  452
1
  462
1
  453
2
  463
0
  63
5
  421
255
  463
1
  63
7
  421
16777215
  470
LINEAR
  1001
ACAD
  1010
0
  1020
0
  1030
0
  0
LWPOLYLINE
  5
2215
  100
AcDbEntity
  8
Multi-Layer
  100
AcDbPolyline
  90
2
  70
1
  43
0
  10
9.94001984003968
  20
17.54003508007016
  42
1
  10
12.440024920049844
  20
17.54003508007016
  42
1
  0
HATCH
  5
2217
  100
AcDbEntity
  8
Multi-Layer
  100
AcDbHatch
  10
0
  20
0
  30
0
  210
0
  220
0
  230
1
  2
SOLID
  70
1
  71
0
  91
1
  92
7
  72
1
  73
1
  93
2
  10
9.940019840039682
  20
17.54003508007016
  42
1
  10
12.440024920049844
  20
17.54003508007016
  42
1
  97
1
  330
2216
  75
0
  76
1
  47
0.8681437583925616
  98
1
  10
3.629517071192367
  20
33.92795499968543
  450
0
  451
0
  460
0
  461
0
  452
1
  462
1
  453
2
  463
0
  63
5
  421
255
  463
1
  63
7
  421
16777215
  470
LINEAR
  1001
ACAD
  1010
0
  1020
0
  1030
0
  0
LWPOLYLINE
  5
2218
  100
AcDbEntity
  8
Multi-Layer
  100
AcDbPolyline
  90
2
  70
1
  43
0
  10
9.94001984003968
  20
17.54003508007016
  42
1
  10
12.440024920049844
  20
17.54003508007016
  42
1
  0
HATCH
  5
2220
  100
AcDbEntity
  8
Multi-Layer
  100
AcDbHatch
  10
0
  20
0
  30
0
  210
0
  220
0
  230
1
  2
SOLID
  70
1
  71
0
  91
1
  92
7
  72
1
  73
1
  93
2
  10
9.940019840039682
  20
17.54003508007016
  42
1
  10
12.440024920049844
  20
17.54003508007016
  42
1
  97
1
  330
2219
  75
0
  76
1
  47
0.8681437583925616
  98
1
  10
3.629517071192367
  20
33.92795499968543
  450
0
  451
0
  460
0
  461
0
  452
1
  462
1
  453
2
  463
0
  63
5
  421
255
  463
1
  63
7
  421
16777215
  470
LINEAR
  1001
ACAD
  1010
0
  1020
0
  1030
0
  0
LWPOLYLINE
  5
2221
  100
AcDbEntity
  8
Multi-Layer
  100
AcDbPolyline
  90
2
  70
1
  43
0
  10
9.94001984003968
  20
17.54003508007016
  42
1
  10
12.440024920049844
  20
17.54003508007016
  42
1
  0
HATCH
  5
2244
  100
AcDbEntity
  8
Multi-Layer
  100
AcDbHatch
  10
0
  20
0
  30
0
  210
0
  220
0
  230
1
  2
SOLID
  70
1
  71
0
  91
1
  92
7
  72
1
  73
1
  93
2
  10
16.29003254006508
  20
20.080040160080323
  42
1
  10
18.790037620075243
  20
20.080040160080323
  42
1
  97
1
  330
2243
  75
0
  76
1
  47
0.8681437583925616
  98
1
  10
3.629517071192367
  20
33.92795499968543
  450
0
  451
0
  460
0
  461
0
  452
1
  462
1
  453
2
  463
0
  63
5
  421
255
  463
1
  63
7
  421
16777215
  470
LINEAR
  1001
ACAD
  1010
0
  1020
0
  1030
0
  0
LWPOLYLINE
  5
2245
  100
AcDbEntity
  8
Multi-Layer
  100
AcDbPolyline
  90
2
  70
1
  43
0
  10
16.29003254006508
  20
20.080040160080323
  42
1
  10
18.790037620075243
  20
20.080040160080323
  42
1
  0
HATCH
  5
2247
  100
AcDbEntity
  8
Multi-Layer
  100
AcDbHatch
  10
0
  20
0
  30
0
  210
0
  220
0
  230
1
  2
SOLID
  70
1
  71
0
  91
1
  92
7
  72
1
  73
1
  93
2
  10
16.29003254006508
  20
20.080040160080323
  42
1
  10
18.790037620075243
  20
20.080040160080323
  42
1
  97
1
  330
2246
  75
0
  76
1
  47
0.8681437583925616
  98
1
  10
3.629517071192367
  20
33.92795499968543
  450
0
  451
0
  460
0
  461
0
  452
1
  462
1
  453
2
  463
0
  63
5
  421
255
  463
1
  63
7
  421
16777215
  470
LINEAR
  1001
ACAD
  1010
0
  1020
0
  1030
0
  0
LWPOLYLINE
  5
2248
  100
AcDbEntity
  8
Multi-Layer
  100
AcDbPolyline
  90
2
  70
1
  43
0
  10
16.29003254006508
  20
20.080040160080323
  42
1
  10
18.790037620075243
  20
20.080040160080323
  42
1
  0
HATCH
  5
2250
  100
AcDbEntity
  8
Multi-Layer
  100
AcDbHatch
  10
0
  20
0
  30
0
  210
0
  220
0
  230
1
  2
SOLID
  70
1
  71
0
  91
1
  92
7
  72
1
  73
1
  93
2
  10
16.29003254006508
  20
20.080040160080323
  42
1
  10
18.790037620075243
  20
20.080040160080323
  42
1
  97
1
  330
2249
  75
0
  76
1
  47
0.8681437583925616
  98
1
  10
3.629517071192367
  20
33.92795499968543
  450
0
  451
0
  460
0
  461
0
  452
1
  462
1
  453
2
  463
0
  63
5
  421
255
  463
1
  63
7
  421
16777215
  470
LINEAR
  1001
ACAD
  1010
0
  1020
0
  1030
0
  0
LWPOLYLINE
  5
2251
  100
AcDbEntity
  8
Multi-Layer
  100
AcDbPolyline
  90
2
  70
1
  43
0
  10
16.29003254006508
  20
20.080040160080323
  42
1
  10
18.790037620075243
  20
20.080040160080323
  42
1
  0
HATCH
  5
2292
  100
AcDbEntity
  8
Multi-Layer
  100
AcDbHatch
  10
0
  20
0
  30
0
  210
0
  220
0
  230
1
  2
SOLID
  70
1
  71
0
  91
1
  92
7
  72
1
  73
1
  93
2
  10
11.559897919795846
  20
32.62801625603252
  42
1
  10
13.359897919795847
  20
32.62801625603252
  42
1
  97
1
  330
2291
  75
0
  76
1
  47
0.8681437583925616
  98
1
  10
3.629517071192367
  20
33.92795499968543
  450
0
  451
0
  460
0
  461
0
  452
1
  462
1
  453
2
  463
0
  63
5
  421
255
  463
1
  63
7
  421
16777215
  470
LINEAR
  1001
ACAD
  1010
0
  1020
0
  1030
0
  0
LWPOLYLINE
  5
2293
  100
AcDbEntity
  8
Multi-Layer
  100
AcDbPolyline
  90
2
  70
1
  43
0
  10
11.559897919795846
  20
32.62801625603252
  42
1
  10
13.359897919795847
  20
32.62801625603252
  42
1
  0
HATCH
  5
2295
  100
AcDbEntity
  8
Multi-Layer
  100
AcDbHatch
  10
0
  20
0
  30
0
  210
0
  220
0
  230
1
  2
SOLID
  70
1
  71
0
  91
1
  92
7
  72
1
  73
1
  93
2
  10
11.559897919795846
  20
32.62801625603252
  42
1
  10
13.359897919795847
  20
32.62801625603252
  42
1
  97
1
  330
2294
  75
0
  76
1
  47
0.8681437583925616
  98
1
  10
3.629517071192367
  20
33.92795499968543
  450
0
  451
0
  460
0
  461
0
  452
1
  462
1
  453
2
  463
0
  63
5
  421
255
  463
1
  63
7
  421
16777215
  470
LINEAR
  1001
ACAD
  1010
0
  1020
0
  1030
0
  0
LWPOLYLINE
  5
2296
  100
AcDbEntity
  8
Multi-Layer
  100
AcDbPolyline
  90
2
  70
1
  43
0
  10
11.559897919795846
  20
32.62801625603252
  42
1
  10
13.359897919795847
  20
32.62801625603252
  42
1
  0
HATCH
  5
2298
  100
AcDbEntity
  8
Multi-Layer
  100
AcDbHatch
  10
0
  20
0
  30
0
  210
0
  220
0
  230
1
  2
SOLID
  70
1
  71
0
  91
1
  92
7
  72
1
  73
1
  93
2
  10
11.559897919795846
  20
32.62801625603252
  42
1
  10
13.359897919795847
  20
32.62801625603252
  42
1
  97
1
  330
2297
  75
0
  76
1
  47
0.8681437583925616
  98
1
  10
3.629517071192367
  20
33.92795499968543
  450
0
  451
0
  460
0
  461
0
  452
1
  462
1
  453
2
  463
0
  63
5
  421
255
  463
1
  63
7
  421
16777215
  470
LINEAR
  1001
ACAD
  1010
0
  1020
0
  1030
0
  0
LWPOLYLINE
  5
2299
  100
AcDbEntity
  8
Multi-Layer
  100
AcDbPolyline
  90
2
  70
1
  43
0
  10
11.559897919795846
  20
32.62801625603252
  42
1
  10
13.359897919795847
  20
32.62801625603252
  42
1
  0
HATCH
  5
2322
  100
AcDbEntity
  8
Multi-Layer
  100
AcDbHatch
  10
0
  20
0
  30
0
  210
0
  220
0
  230
1
  2
SOLID
  70
1
  71
0
  91
1
  92
7
  72
1
  73
1
  93
2
  10
14.099902999806005
  20
32.62801625603252
  42
1
  10
15.899902999806006
  20
32.62801625603252
  42
1
  97
1
  330
2321
  75
0
  76
1
  47
0.8681437583925616
  98
1
  10
3.629517071192367
  20
33.92795499968543
  450
0
  451
0
  460
0
  461
0
  452
1
  462
1
  453
2
  463
0
  63
5
  421
255
  463
1
  63
7
  421
16777215
  470
LINEAR
  1001
ACAD
  1010
0
  1020
0
  1030
0
  0
LWPOLYLINE
  5
2323
  100
AcDbEntity
  8
Multi-Layer
  100
AcDbPolyline
  90
2
  70
1
  43
0
  10
14.099902999806003
  20
32.62801625603252
  42
1
  10
15.899902999806006
  20
32.62801625603252
  42
1
  0
HATCH
  5
2325
  100
AcDbEntity
  8
Multi-Layer
  100
AcDbHatch
  10
0
  20
0
  30
0
  210
0
  220
0
  230
1
  2
SOLID
  70
1
  71
0
  91
1
  92
7
  72
1
  73
1
  93
2
  10
14.099902999806005
  20
32.62801625603252
  42
1
  10
15.899902999806006
  20
32.62801625603252
  42
1
  97
1
  330
2324
  75
0
  76
1
  47
0.8681437583925616
  98
1
  10
3.629517071192367
  20
33.92795499968543
  450
0
  451
0
  460
0
  461
0
  452
1
  462
1
  453
2
  463
0
  63
5
  421
255
  463
1
  63
7
  421
16777215
  470
LINEAR
  1001
ACAD
  1010
0
  1020
0
  1030
0
  0
LWPOLYLINE
  5
2326
  100
AcDbEntity
  8
Multi-Layer
  100
AcDbPolyline
  90
2
  70
1
  43
0
  10
14.099902999806003
  20
32.62801625603252
  42
1
  10
15.899902999806006
  20
32.62801625603252
  42
1
  0
HATCH
  5
2328
  100
AcDbEntity
  8
Multi-Layer
  100
AcDbHatch
  10
0
  20
0
  30
0
  210
0
  220
0
  230
1
  2
SOLID
  70
1
  71
0
  91
1
  92
7
  72
1
  73
1
  93
2
  10
14.099902999806005
  20
32.62801625603252
  42
1
  10
15.899902999806006
  20
32.62801625603252
  42
1
  97
1
  330
2327
  75
0
  76
1
  47
0.8681437583925616
  98
1
  10
3.629517071192367
  20
33.92795499968543
  450
0
  451
0
  460
0
  461
0
  452
1
  462
1
  453
2
  463
0
  63
5
  421
255
  463
1
  63
7
  421
16777215
  470
LINEAR
  1001
ACAD
  1010
0
  1020
0
  1030
0
  0
LWPOLYLINE
  5
2329
  100
AcDbEntity
  8
Multi-Layer
  100
AcDbPolyline
  90
2
  70
1
  43
0
  10
14.099902999806003
  20
32.62801625603252
  42
1
  10
15.899902999806006
  20
32.62801625603252
  42
1
  0
HATCH
  5
2352
  100
AcDbEntity
  8
Multi-Layer
  100
AcDbHatch
  10
0
  20
0
  30
0
  210
0
  220
0
  230
1
  2
SOLID
  70
1
  71
0
  91
1
  92
7
  72
1
  73
1
  93
2
  10
16.639908079816166
  20
32.62801625603252
  42
1
  10
18.439908079816163
  20
32.62801625603252
  42
1
  97
1
  330
2351
  75
0
  76
1
  47
0.8681437583925616
  98
1
  10
3.629517071192367
  20
33.92795499968543
  450
0
  451
0
  460
0
  461
0
  452
1
  462
1
  453
2
  463
0
  63
5
  421
255
  463
1
  63
7
  421
16777215
  470
LINEAR
  1001
ACAD
  1010
0
  1020
0
  1030
0
  0
LWPOLYLINE
  5
2353
  100
AcDbEntity
  8
Multi-Layer
  100
AcDbPolyline
  90
2
  70
1
  43
0
  10
16.639908079816166
  20
32.62801625603252
  42
1
  10
18.439908079816167
  20
32.62801625603252
  42
1
  0
HATCH
  5
2355
  100
AcDbEntity
  8
Multi-Layer
  100
AcDbHatch
  10
0
  20
0
  30
0
  210
0
  220
0
  230
1
  2
SOLID
  70
1
  71
0
  91
1
  92
7
  72
1
  73
1
  93
2
  10
16.639908079816166
  20
32.62801625603252
  42
1
  10
18.439908079816163
  20
32.62801625603252
  42
1
  97
1
  330
2354
  75
0
  76
1
  47
0.8681437583925616
  98
1
  10
3.629517071192367
  20
33.92795499968543
  450
0
  451
0
  460
0
  461
0
  452
1
  462
1
  453
2
  463
0
  63
5
  421
255
  463
1
  63
7
  421
16777215
  470
LINEAR
  1001
ACAD
  1010
0
  1020
0
  1030
0
  0
LWPOLYLINE
  5
2356
  100
AcDbEntity
  8
Multi-Layer
  100
AcDbPolyline
  90
2
  70
1
  43
0
  10
16.639908079816166
  20
32.62801625603252
  42
1
  10
18.439908079816167
  20
32.62801625603252
  42
1
  0
HATCH
  5
2358
  100
AcDbEntity
  8
Multi-Layer
  100
AcDbHatch
  10
0
  20
0
  30
0
  210
0
  220
0
  230
1
  2
SOLID
  70
1
  71
0
  91
1
  92
7
  72
1
  73
1
  93
2
  10
16.639908079816166
  20
32.62801625603252
  42
1
  10
18.439908079816163
  20
32.62801625603252
  42
1
  97
1
  330
2357
  75
0
  76
1
  47
0.8681437583925616
  98
1
  10
3.629517071192367
  20
33.92795499968543
  450
0
  451
0
  460
0
  461
0
  452
1
  462
1
  453
2
  463
0
  63
5
  421
255
  463
1
  63
7
  421
16777215
  470
LINEAR
  1001
ACAD
  1010
0
  1020
0
  1030
0
  0
LWPOLYLINE
  5
2359
  100
AcDbEntity
  8
Multi-Layer
  100
AcDbPolyline
  90
2
  70
1
  43
0
  10
16.639908079816166
  20
32.62801625603252
  42
1
  10
18.439908079816167
  20
32.62801625603252
  42
1
  0
HATCH
  5
2382
  100
AcDbEntity
  8
Multi-Layer
  100
AcDbHatch
  10
0
  20
0
  30
0
  210
0
  220
0
  230
1
  2
SOLID
  70
1
  71
0
  91
1
  92
7
  72
1
  73
1
  93
2
  10
11.559897919795846
  20
47.12814325628652
  42
1
  10
13.359897919795847
  20
47.12814325628652
  42
1
  97
1
  330
2381
  75
0
  76
1
  47
0.8681437583925616
  98
1
  10
3.629517071192367
  20
33.92795499968543
  450
0
  451
0
  460
0
  461
0
  452
1
  462
1
  453
2
  463
0
  63
5
  421
255
  463
1
  63
7
  421
16777215
  470
LINEAR
  1001
ACAD
  1010
0
  1020
0
  1030
0
  0
LWPOLYLINE
  5
2383
  100
AcDbEntity
  8
Multi-Layer
  100
AcDbPolyline
  90
2
  70
1
  43
0
  10
11.559897919795846
  20
47.12814325628652
  42
1
  10
13.359897919795847
  20
47.12814325628652
  42
1
  0
HATCH
  5
2385
  100
AcDbEntity
  8
Multi-Layer
  100
AcDbHatch
  10
0
  20
0
  30
0
  210
0
  220
0
  230
1
  2
SOLID
  70
1
  71
0
  91
1
  92
7
  72
1
  73
1
  93
2
  10
11.559897919795846
  20
47.12814325628652
  42
1
  10
13.359897919795847
  20
47.12814325628652
  42
1
  97
1
  330
2384
  75
0
  76
1
  47
0.8681437583925616
  98
1
  10
3.629517071192367
  20
33.92795499968543
  450
0
  451
0
  460
0
  461
0
  452
1
  462
1
  453
2
  463
0
  63
5
  421
255
  463
1
  63
7
  421
16777215
  470
LINEAR
  1001
ACAD
  1010
0
  1020
0
  1030
0
  0
LWPOLYLINE
  5
2386
  100
AcDbEntity
  8
Multi-Layer
  100
AcDbPolyline
  90
2
  70
1
  43
0
  10
11.559897919795846
  20
47.12814325628652
  42
1
  10
13.359897919795847
  20
47.12814325628652
  42
1
  0
HATCH
  5
2388
  100
AcDbEntity
  8
Multi-Layer
  100
AcDbHatch
  10
0
  20
0
  30
0
  210
0
  220
0
  230
1
  2
SOLID
  70
1
  71
0
  91
1
  92
7
  72
1
  73
1
  93
2
  10
11.559897919795846
  20
47.12814325628652
  42
1
  10
13.359897919795847
  20
47.12814325628652
  42
1
  97
1
  330
2387
  75
0
  76
1
  47
0.8681437583925616
  98
1
  10
3.629517071192367
  20
33.92795499968543
  450
0
  451
0
  460
0
  461
0
  452
1
  462
1
  453
2
  463
0
  63
5
  421
255
  463
1
  63
7
  421
16777215
  470
LINEAR
  1001
ACAD
  1010
0
  1020
0
  1030
0
  0
LWPOLYLINE
  5
2389
  100
AcDbEntity
  8
Multi-Layer
  100
AcDbPolyline
  90
2
  70
1
  43
0
  10
11.559897919795846
  20
47.12814325628652
  42
1
  10
13.359897919795847
  20
47.12814325628652
  42
1
  0
HATCH
  5
2412
  100
AcDbEntity
  8
Multi-Layer
  100
AcDbHatch
  10
0
  20
0
  30
0
  210
0
  220
0
  230
1
  2
SOLID
  70
1
  71
0
  91
1
  92
7
  72
1
  73
1
  93
2
  10
16.639908079816166
  20
47.12814325628652
  42
1
  10
18.439908079816163
  20
47.12814325628652
  42
1
  97
1
  330
2411
  75
0
  76
1
  47
0.8681437583925616
  98
1
  10
3.629517071192367
  20
33.92795499968543
  450
0
  451
0
  460
0
  461
0
  452
1
  462
1
  453
2
  463
0
  63
5
  421
255
  463
1
  63
7
  421
16777215
  470
LINEAR
  1001
ACAD
  1010
0
  1020
0
  1030
0
  0
LWPOLYLINE
  5
2413
  100
AcDbEntity
  8
Multi-Layer
  100
AcDbPolyline
  90
2
  70
1
  43
0
  10
16.639908079816166
  20
47.12814325628652
  42
1
  10
18.439908079816167
  20
47.12814325628652
  42
1
  0
HATCH
  5
2415
  100
AcDbEntity
  8
Multi-Layer
  100
AcDbHatch
  10
0
  20
0
  30
0
  210
0
  220
0
  230
1
  2
SOLID
  70
1
  71
0
  91
1
  92
7
  72
1
  73
1
  93
2
  10
16.639908079816166
  20
47.12814325628652
  42
1
  10
18.439908079816163
  20
47.12814325628652
  42
1
  97
1
  330
2414
  75
0
  76
1
  47
0.8681437583925616
  98
1
  10
3.629517071192367
  20
33.92795499968543
  450
0
  451
0
  460
0
  461
0
  452
1
  462
1
  453
2
  463
0
  63
5
  421
255
  463
1
  63
7
  421
16777215
  470
LINEAR
  1001
ACAD
  1010
0
  1020
0
  1030
0
  0
LWPOLYLINE
  5
2416
  100
AcDbEntity
  8
Multi-Layer
  100
AcDbPolyline
  90
2
  70
1
  43
0
  10
16.639908079816166
  20
47.12814325628652
  42
1
  10
18.439908079816167
  20
47.12814325628652
  42
1
  0
HATCH
  5
2418
  100
AcDbEntity
  8
Multi-Layer
  100
AcDbHatch
  10
0
  20
0
  30
0
  210
0
  220
0
  230
1
  2
SOLID
  70
1
  71
0
  91
1
  92
7
  72
1
  73
1
  93
2
  10
16.639908079816166
  20
47.12814325628652
  42
1
  10
18.439908079816163
  20
47.12814325628652
  42
1
  97
1
  330
2417
  75
0
  76
1
  47
0.8681437583925616
  98
1
  10
3.629517071192367
  20
33.92795499968543
  450
0
  451
0
  460
0
  461
0
  452
1
  462
1
  453
2
  463
0
  63
5
  421
255
  463
1
  63
7
  421
16777215
  470
LINEAR
  1001
ACAD
  1010
0
  1020
0
  1030
0
  0
LWPOLYLINE
  5
2419
  100
AcDbEntity
  8
Multi-Layer
  100
AcDbPolyline
  90
2
  70
1
  43
0
  10
16.639908079816166
  20
47.12814325628652
  42
1
  10
18.439908079816167
  20
47.12814325628652
  42
1
  0
HATCH
  5
2440
  100
AcDbEntity
  8
Multi-Layer
  100
AcDbHatch
  10
0
  20
0
  30
0
  210
0
  220
0
  230
1
  2
SOLID
  70
1
  71
0
  91
1
  92
7
  72
0
  73
1
  93
18
  10
21.65003000006001
  20
39.27814325628652
  10
21.562491462447987
  20
38.838057309066656
  10
21.313202798424538
  20
38.464970457921986
  10
20.940115947279864
  20
38.21568179389853
  10
20.500030000060008
  20
38.12814325628652
  10
20.059944052840155
  20
38.21568179389853
  10
19.686857201695478
  20
38.46497045792199
  10
19.43756853767203
  20
38.83805730906666
  10
19.350030000060013
  20
39.27814325628652
  10
19.35003000006001
  20
40.978143256286515
  10
19.43756853767203
  20
41.41822920350637
  10
19.686857201695478
  20
41.79131605465104
  10
20.059944052840155
  20
42.0406047186745
  10
20.500030000060008
  20
42.12814325628651
  10
20.940115947279864
  20
42.0406047186745
  10
21.313202798424538
  20
41.79131605465104
  10
21.56249146244799
  20
41.41822920350637
  10
21.65003000006001
  20
40.978143256286515
  97
1
  330
2439
  75
0
  76
1
  47
0.4128176842155181
  98
1
  10
34.90568961886538
  20
22.81183545379326
  450
0
  451
0
  460
0
  461
0
  452
1
  462
1
  453
2
  463
0
  63
5
  421
255
  463
1
  63
7
  421
16777215
  470
LINEAR
  1001
ACAD
  1010
0
  1020
0
  1030
0
  0
LWPOLYLINE
  5
2439
  100
AcDbEntity
  8
Multi-Layer
  100
AcDbPolyline
  90
18
  70
1
  43
0
  10
21.65003000006001
  20
39.27814325628652
  10
21.562491462447987
  20
38.838057309066656
  10
21.313202798424538
  20
38.464970457921986
  10
20.940115947279864
  20
38.21568179389853
  10
20.500030000060008
  20
38.12814325628652
  10
20.059944052840155
  20
38.21568179389853
  10
19.686857201695478
  20
38.46497045792199
  10
19.43756853767203
  20
38.83805730906666
  10
19.350030000060013
  20
39.27814325628652
  10
19.35003000006001
  20
40.978143256286515
  10
19.43756853767203
  20
41.41822920350637
  10
19.686857201695478
  20
41.79131605465104
  10
20.059944052840155
  20
42.0406047186745
  10
20.500030000060008
  20
42.12814325628651
  10
20.940115947279864
  20
42.0406047186745
  10
21.313202798424538
  20
41.79131605465104
  10
21.56249146244799
  20
41.41822920350637
  10
21.65003000006001
  20
40.978143256286515
  0
HATCH
  5
2442
  100
AcDbEntity
  8
Multi-Layer
  100
AcDbHatch
  10
0
  20
0
  30
0
  210
0
  220
0
  230
1
  2
SOLID
  70
1
  71
0
  91
1
  92
7
  72
0
  73
1
  93
18
  10
21.65003000006001
  20
39.27814325628652
  10
21.562491462447987
  20
38.838057309066656
  10
21.313202798424538
  20
38.464970457921986
  10
20.940115947279864
  20
38.21568179389853
  10
20.500030000060008
  20
38.12814325628652
  10
20.059944052840155
  20
38.21568179389853
  10
19.686857201695478
  20
38.46497045792199
  10
19.43756853767203
  20
38.83805730906666
  10
19.350030000060013
  20
39.27814325628652
  10
19.35003000006001
  20
40.978143256286515
  10
19.43756853767203
  20
41.41822920350637
  10
19.686857201695478
  20
41.79131605465104
  10
20.059944052840155
  20
42.0406047186745
  10
20.500030000060008
  20
42.12814325628651
  10
20.940115947279864
  20
42.0406047186745
  10
21.313202798424538
  20
41.79131605465104
  10
21.56249146244799
  20
41.41822920350637
  10
21.65003000006001
  20
40.978143256286515
  97
1
  330
2441
  75
0
  76
1
  47
0.4128176842155181
  98
1
  10
34.90568961886538
  20
22.81183545379326
  450
0
  451
0
  460
0
  461
0
  452
1
  462
1
  453
2
  463
0
  63
5
  421
255
  463
1
  63
7
  421
16777215
  470
LINEAR
  1001
ACAD
  1010
0
  1020
0
  1030
0
  0
LWPOLYLINE
  5
2441
  100
AcDbEntity
  8
Multi-Layer
  100
AcDbPolyline
  90
18
  70
1
  43
0
  10
21.65003000006001
  20
39.27814325628652
  10
21.562491462447987
  20
38.838057309066656
  10
21.313202798424538
  20
38.464970457921986
  10
20.940115947279864
  20
38.21568179389853
  10
20.500030000060008
  20
38.12814325628652
  10
20.059944052840155
  20
38.21568179389853
  10
19.686857201695478
  20
38.46497045792199
  10
19.43756853767203
  20
38.83805730906666
  10
19.350030000060013
  20
39.27814325628652
  10
19.35003000006001
  20
40.978143256286515
  10
19.43756853767203
  20
41.41822920350637
  10
19.686857201695478
  20
41.79131605465104
  10
20.059944052840155
  20
42.0406047186745
  10
20.500030000060008
  20
42.12814325628651
  10
20.940115947279864
  20
42.0406047186745
  10
21.313202798424538
  20
41.79131605465104
  10
21.56249146244799
  20
41.41822920350637
  10
21.65003000006001
  20
40.978143256286515
  0
HATCH
  5
2444
  100
AcDbEntity
  8
Multi-Layer
  100
AcDbHatch
  10
0
  20
0
  30
0
  210
0
  220
0
  230
1
  2
SOLID
  70
1
  71
0
  91
1
  92
7
  72
0
  73
1
  93
18
  10
21.65003000006001
  20
39.27814325628652
  10
21.562491462447987
  20
38.838057309066656
  10
21.313202798424538
  20
38.464970457921986
  10
20.940115947279864
  20
38.21568179389853
  10
20.500030000060008
  20
38.12814325628652
  10
20.059944052840155
  20
38.21568179389853
  10
19.686857201695478
  20
38.46497045792199
  10
19.43756853767203
  20
38.83805730906666
  10
19.350030000060013
  20
39.27814325628652
  10
19.35003000006001
  20
40.978143256286515
  10
19.43756853767203
  20
41.41822920350637
  10
19.686857201695478
  20
41.79131605465104
  10
20.059944052840155
  20
42.0406047186745
  10
20.500030000060008
  20
42.12814325628651
  10
20.940115947279864
  20
42.0406047186745
  10
21.313202798424538
  20
41.79131605465104
  10
21.56249146244799
  20
41.41822920350637
  10
21.65003000006001
  20
40.978143256286515
  97
1
  330
2443
  75
0
  76
1
  47
0.4128176842155181
  98
1
  10
34.90568961886538
  20
22.81183545379326
  450
0
  451
0
  460
0
  461
0
  452
1
  462
1
  453
2
  463
0
  63
5
  421
255
  463
1
  63
7
  421
16777215
  470
LINEAR
  1001
ACAD
  1010
0
  1020
0
  1030
0
  0
LWPOLYLINE
  5
2443
  100
AcDbEntity
  8
Multi-Layer
  100
AcDbPolyline
  90
18
  70
1
  43
0
  10
21.65003000006001
  20
39.27814325628652
  10
21.562491462447987
  20
38.838057309066656
  10
21.313202798424538
  20
38.464970457921986
  10
20.940115947279864
  20
38.21568179389853
  10
20.500030000060008
  20
38.12814325628652
  10
20.059944052840155
  20
38.21568179389853
  10
19.686857201695478
  20
38.46497045792199
  10
19.43756853767203
  20
38.83805730906666
  10
19.350030000060013
  20
39.27814325628652
  10
19.35003000006001
  20
40.978143256286515
  10
19.43756853767203
  20
41.41822920350637
  10
19.686857201695478
  20
41.79131605465104
  10
20.059944052840155
  20
42.0406047186745
  10
20.500030000060008
  20
42.12814325628651
  10
20.940115947279864
  20
42.0406047186745
  10
21.313202798424538
  20
41.79131605465104
  10
21.56249146244799
  20
41.41822920350637
  10
21.65003000006001
  20
40.978143256286515
  0
HATCH
  5
2460
  100
AcDbEntity
  8
Multi-Layer
  100
AcDbHatch
  10
0
  20
0
  30
0
  210
0
  220
0
  230
1
  2
SOLID
  70
1
  71
0
  91
1
  92
7
  72
0
  73
1
  93
18
  10
10.650030000060003
  20
39.27814325628652
  10
10.562491462447984
  20
38.838057309066656
  10
10.313202798424532
  20
38.464970457921986
  10
9.940115947279857
  20
38.21568179389853
  10
9.500030000060002
  20
38.12814325628652
  10
9.05994405284015
  20
38.21568179389853
  10
8.686857201695473
  20
38.46497045792199
  10
8.437568537672023
  20
38.83805730906666
  10
8.350030000060006
  20
39.27814325628652
  10
8.350030000060004
  20
40.978143256286515
  10
8.437568537672023
  20
41.41822920350637
  10
8.686857201695473
  20
41.79131605465104
  10
9.05994405284015
  20
42.0406047186745
  10
9.500030000060002
  20
42.12814325628651
  10
9.940115947279857
  20
42.0406047186745
  10
10.313202798424532
  20
41.79131605465104
  10
10.562491462447984
  20
41.41822920350637
  10
10.650030000060003
  20
40.978143256286515
  97
1
  330
2459
  75
0
  76
1
  47
0.4128176842155181
  98
1
  10
34.90568961886538
  20
22.81183545379326
  450
0
  451
0
  460
0
  461
0
  452
1
  462
1
  453
2
  463
0
  63
5
  421
255
  463
1
  63
7
  421
16777215
  470
LINEAR
  1001
ACAD
  1010
0
  1020
0
  1030
0
  0
LWPOLYLINE
  5
2459
  100
AcDbEntity
  8
Multi-Layer
  100
AcDbPolyline
  90
18
  70
1
  43
0
  10
10.650030000060003
  20
39.27814325628652
  10
10.562491462447984
  20
38.838057309066656
  10
10.313202798424532
  20
38.464970457921986
  10
9.940115947279857
  20
38.21568179389853
  10
9.500030000060002
  20
38.12814325628652
  10
9.05994405284015
  20
38.21568179389853
  10
8.686857201695473
  20
38.46497045792199
  10
8.437568537672023
  20
38.83805730906666
  10
8.350030000060006
  20
39.27814325628652
  10
8.350030000060004
  20
40.978143256286515
  10
8.437568537672023
  20
41.41822920350637
  10
8.686857201695473
  20
41.79131605465104
  10
9.05994405284015
  20
42.0406047186745
  10
9.500030000060002
  20
42.12814325628651
  10
9.940115947279857
  20
42.0406047186745
  10
10.313202798424532
  20
41.79131605465104
  10
10.562491462447984
  20
41.41822920350637
  10
10.650030000060003
  20
40.978143256286515
  0
HATCH
  5
2462
  100
AcDbEntity
  8
Multi-Layer
  100
AcDbHatch
  10
0
  20
0
  30
0
  210
0
  220
0
  230
1
  2
SOLID
  70
1
  71
0
  91
1
  92
7
  72
0
  73
1
  93
18
  10
10.650030000060003
  20
39.27814325628652
  10
10.562491462447984
  20
38.838057309066656
  10
10.313202798424532
  20
38.464970457921986
  10
9.940115947279857
  20
38.21568179389853
  10
9.500030000060002
  20
38.12814325628652
  10
9.05994405284015
  20
38.21568179389853
  10
8.686857201695473
  20
38.46497045792199
  10
8.437568537672023
  20
38.83805730906666
  10
8.350030000060006
  20
39.27814325628652
  10
8.350030000060004
  20
40.978143256286515
  10
8.437568537672023
  20
41.41822920350637
  10
8.686857201695473
  20
41.79131605465104
  10
9.05994405284015
  20
42.0406047186745
  10
9.500030000060002
  20
42.12814325628651
  10
9.940115947279857
  20
42.0406047186745
  10
10.313202798424532
  20
41.79131605465104
  10
10.562491462447984
  20
41.41822920350637
  10
10.650030000060003
  20
40.978143256286515
  97
1
  330
2461
  75
0
  76
1
  47
0.4128176842155181
  98
1
  10
34.90568961886538
  20
22.81183545379326
  450
0
  451
0
  460
0
  461
0
  452
1
  462
1
  453
2
  463
0
  63
5
  421
255
  463
1
  63
7
  421
16777215
  470
LINEAR
  1001
ACAD
  1010
0
  1020
0
  1030
0
  0
LWPOLYLINE
  5
2461
  100
AcDbEntity
  8
Multi-Layer
  100
AcDbPolyline
  90
18
  70
1
  43
0
  10
10.650030000060003
  20
39.27814325628652
  10
10.562491462447984
  20
38.838057309066656
  10
10.313202798424532
  20
38.464970457921986
  10
9.940115947279857
  20
38.21568179389853
  10
9.500030000060002
  20
38.12814325628652
  10
9.05994405284015
  20
38.21568179389853
  10
8.686857201695473
  20
38.46497045792199
  10
8.437568537672023
  20
38.83805730906666
  10
8.350030000060006
  20
39.27814325628652
  10
8.350030000060004
  20
40.978143256286515
  10
8.437568537672023
  20
41.41822920350637
  10
8.686857201695473
  20
41.79131605465104
  10
9.05994405284015
  20
42.0406047186745
  10
9.500030000060002
  20
42.12814325628651
  10
9.940115947279857
  20
42.0406047186745
  10
10.313202798424532
  20
41.79131605465104
  10
10.562491462447984
  20
41.41822920350637
  10
10.650030000060003
  20
40.978143256286515
  0
HATCH
  5
2464
  100
AcDbEntity
  8
Multi-Layer
  100
AcDbHatch
  10
0
  20
0
  30
0
  210
0
  220
0
  230
1
  2
SOLID
  70
1
  71
0
  91
1
  92
7
  72
0
  73
1
  93
18
  10
10.650030000060003
  20
39.27814325628652
  10
10.562491462447984
  20
38.838057309066656
  10
10.313202798424532
  20
38.464970457921986
  10
9.940115947279857
  20
38.21568179389853
  10
9.500030000060002
  20
38.12814325628652
  10
9.05994405284015
  20
38.21568179389853
  10
8.686857201695473
  20
38.46497045792199
  10
8.437568537672023
  20
38.83805730906666
  10
8.350030000060006
  20
39.27814325628652
  10
8.350030000060004
  20
40.978143256286515
  10
8.437568537672023
  20
41.41822920350637
  10
8.686857201695473
  20
41.79131605465104
  10
9.05994405284015
  20
42.0406047186745
  10
9.500030000060002
  20
42.12814325628651
  10
9.940115947279857
  20
42.0406047186745
  10
10.313202798424532
  20
41.79131605465104
  10
10.562491462447984
  20
41.41822920350637
  10
10.650030000060003
  20
40.978143256286515
  97
1
  330
2463
  75
0
  76
1
  47
0.4128176842155181
  98
1
  10
34.90568961886538
  20
22.81183545379326
  450
0
  451
0
  460
0
  461
0
  452
1
  462
1
  453
2
  463
0
  63
5
  421
255
  463
1
  63
7
  421
16777215
  470
LINEAR
  1001
ACAD
  1010
0
  1020
0
  1030
0
  0
LWPOLYLINE
  5
2463
  100
AcDbEntity
  8
Multi-Layer
  100
AcDbPolyline
  90
18
  70
1
  43
0
  10
10.650030000060003
  20
39.27814325628652
  10
10.562491462447984
  20
38.838057309066656
  10
10.313202798424532
  20
38.464970457921986
  10
9.940115947279857
  20
38.21568179389853
  10
9.500030000060002
  20
38.12814325628652
  10
9.05994405284015
  20
38.21568179389853
  10
8.686857201695473
  20
38.46497045792199
  10
8.437568537672023
  20
38.83805730906666
  10
8.350030000060006
  20
39.27814325628652
  10
8.350030000060004
  20
40.978143256286515
  10
8.437568537672023
  20
41.41822920350637
  10
8.686857201695473
  20
41.79131605465104
  10
9.05994405284015
  20
42.0406047186745
  10
9.500030000060002
  20
42.12814325628651
  10
9.940115947279857
  20
42.0406047186745
  10
10.313202798424532
  20
41.79131605465104
  10
10.562491462447984
  20
41.41822920350637
  10
10.650030000060003
  20
40.978143256286515
  0
HATCH
  5
2494
  100
AcDbEntity
  8
Multi-Layer
  100
AcDbHatch
  10
0
  20
0
  30
0
  210
0
  220
0
  230
1
  2
SOLID
  70
1
  71
0
  91
1
  92
7
  72
1
  73
1
  93
2
  10
79.20515838231678
  20
40.00008000016
  42
1
  10
80.95516193832388
  20
40.00008000016
  42
1
  97
1
  330
2493
  75
0
  76
1
  47
0.8681437583925616
  98
1
  10
3.629517071192367
  20
33.92795499968543
  450
0
  451
0
  460
0
  461
0
  452
1
  462
1
  453
2
  463
0
  63
5
  421
255
  463
1
  63
7
  421
16777215
  470
LINEAR
  1001
ACAD
  1010
0
  1020
0
  1030
0
  0
LWPOLYLINE
  5
2495
  100
AcDbEntity
  8
Multi-Layer
  100
AcDbPolyline
  90
2
  70
1
  43
0
  10
79.20515838231677
  20
40.00008000016
  42
1
  10
80.95516193832388
  20
40.00008000016
  42
1
  0
HATCH
  5
2497
  100
AcDbEntity
  8
Multi-Layer
  100
AcDbHatch
  10
0
  20
0
  30
0
  210
0
  220
0
  230
1
  2
SOLID
  70
1
  71
0
  91
1
  92
7
  72
1
  73
1
  93
2
  10
79.20515838231678
  20
40.00008000016
  42
1
  10
80.95516193832388
  20
40.00008000016
  42
1
  97
1
  330
2496
  75
0
  76
1
  47
0.8681437583925616
  98
1
  10
3.629517071192367
  20
33.92795499968543
  450
0
  451
0
  460
0
  461
0
  452
1
  462
1
  453
2
  463
0
  63
5
  421
255
  463
1
  63
7
  421
16777215
  470
LINEAR
  1001
ACAD
  1010
0
  1020
0
  1030
0
  0
LWPOLYLINE
  5
2498
  100
AcDbEntity
  8
Multi-Layer
  100
AcDbPolyline
  90
2
  70
1
  43
0
  10
79.20515838231677
  20
40.00008000016
  42
1
  10
80.95516193832388
  20
40.00008000016
  42
1
  0
HATCH
  5
2500
  100
AcDbEntity
  8
Multi-Layer
  100
AcDbHatch
  10
0
  20
0
  30
0
  210
0
  220
0
  230
1
  2
SOLID
  70
1
  71
0
  91
1
  92
7
  72
1
  73
1
  93
2
  10
79.20515838231678
  20
40.00008000016
  42
1
  10
80.95516193832388
  20
40.00008000016
  42
1
  97
1
  330
2499
  75
0
  76
1
  47
0.8681437583925616
  98
1
  10
3.629517071192367
  20
33.92795499968543
  450
0
  451
0
  460
0
  461
0
  452
1
  462
1
  453
2
  463
0
  63
5
  421
255
  463
1
  63
7
  421
16777215
  470
LINEAR
  1001
ACAD
  1010
0
  1020
0
  1030
0
  0
LWPOLYLINE
  5
2501
  100
AcDbEntity
  8
Multi-Layer
  100
AcDbPolyline
  90
2
  70
1
  43
0
  10
79.20515838231677
  20
40.00008000016
  42
1
  10
80.95516193832388
  20
40.00008000016
  42
1
  0
HATCH
  5
2524
  100
AcDbEntity
  8
Multi-Layer
  100
AcDbHatch
  10
0
  20
0
  30
0
  210
0
  220
0
  230
1
  2
SOLID
  70
1
  71
0
  91
1
  92
7
  72
1
  73
1
  93
2
  10
69.04513806227614
  20
40.00008000016
  42
1
  10
70.79514161828324
  20
40.00008000016
  42
1
  97
1
  330
2523
  75
0
  76
1
  47
0.8681437583925616
  98
1
  10
3.629517071192367
  20
33.92795499968543
  450
0
  451
0
  460
0
  461
0
  452
1
  462
1
  453
2
  463
0
  63
5
  421
255
  463
1
  63
7
  421
16777215
  470
LINEAR
  1001
ACAD
  1010
0
  1020
0
  1030
0
  0
LWPOLYLINE
  5
2525
  100
AcDbEntity
  8
Multi-Layer
  100
AcDbPolyline
  90
2
  70
1
  43
0
  10
69.04513806227612
  20
40.00008000016
  42
1
  10
70.79514161828324
  20
40.00008000016
  42
1
  0
HATCH
  5
2527
  100
AcDbEntity
  8
Multi-Layer
  100
AcDbHatch
  10
0
  20
0
  30
0
  210
0
  220
0
  230
1
  2
SOLID
  70
1
  71
0
  91
1
  92
7
  72
1
  73
1
  93
2
  10
69.04513806227614
  20
40.00008000016
  42
1
  10
70.79514161828324
  20
40.00008000016
  42
1
  97
1
  330
2526
  75
0
  76
1
  47
0.8681437583925616
  98
1
  10
3.629517071192367
  20
33.92795499968543
  450
0
  451
0
  460
0
  461
0
  452
1
  462
1
  453
2
  463
0
  63
5
  421
255
  463
1
  63
7
  421
16777215
  470
LINEAR
  1001
ACAD
  1010
0
  1020
0
  1030
0
  0
LWPOLYLINE
  5
2528
  100
AcDbEntity
  8
Multi-Layer
  100
AcDbPolyline
  90
2
  70
1
  43
0
  10
69.04513806227612
  20
40.00008000016
  42
1
  10
70.79514161828324
  20
40.00008000016
  42
1
  0
HATCH
  5
2530
  100
AcDbEntity
  8
Multi-Layer
  100
AcDbHatch
  10
0
  20
0
  30
0
  210
0
  220
0
  230
1
  2
SOLID
  70
1
  71
0
  91
1
  92
7
  72
1
  73
1
  93
2
  10
69.04513806227614
  20
40.00008000016
  42
1
  10
70.79514161828324
  20
40.00008000016
  42
1
  97
1
  330
2529
  75
0
  76
1
  47
0.8681437583925616
  98
1
  10
3.629517071192367
  20
33.92795499968543
  450
0
  451
0
  460
0
  461
0
  452
1
  462
1
  453
2
  463
0
  63
5
  421
255
  463
1
  63
7
  421
16777215
  470
LINEAR
  1001
ACAD
  1010
0
  1020
0
  1030
0
  0
LWPOLYLINE
  5
2531
  100
AcDbEntity
  8
Multi-Layer
  100
AcDbPolyline
  90
2
  70
1
  43
0
  10
69.04513806227612
  20
40.00008000016
  42
1
  10
70.79514161828324
  20
40.00008000016
  42
1
  0
HATCH
  5
2554
  100
AcDbEntity
  8
Multi-Layer
  100
AcDbHatch
  10
0
  20
0
  30
0
  210
0
  220
0
  230
1
  2
SOLID
  70
1
  71
0
  91
1
  92
7
  72
1
  73
1
  93
2
  10
73.00014606329214
  20
40.00008000016
  42
1
  10
77.00015393730789
  20
40.00008000016
  42
1
  97
1
  330
2553
  75
0
  76
1
  47
0.8681437583925616
  98
1
  10
3.629517071192367
  20
33.92795499968543
  450
0
  451
0
  460
0
  461
0
  452
1
  462
1
  453
2
  463
0
  63
5
  421
255
  463
1
  63
7
  421
16777215
  470
LINEAR
  1001
ACAD
  1010
0
  1020
0
  1030
0
  0
LWPOLYLINE
  5
2555
  100
AcDbEntity
  8
Multi-Layer
  100
AcDbPolyline
  90
4
  70
0
  43
0
  10
73.00014606329214
  20
40.00008000241295
  42
1
  10
77.00015393730789
  20
40.00007999719835
  10
77.00015393730789
  20
40.000079997907044
  42
1
  10
73.00014606329214
  20
40.000080003121646
  0
HATCH
  5
2557
  100
AcDbEntity
  8
Multi-Layer
  100
AcDbHatch
  10
0
  20
0
  30
0
  210
0
  220
0
  230
1
  2
SOLID
  70
1
  71
0
  91
1
  92
7
  72
1
  73
1
  93
2
  10
73.00014606329214
  20
40.00008000016
  42
1
  10
77.00015393730789
  20
40.00008000016
  42
1
  97
1
  330
2556
  75
0
  76
1
  47
0.8681437583925616
  98
1
  10
3.629517071192367
  20
33.92795499968543
  450
0
  451
0
  460
0
  461
0
  452
1
  462
1
  453
2
  463
0
  63
5
  421
255
  463
1
  63
7
  421
16777215
  470
LINEAR
  1001
ACAD
  1010
0
  1020
0
  1030
0
  0
LWPOLYLINE
  5
2558
  100
AcDbEntity
  8
Multi-Layer
  100
AcDbPolyline
  90
4
  70
0
  43
0
  10
73.00014606329214
  20
40.00008000241295
  42
1
  10
77.00015393730789
  20
40.00007999719835
  10
77.00015393730789
  20
40.000079997907044
  42
1
  10
73.00014606329214
  20
40.000080003121646
  0
HATCH
  5
2560
  100
AcDbEntity
  8
Multi-Layer
  100
AcDbHatch
  10
0
  20
0
  30
0
  210
0
  220
0
  230
1
  2
SOLID
  70
1
  71
0
  91
1
  92
7
  72
1
  73
1
  93
2
  10
73.00014606329214
  20
40.00008000016
  42
1
  10
77.00015393730789
  20
40.00008000016
  42
1
  97
1
  330
2559
  75
0
  76
1
  47
0.8681437583925616
  98
1
  10
3.629517071192367
  20
33.92795499968543
  450
0
  451
0
  460
0
  461
0
  452
1
  462
1
  453
2
  463
0
  63
5
  421
255
  463
1
  63
7
  421
16777215
  470
LINEAR
  1001
ACAD
  1010
0
  1020
0
  1030
0
  0
LWPOLYLINE
  5
2561
  100
AcDbEntity
  8
Multi-Layer
  100
AcDbPolyline
  90
4
  70
0
  43
0
  10
73.00014606329214
  20
40.00008000241295
  42
1
  10
77.00015393730789
  20
40.00007999719835
  10
77.00015393730789
  20
40.000079997907044
  42
1
  10
73.00014606329214
  20
40.000080003121646
  0
HATCH
  5
2584
  100
AcDbEntity
  8
Multi-Layer
  100
AcDbHatch
  10
0
  20
0
  30
0
  210
0
  220
0
  230
1
  2
SOLID
  70
1
  71
0
  91
1
  92
7
  72
1
  73
1
  93
2
  10
69.94013984027968
  20
42.54008508017016
  42
1
  10
72.44014492028985
  20
42.54008508017016
  42
1
  97
1
  330
2583
  75
0
  76
1
  47
0.8681437583925616
  98
1
  10
3.629517071192367
  20
33.92795499968543
  450
0
  451
0
  460
0
  461
0
  452
1
  462
1
  453
2
  463
0
  63
5
  421
255
  463
1
  63
7
  421
16777215
  470
LINEAR
  1001
ACAD
  1010
0
  1020
0
  1030
0
  0
LWPOLYLINE
  5
2585
  100
AcDbEntity
  8
Multi-Layer
  100
AcDbPolyline
  90
2
  70
1
  43
0
  10
69.94013984027968
  20
42.54008508017016
  42
1
  10
72.44014492028985
  20
42.54008508017016
  42
1
  0
HATCH
  5
2587
  100
AcDbEntity
  8
Multi-Layer
  100
AcDbHatch
  10
0
  20
0
  30
0
  210
0
  220
0
  230
1
  2
SOLID
  70
1
  71
0
  91
1
  92
7
  72
1
  73
1
  93
2
  10
69.94013984027968
  20
42.54008508017016
  42
1
  10
72.44014492028985
  20
42.54008508017016
  42
1
  97
1
  330
2586
  75
0
  76
1
  47
0.8681437583925616
  98
1
  10
3.629517071192367
  20
33.92795499968543
  450
0
  451
0
  460
0
  461
0
  452
1
  462
1
  453
2
  463
0
  63
5
  421
255
  463
1
  63
7
  421
16777215
  470
LINEAR
  1001
ACAD
  1010
0
  1020
0
  1030
0
  0
LWPOLYLINE
  5
2588
  100
AcDbEntity
  8
Multi-Layer
  100
AcDbPolyline
  90
2
  70
1
  43
0
  10
69.94013984027968
  20
42.54008508017016
  42
1
  10
72.44014492028985
  20
42.54008508017016
  42
1
  0
HATCH
  5
2590
  100
AcDbEntity
  8
Multi-Layer
  100
AcDbHatch
  10
0
  20
0
  30
0
  210
0
  220
0
  230
1
  2
SOLID
  70
1
  71
0
  91
1
  92
7
  72
1
  73
1
  93
2
  10
69.94013984027968
  20
42.54008508017016
  42
1
  10
72.44014492028985
  20
42.54008508017016
  42
1
  97
1
  330
2589
  75
0
  76
1
  47
0.8681437583925616
  98
1
  10
3.629517071192367
  20
33.92795499968543
  450
0
  451
0
  460
0
  461
0
  452
1
  462
1
  453
2
  463
0
  63
5
  421
255
  463
1
  63
7
  421
16777215
  470
LINEAR
  1001
ACAD
  1010
0
  1020
0
  1030
0
  0
LWPOLYLINE
  5
2591
  100
AcDbEntity
  8
Multi-Layer
  100
AcDbPolyline
  90
2
  70
1
  43
0
  10
69.94013984027968
  20
42.54008508017016
  42
1
  10
72.44014492028985
  20
42.54008508017016
  42
1
  0
HATCH
  5
2614
  100
AcDbEntity
  8
Multi-Layer
  100
AcDbHatch
  10
0
  20
0
  30
0
  210
0
  220
0
  230
1
  2
SOLID
  70
1
  71
0
  91
1
  92
7
  72
1
  73
1
  93
2
  10
76.29015254030509
  20
45.08009016018032
  42
1
  10
78.79015762031526
  20
45.08009016018032
  42
1
  97
1
  330
2613
  75
0
  76
1
  47
0.8681437583925616
  98
1
  10
3.629517071192367
  20
33.92795499968543
  450
0
  451
0
  460
0
  461
0
  452
1
  462
1
  453
2
  463
0
  63
5
  421
255
  463
1
  63
7
  421
16777215
  470
LINEAR
  1001
ACAD
  1010
0
  1020
0
  1030
0
  0
LWPOLYLINE
  5
2615
  100
AcDbEntity
  8
Multi-Layer
  100
AcDbPolyline
  90
2
  70
1
  43
0
  10
76.29015254030509
  20
45.08009016018032
  42
1
  10
78.79015762031526
  20
45.08009016018032
  42
1
  0
HATCH
  5
2617
  100
AcDbEntity
  8
Multi-Layer
  100
AcDbHatch
  10
0
  20
0
  30
0
  210
0
  220
0
  230
1
  2
SOLID
  70
1
  71
0
  91
1
  92
7
  72
1
  73
1
  93
2
  10
76.29015254030509
  20
45.08009016018032
  42
1
  10
78.79015762031526
  20
45.08009016018032
  42
1
  97
1
  330
2616
  75
0
  76
1
  47
0.8681437583925616
  98
1
  10
3.629517071192367
  20
33.92795499968543
  450
0
  451
0
  460
0
  461
0
  452
1
  462
1
  453
2
  463
0
  63
5
  421
255
  463
1
  63
7
  421
16777215
  470
LINEAR
  1001
ACAD
  1010
0
  1020
0
  1030
0
  0
LWPOLYLINE
  5
2618
  100
AcDbEntity
  8
Multi-Layer
  100
AcDbPolyline
  90
2
  70
1
  43
0
  10
76.29015254030509
  20
45.08009016018032
  42
1
  10
78.79015762031526
  20
45.08009016018032
  42
1
  0
HATCH
  5
2620
  100
AcDbEntity
  8
Multi-Layer
  100
AcDbHatch
  10
0
  20
0
  30
0
  210
0
  220
0
  230
1
  2
SOLID
  70
1
  71
0
  91
1
  92
7
  72
1
  73
1
  93
2
  10
76.29015254030509
  20
45.08009016018032
  42
1
  10
78.79015762031526
  20
45.08009016018032
  42
1
  97
1
  330
2619
  75
0
  76
1
  47
0.8681437583925616
  98
1
  10
3.629517071192367
  20
33.92795499968543
  450
0
  451
0
  460
0
  461
0
  452
1
  462
1
  453
2
  463
0
  63
5
  421
255
  463
1
  63
7
  421
16777215
  470
LINEAR
  1001
ACAD
  1010
0
  1020
0
  1030
0
  0
LWPOLYLINE
  5
2621
  100
AcDbEntity
  8
Multi-Layer
  100
AcDbPolyline
  90
2
  70
1
  43
0
  10
76.29015254030509
  20
45.08009016018032
  42
1
  10
78.79015762031526
  20
45.08009016018032
  42
1
  0
HATCH
  5
2644
  100
AcDbEntity
  8
Multi-Layer
  100
AcDbHatch
  10
0
  20
0
  30
0
  210
0
  220
0
  230
1
  2
SOLID
  70
1
  71
0
  91
1
  92
7
  72
1
  73
1
  93
2
  10
79.20515838231678
  20
15.000064999764941
  42
1
  10
80.95516193832388
  20
15.000064999764941
  42
1
  97
1
  330
2643
  75
0
  76
1
  47
0.8681437583925616
  98
1
  10
3.629517071192367
  20
33.92795499968543
  450
0
  451
0
  460
0
  461
0
  452
1
  462
1
  453
2
  463
0
  63
5
  421
255
  463
1
  63
7
  421
16777215
  470
LINEAR
  1001
ACAD
  1010
0
  1020
0
  1030
0
  0
LWPOLYLINE
  5
2645
  100
AcDbEntity
  8
Multi-Layer
  100
AcDbPolyline
  90
2
  70
1
  43
0
  10
79.20515838231677
  20
15.000064999764941
  42
1
  10
80.95516193832388
  20
15.000064999764941
  42
1
  0
HATCH
  5
2647
  100
AcDbEntity
  8
Multi-Layer
  100
AcDbHatch
  10
0
  20
0
  30
0
  210
0
  220
0
  230
1
  2
SOLID
  70
1
  71
0
  91
1
  92
7
  72
1
  73
1
  93
2
  10
79.20515838231678
  20
15.000064999764941
  42
1
  10
80.95516193832388
  20
15.000064999764941
  42
1
  97
1
  330
2646
  75
0
  76
1
  47
0.8681437583925616
  98
1
  10
3.629517071192367
  20
33.92795499968543
  450
0
  451
0
  460
0
  461
0
  452
1
  462
1
  453
2
  463
0
  63
5
  421
255
  463
1
  63
7
  421
16777215
  470
LINEAR
  1001
ACAD
  1010
0
  1020
0
  1030
0
  0
LWPOLYLINE
  5
2648
  100
AcDbEntity
  8
Multi-Layer
  100
AcDbPolyline
  90
2
  70
1
  43
0
  10
79.20515838231677
  20
15.000064999764941
  42
1
  10
80.95516193832388
  20
15.000064999764941
  42
1
  0
HATCH
  5
2650
  100
AcDbEntity
  8
Multi-Layer
  100
AcDbHatch
  10
0
  20
0
  30
0
  210
0
  220
0
  230
1
  2
SOLID
  70
1
  71
0
  91
1
  92
7
  72
1
  73
1
  93
2
  10
79.20515838231678
  20
15.000064999764941
  42
1
  10
80.95516193832388
  20
15.000064999764941
  42
1
  97
1
  330
2649
  75
0
  76
1
  47
0.8681437583925616
  98
1
  10
3.629517071192367
  20
33.92795499968543
  450
0
  451
0
  460
0
  461
0
  452
1
  462
1
  453
2
  463
0
  63
5
  421
255
  463
1
  63
7
  421
16777215
  470
LINEAR
  1001
ACAD
  1010
0
  1020
0
  1030
0
  0
LWPOLYLINE
  5
2651
  100
AcDbEntity
  8
Multi-Layer
  100
AcDbPolyline
  90
2
  70
1
  43
0
  10
79.20515838231677
  20
15.000064999764941
  42
1
  10
80.95516193832388
  20
15.000064999764941
  42
1
  0
HATCH
  5
2674
  100
AcDbEntity
  8
Multi-Layer
  100
AcDbHatch
  10
0
  20
0
  30
0
  210
0
  220
0
  230
1
  2
SOLID
  70
1
  71
0
  91
1
  92
7
  72
1
  73
1
  93
2
  10
69.04513806227614
  20
15.000064999764941
  42
1
  10
70.79514161828324
  20
15.000064999764941
  42
1
  97
1
  330
2673
  75
0
  76
1
  47
0.8681437583925616
  98
1
  10
3.629517071192367
  20
33.92795499968543
  450
0
  451
0
  460
0
  461
0
  452
1
  462
1
  453
2
  463
0
  63
5
  421
255
  463
1
  63
7
  421
16777215
  470
LINEAR
  1001
ACAD
  1010
0
  1020
0
  1030
0
  0
LWPOLYLINE
  5
2675
  100
AcDbEntity
  8
Multi-Layer
  100
AcDbPolyline
  90
2
  70
1
  43
0
  10
69.04513806227612
  20
15.000064999764941
  42
1
  10
70.79514161828324
  20
15.000064999764941
  42
1
  0
HATCH
  5
2677
  100
AcDbEntity
  8
Multi-Layer
  100
AcDbHatch
  10
0
  20
0
  30
0
  210
0
  220
0
  230
1
  2
SOLID
  70
1
  71
0
  91
1
  92
7
  72
1
  73
1
  93
2
  10
69.04513806227614
  20
15.000064999764941
  42
1
  10
70.79514161828324
  20
15.000064999764941
  42
1
  97
1
  330
2676
  75
0
  76
1
  47
0.8681437583925616
  98
1
  10
3.629517071192367
  20
33.92795499968543
  450
0
  451
0
  460
0
  461
0
  452
1
  462
1
  453
2
  463
0
  63
5
  421
255
  463
1
  63
7
  421
16777215
  470
LINEAR
  1001
ACAD
  1010
0
  1020
0
  1030
0
  0
LWPOLYLINE
  5
2678
  100
AcDbEntity
  8
Multi-Layer
  100
AcDbPolyline
  90
2
  70
1
  43
0
  10
69.04513806227612
  20
15.000064999764941
  42
1
  10
70.79514161828324
  20
15.000064999764941
  42
1
  0
HATCH
  5
2680
  100
AcDbEntity
  8
Multi-Layer
  100
AcDbHatch
  10
0
  20
0
  30
0
  210
0
  220
0
  230
1
  2
SOLID
  70
1
  71
0
  91
1
  92
7
  72
1
  73
1
  93
2
  10
69.04513806227614
  20
15.000064999764941
  42
1
  10
70.79514161828324
  20
15.000064999764941
  42
1
  97
1
  330
2679
  75
0
  76
1
  47
0.8681437583925616
  98
1
  10
3.629517071192367
  20
33.92795499968543
  450
0
  451
0
  460
0
  461
0
  452
1
  462
1
  453
2
  463
0
  63
5
  421
255
  463
1
  63
7
  421
16777215
  470
LINEAR
  1001
ACAD
  1010
0
  1020
0
  1030
0
  0
LWPOLYLINE
  5
2681
  100
AcDbEntity
  8
Multi-Layer
  100
AcDbPolyline
  90
2
  70
1
  43
0
  10
69.04513806227612
  20
15.000064999764941
  42
1
  10
70.79514161828324
  20
15.000064999764941
  42
1
  0
HATCH
  5
2704
  100
AcDbEntity
  8
Multi-Layer
  100
AcDbHatch
  10
0
  20
0
  30
0
  210
0
  220
0
  230
1
  2
SOLID
  70
1
  71
0
  91
1
  92
7
  72
1
  73
1
  93
2
  10
73.00014606329214
  20
15.000064999764941
  42
1
  10
77.00015393730789
  20
15.000064999764941
  42
1
  97
1
  330
2703
  75
0
  76
1
  47
0.8681437583925616
  98
1
  10
3.629517071192367
  20
33.92795499968543
  450
0
  451
0
  460
0
  461
0
  452
1
  462
1
  453
2
  463
0
  63
5
  421
255
  463
1
  63
7
  421
16777215
  470
LINEAR
  1001
ACAD
  1010
0
  1020
0
  1030
0
  0
LWPOLYLINE
  5
2705
  100
AcDbEntity
  8
Multi-Layer
  100
AcDbPolyline
  90
4
  70
0
  43
0
  10
73.00014606329214
  20
15.000065002017887
  42
1
  10
77.00015393730789
  20
15.000064996803285
  10
77.00015393730789
  20
15.000064997511993
  42
1
  10
73.00014606329214
  20
15.000065002726593
  0
HATCH
  5
2707
  100
AcDbEntity
  8
Multi-Layer
  100
AcDbHatch
  10
0
  20
0
  30
0
  210
0
  220
0
  230
1
  2
SOLID
  70
1
  71
0
  91
1
  92
7
  72
1
  73
1
  93
2
  10
73.00014606329214
  20
15.000064999764941
  42
1
  10
77.00015393730789
  20
15.000064999764941
  42
1
  97
1
  330
2706
  75
0
  76
1
  47
0.8681437583925616
  98
1
  10
3.629517071192367
  20
33.92795499968543
  450
0
  451
0
  460
0
  461
0
  452
1
  462
1
  453
2
  463
0
  63
5
  421
255
  463
1
  63
7
  421
16777215
  470
LINEAR
  1001
ACAD
  1010
0
  1020
0
  1030
0
  0
LWPOLYLINE
  5
2708
  100
AcDbEntity
  8
Multi-Layer
  100
AcDbPolyline
  90
4
  70
0
  43
0
  10
73.00014606329214
  20
15.000065002017887
  42
1
  10
77.00015393730789
  20
15.000064996803285
  10
77.00015393730789
  20
15.000064997511993
  42
1
  10
73.00014606329214
  20
15.000065002726593
  0
HATCH
  5
2710
  100
AcDbEntity
  8
Multi-Layer
  100
AcDbHatch
  10
0
  20
0
  30
0
  210
0
  220
0
  230
1
  2
SOLID
  70
1
  71
0
  91
1
  92
7
  72
1
  73
1
  93
2
  10
73.00014606329214
  20
15.000064999764941
  42
1
  10
77.00015393730789
  20
15.000064999764941
  42
1
  97
1
  330
2709
  75
0
  76
1
  47
0.8681437583925616
  98
1
  10
3.629517071192367
  20
33.92795499968543
  450
0
  451
0
  460
0
  461
0
  452
1
  462
1
  453
2
  463
0
  63
5
  421
255
  463
1
  63
7
  421
16777215
  470
LINEAR
  1001
ACAD
  1010
0
  1020
0
  1030
0
  0
LWPOLYLINE
  5
2711
  100
AcDbEntity
  8
Multi-Layer
  100
AcDbPolyline
  90
4
  70
0
  43
0
  10
73.00014606329214
  20
15.000065002017887
  42
1
  10
77.00015393730789
  20
15.000064996803285
  10
77.00015393730789
  20
15.000064997511993
  42
1
  10
73.00014606329214
  20
15.000065002726593
  0
HATCH
  5
2734
  100
AcDbEntity
  8
Multi-Layer
  100
AcDbHatch
  10
0
  20
0
  30
0
  210
0
  220
0
  230
1
  2
SOLID
  70
1
  71
0
  91
1
  92
7
  72
1
  73
1
  93
2
  10
69.94013984027968
  20
17.5400700797751
  42
1
  10
72.44014492028985
  20
17.5400700797751
  42
1
  97
1
  330
2733
  75
0
  76
1
  47
0.8681437583925616
  98
1
  10
3.629517071192367
  20
33.92795499968543
  450
0
  451
0
  460
0
  461
0
  452
1
  462
1
  453
2
  463
0
  63
5
  421
255
  463
1
  63
7
  421
16777215
  470
LINEAR
  1001
ACAD
  1010
0
  1020
0
  1030
0
  0
LWPOLYLINE
  5
2735
  100
AcDbEntity
  8
Multi-Layer
  100
AcDbPolyline
  90
2
  70
1
  43
0
  10
69.94013984027968
  20
17.5400700797751
  42
1
  10
72.44014492028985
  20
17.5400700797751
  42
1
  0
HATCH
  5
2737
  100
AcDbEntity
  8
Multi-Layer
  100
AcDbHatch
  10
0
  20
0
  30
0
  210
0
  220
0
  230
1
  2
SOLID
  70
1
  71
0
  91
1
  92
7
  72
1
  73
1
  93
2
  10
69.94013984027968
  20
17.5400700797751
  42
1
  10
72.44014492028985
  20
17.5400700797751
  42
1
  97
1
  330
2736
  75
0
  76
1
  47
0.8681437583925616
  98
1
  10
3.629517071192367
  20
33.92795499968543
  450
0
  451
0
  460
0
  461
0
  452
1
  462
1
  453
2
  463
0
  63
5
  421
255
  463
1
  63
7
  421
16777215
  470
LINEAR
  1001
ACAD
  1010
0
  1020
0
  1030
0
  0
LWPOLYLINE
  5
2738
  100
AcDbEntity
  8
Multi-Layer
  100
AcDbPolyline
  90
2
  70
1
  43
0
  10
69.94013984027968
  20
17.5400700797751
  42
1
  10
72.44014492028985
  20
17.5400700797751
  42
1
  0
HATCH
  5
2740
  100
AcDbEntity
  8
Multi-Layer
  100
AcDbHatch
  10
0
  20
0
  30
0
  210
0
  220
0
  230
1
  2
SOLID
  70
1
  71
0
  91
1
  92
7
  72
1
  73
1
  93
2
  10
69.94013984027968
  20
17.5400700797751
  42
1
  10
72.44014492028985
  20
17.5400700797751
  42
1
  97
1
  330
2739
  75
0
  76
1
  47
0.8681437583925616
  98
1
  10
3.629517071192367
  20
33.92795499968543
  450
0
  451
0
  460
0
  461
0
  452
1
  462
1
  453
2
  463
0
  63
5
  421
255
  463
1
  63
7
  421
16777215
  470
LINEAR
  1001
ACAD
  1010
0
  1020
0
  1030
0
  0
LWPOLYLINE
  5
2741
  100
AcDbEntity
  8
Multi-Layer
  100
AcDbPolyline
  90
2
  70
1
  43
0
  10
69.94013984027968
  20
17.5400700797751
  42
1
  10
72.44014492028985
  20
17.5400700797751
  42
1
  0
HATCH
  5
2764
  100
AcDbEntity
  8
Multi-Layer
  100
AcDbHatch
  10
0
  20
0
  30
0
  210
0
  220
0
  230
1
  2
SOLID
  70
1
  71
0
  91
1
  92
7
  72
1
  73
1
  93
2
  10
76.29015254030509
  20
20.08007515978526
  42
1
  10
78.79015762031526
  20
20.08007515978526
  42
1
  97
1
  330
2763
  75
0
  76
1
  47
0.8681437583925616
  98
1
  10
3.629517071192367
  20
33.92795499968543
  450
0
  451
0
  460
0
  461
0
  452
1
  462
1
  453
2
  463
0
  63
5
  421
255
  463
1
  63
7
  421
16777215
  470
LINEAR
  1001
ACAD
  1010
0
  1020
0
  1030
0
  0
LWPOLYLINE
  5
2765
  100
AcDbEntity
  8
Multi-Layer
  100
AcDbPolyline
  90
2
  70
1
  43
0
  10
76.29015254030509
  20
20.08007515978526
  42
1
  10
78.79015762031526
  20
20.08007515978526
  42
1
  0
HATCH
  5
2767
  100
AcDbEntity
  8
Multi-Layer
  100
AcDbHatch
  10
0
  20
0
  30
0
  210
0
  220
0
  230
1
  2
SOLID
  70
1
  71
0
  91
1
  92
7
  72
1
  73
1
  93
2
  10
76.29015254030509
  20
20.08007515978526
  42
1
  10
78.79015762031526
  20
20.08007515978526
  42
1
  97
1
  330
2766
  75
0
  76
1
  47
0.8681437583925616
  98
1
  10
3.629517071192367
  20
33.92795499968543
  450
0
  451
0
  460
0
  461
0
  452
1
  462
1
  453
2
  463
0
  63
5
  421
255
  463
1
  63
7
  421
16777215
  470
LINEAR
  1001
ACAD
  1010
0
  1020
0
  1030
0
  0
LWPOLYLINE
  5
2768
  100
AcDbEntity
  8
Multi-Layer
  100
AcDbPolyline
  90
2
  70
1
  43
0
  10
76.29015254030509
  20
20.08007515978526
  42
1
  10
78.79015762031526
  20
20.08007515978526
  42
1
  0
HATCH
  5
2770
  100
AcDbEntity
  8
Multi-Layer
  100
AcDbHatch
  10
0
  20
0
  30
0
  210
0
  220
0
  230
1
  2
SOLID
  70
1
  71
0
  91
1
  92
7
  72
1
  73
1
  93
2
  10
76.29015254030509
  20
20.08007515978526
  42
1
  10
78.79015762031526
  20
20.08007515978526
  42
1
  97
1
  330
2769
  75
0
  76
1
  47
0.8681437583925616
  98
1
  10
3.629517071192367
  20
33.92795499968543
  450
0
  451
0
  460
0
  461
0
  452
1
  462
1
  453
2
  463
0
  63
5
  421
255
  463
1
  63
7
  421
16777215
  470
LINEAR
  1001
ACAD
  1010
0
  1020
0
  1030
0
  0
LWPOLYLINE
  5
2771
  100
AcDbEntity
  8
Multi-Layer
  100
AcDbPolyline
  90
2
  70
1
  43
0
  10
76.29015254030509
  20
20.08007515978526
  42
1
  10
78.79015762031526
  20
20.08007515978526
  42
1
  0
HATCH
  5
2794
  100
AcDbEntity
  8
Multi-Layer
  100
AcDbHatch
  10
0
  20
0
  30
0
  210
0
  220
0
  230
1
  2
SOLID
  70
1
  71
0
  91
1
  92
7
  72
1
  73
1
  93
2
  10
85.09774968095456
  20
60.43662087324176
  42
1
  10
86.62175272896067
  20
60.43662087324176
  42
1
  97
1
  330
2793
  75
0
  76
1
  47
0.8681437583925616
  98
1
  10
3.629517071192367
  20
33.92795499968543
  450
0
  451
0
  460
0
  461
0
  452
1
  462
1
  453
2
  463
0
  63
5
  421
255
  463
1
  63
7
  421
16777215
  470
LINEAR
  1001
ACAD
  1010
0
  1020
0
  1030
0
  0
LWPOLYLINE
  5
2795
  100
AcDbEntity
  8
Multi-Layer
  100
AcDbPolyline
  90
2
  70
1
  43
0
  10
85.09774968095456
  20
60.43662087324176
  42
1
  10
86.62175272896066
  20
60.43662087324176
  42
1
  0
HATCH
  5
2797
  100
AcDbEntity
  8
Multi-Layer
  100
AcDbHatch
  10
0
  20
0
  30
0
  210
0
  220
0
  230
1
  2
SOLID
  70
1
  71
0
  91
1
  92
7
  72
1
  73
1
  93
2
  10
85.09774968095456
  20
60.43662087324176
  42
1
  10
86.62175272896067
  20
60.43662087324176
  42
1
  97
1
  330
2796
  75
0
  76
1
  47
0.8681437583925616
  98
1
  10
3.629517071192367
  20
33.92795499968543
  450
0
  451
0
  460
0
  461
0
  452
1
  462
1
  453
2
  463
0
  63
5
  421
255
  463
1
  63
7
  421
16777215
  470
LINEAR
  1001
ACAD
  1010
0
  1020
0
  1030
0
  0
LWPOLYLINE
  5
2798
  100
AcDbEntity
  8
Multi-Layer
  100
AcDbPolyline
  90
2
  70
1
  43
0
  10
85.09774968095456
  20
60.43662087324176
  42
1
  10
86.62175272896066
  20
60.43662087324176
  42
1
  0
HATCH
  5
2800
  100
AcDbEntity
  8
Multi-Layer
  100
AcDbHatch
  10
0
  20
0
  30
0
  210
0
  220
0
  230
1
  2
SOLID
  70
1
  71
0
  91
1
  92
7
  72
1
  73
1
  93
2
  10
85.09774968095456
  20
60.43662087324176
  42
1
  10
86.62175272896067
  20
60.43662087324176
  42
1
  97
1
  330
2799
  75
0
  76
1
  47
0.8681437583925616
  98
1
  10
3.629517071192367
  20
33.92795499968543
  450
0
  451
0
  460
0
  461
0
  452
1
  462
1
  453
2
  463
0
  63
5
  421
255
  463
1
  63
7
  421
16777215
  470
LINEAR
  1001
ACAD
  1010
0
  1020
0
  1030
0
  0
LWPOLYLINE
  5
2801
  100
AcDbEntity
  8
Multi-Layer
  100
AcDbPolyline
  90
2
  70
1
  43
0
  10
85.09774968095456
  20
60.43662087324176
  42
1
  10
86.62175272896066
  20
60.43662087324176
  42
1
  0
HATCH
  5
2824
  100
AcDbEntity
  8
Multi-Layer
  100
AcDbHatch
  10
0
  20
0
  30
0
  210
0
  220
0
  230
1
  2
SOLID
  70
1
  71
0
  91
1
  92
7
  72
1
  73
1
  93
2
  10
24.238048476096953
  20
59.00011800023601
  42
1
  10
25.762051524103047
  20
59.00011800023601
  42
1
  97
1
  330
2823
  75
0
  76
1
  47
0.8681437583925616
  98
1
  10
3.629517071192367
  20
33.92795499968543
  450
0
  451
0
  460
0
  461
0
  452
1
  462
1
  453
2
  463
0
  63
5
  421
255
  463
1
  63
7
  421
16777215
  470
LINEAR
  1001
ACAD
  1010
0
  1020
0
  1030
0
  0
LWPOLYLINE
  5
2825
  100
AcDbEntity
  8
Multi-Layer
  100
AcDbPolyline
  90
2
  70
1
  43
0
  10
24.238048476096953
  20
59.00011800023601
  42
1
  10
25.76205152410305
  20
59.00011800023601
  42
1
  0
HATCH
  5
2827
  100
AcDbEntity
  8
Multi-Layer
  100
AcDbHatch
  10
0
  20
0
  30
0
  210
0
  220
0
  230
1
  2
SOLID
  70
1
  71
0
  91
1
  92
7
  72
1
  73
1
  93
2
  10
24.238048476096953
  20
59.00011800023601
  42
1
  10
25.762051524103047
  20
59.00011800023601
  42
1
  97
1
  330
2826
  75
0
  76
1
  47
0.8681437583925616
  98
1
  10
3.629517071192367
  20
33.92795499968543
  450
0
  451
0
  460
0
  461
0
  452
1
  462
1
  453
2
  463
0
  63
5
  421
255
  463
1
  63
7
  421
16777215
  470
LINEAR
  1001
ACAD
  1010
0
  1020
0
  1030
0
  0
LWPOLYLINE
  5
2828
  100
AcDbEntity
  8
Multi-Layer
  100
AcDbPolyline
  90
2
  70
1
  43
0
  10
24.238048476096953
  20
59.00011800023601
  42
1
  10
25.76205152410305
  20
59.00011800023601
  42
1
  0
HATCH
  5
2830
  100
AcDbEntity
  8
Multi-Layer
  100
AcDbHatch
  10
0
  20
0
  30
0
  210
0
  220
0
  230
1
  2
SOLID
  70
1
  71
0
  91
1
  92
7
  72
1
  73
1
  93
2
  10
24.238048476096953
  20
59.00011800023601
  42
1
  10
25.762051524103047
  20
59.00011800023601
  42
1
  97
1
  330
2829
  75
0
  76
1
  47
0.8681437583925616
  98
1
  10
3.629517071192367
  20
33.92795499968543
  450
0
  451
0
  460
0
  461
0
  452
1
  462
1
  453
2
  463
0
  63
5
  421
255
  463
1
  63
7
  421
16777215
  470
LINEAR
  1001
ACAD
  1010
0
  1020
0
  1030
0
  0
LWPOLYLINE
  5
2831
  100
AcDbEntity
  8
Multi-Layer
  100
AcDbPolyline
  90
2
  70
1
  43
0
  10
24.238048476096953
  20
59.00011800023601
  42
1
  10
25.76205152410305
  20
59.00011800023601
  42
1
  0
LWPOLYLINE
  5
2847
  100
AcDbEntity
  8
Multi-Layer
  100
AcDbPolyline
  90
4
  70
0
  43
0
  10
85.55474993495507
  20
60.43662087327677
  42
1
  10
86.16475247496015
  20
60.43662087327677
  10
86.16475247496015
  20
60.43662087320674
  42
1
  10
85.55474993495507
  20
60.43662087320674
  0
HATCH
  5
2982
  100
AcDbEntity
  8
Multi-Layer
  100
AcDbHatch
  10
0
  20
0
  30
0
  210
0
  220
0
  230
1
  2
SOLID
  70
1
  71
0
  91
1
  92
7
  72
1
  73
1
  93
2
  10
1.3500989001978012
  20
30.900105800211595
  42
1
  10
2.250124300248601
  20
30.900105800211595
  42
1
  97
1
  330
2981
  75
0
  76
1
  47
0.8681437583925616
  98
1
  10
3.629517071192367
  20
33.92795499968543
  450
0
  451
0
  460
0
  461
0
  452
1
  462
1
  453
2
  463
0
  63
5
  421
255
  463
1
  63
7
  421
16777215
  470
LINEAR
  1001
ACAD
  1010
0
  1020
0
  1030
0
  0
LWPOLYLINE
  5
2983
  100
AcDbEntity
  8
Multi-Layer
  100
AcDbPolyline
  90
2
  70
1
  43
0.025400050800101603
  10
1.350098900197801
  20
30.900105800211595
  42
1
  10
2.250124300248601
  20
30.900105800211595
  42
1
  0
HATCH
  5
2985
  100
AcDbEntity
  8
Multi-Layer
  100
AcDbHatch
  10
0
  20
0
  30
0
  210
0
  220
0
  230
1
  2
SOLID
  70
1
  71
0
  91
1
  92
7
  72
1
  73
1
  93
2
  10
1.3500989001978012
  20
24.10000420000841
  42
1
  10
2.250124300248601
  20
24.10000420000841
  42
1
  97
1
  330
2984
  75
0
  76
1
  47
0.8681437583925616
  98
1
  10
3.629517071192367
  20
33.92795499968543
  450
0
  451
0
  460
0
  461
0
  452
1
  462
1
  453
2
  463
0
  63
5
  421
255
  463
1
  63
7
  421
16777215
  470
LINEAR
  1001
ACAD
  1010
0
  1020
0
  1030
0
  0
LWPOLYLINE
  5
2986
  100
AcDbEntity
  8
Multi-Layer
  100
AcDbPolyline
  90
2
  70
1
  43
0.025400050800101603
  10
1.350098900197801
  20
24.10000420000841
  42
1
  10
2.250124300248601
  20
24.10000420000841
  42
1
  0
LWPOLYLINE
  5
1047
  100
AcDbEntity
  8
Document-Layer
  100
AcDbPolyline
  90
2
  70
1
  43
0.3500127000254001
  10
1.625105250210501
  20
30.900105800211595
  42
1
  10
1.975117950235901
  20
30.900105800211595
  42
1
  0
LWPOLYLINE
  5
1048
  100
AcDbEntity
  8
Document-Layer
  100
AcDbPolyline
  90
2
  70
1
  43
0.3500127000254001
  10
1.625105250210501
  20
24.10000420000841
  42
1
  10
1.975117950235901
  20
24.10000420000841
  42
1
  0
LWPOLYLINE
  5
1089
  100
AcDbEntity
  8
Document-Layer
  100
AcDbPolyline
  90
2
  70
0
  43
0.10000025400050801
  10
42.00008397016793
  20
47.00009397018794
  10
28.00005603011206
  20
47.00009397018794
  0
LWPOLYLINE
  5
1090
  100
AcDbEntity
  8
Document-Layer
  100
AcDbPolyline
  90
2
  70
0
  43
0.10000025400050801
  10
28.00005603011206
  20
47.00009397018794
  10
28.00005603011206
  20
33.00006603013206
  0
LWPOLYLINE
  5
1091
  100
AcDbEntity
  8
Document-Layer
  100
AcDbPolyline
  90
2
  70
0
  43
0.10000025400050801
  10
28.00005603011206
  20
33.00006603013206
  10
42.00008397016793
  20
33.00006603013206
  0
LWPOLYLINE
  5
1092
  100
AcDbEntity
  8
Document-Layer
  100
AcDbPolyline
  90
2
  70
0
  43
0.10000025400050801
  10
42.00008397016793
  20
33.00006603013206
  10
42.00008397016793
  20
47.00009397018794
  0
LWPOLYLINE
  5
1093
  100
AcDbEntity
  8
Document-Layer
  100
AcDbPolyline
  90
2
  70
0
  43
0.05
  10
42.250084478168965
  20
32.750065522131045
  10
42.250084478168965
  20
47.250094478188956
  0
LWPOLYLINE
  5
1094
  100
AcDbEntity
  8
Document-Layer
  100
AcDbPolyline
  90
2
  70
0
  43
0.05
  10
42.250084478168965
  20
47.250094478188956
  10
27.750055522111037
  20
47.250094478188956
  0
LWPOLYLINE
  5
1095
  100
AcDbEntity
  8
Document-Layer
  100
AcDbPolyline
  90
2
  70
0
  43
0.05
  10
27.750055522111037
  20
47.250094478188956
  10
27.750055522111037
  20
32.750065522131045
  0
LWPOLYLINE
  5
1096
  100
AcDbEntity
  8
Document-Layer
  100
AcDbPolyline
  90
2
  70
0
  43
0.05
  10
27.750055522111037
  20
32.750065522131045
  10
42.250084478168965
  20
32.750065522131045
  0
LWPOLYLINE
  5
1109
  100
AcDbEntity
  8
Document-Layer
  100
AcDbPolyline
  90
2
  70
0
  43
0.10000025400050801
  10
62.000123970247934
  20
47.00009397018795
  10
48.00009603019206
  20
47.00009397018795
  0
LWPOLYLINE
  5
1110
  100
AcDbEntity
  8
Document-Layer
  100
AcDbPolyline
  90
2
  70
0
  43
0.10000025400050801
  10
48.00009603019206
  20
47.00009397018795
  10
48.00009603019206
  20
33.00006603013207
  0
LWPOLYLINE
  5
1111
  100
AcDbEntity
  8
Document-Layer
  100
AcDbPolyline
  90
2
  70
0
  43
0.10000025400050801
  10
48.00009603019206
  20
33.00006603013207
  10
62.000123970247934
  20
33.00006603013207
  0
LWPOLYLINE
  5
1112
  100
AcDbEntity
  8
Document-Layer
  100
AcDbPolyline
  90
2
  70
0
  43
0.10000025400050801
  10
62.000123970247934
  20
33.00006603013207
  10
62.000123970247934
  20
47.00009397018795
  0
LWPOLYLINE
  5
1113
  100
AcDbEntity
  8
Document-Layer
  100
AcDbPolyline
  90
2
  70
0
  43
0.05
  10
62.25012447824897
  20
32.75006552213105
  10
62.25012447824897
  20
47.25009447818896
  0
LWPOLYLINE
  5
1114
  100
AcDbEntity
  8
Document-Layer
  100
AcDbPolyline
  90
2
  70
0
  43
0.05
  10
62.25012447824897
  20
47.25009447818896
  10
47.750095522191046
  20
47.25009447818896
  0
LWPOLYLINE
  5
1115
  100
AcDbEntity
  8
Document-Layer
  100
AcDbPolyline
  90
2
  70
0
  43
0.05
  10
47.750095522191046
  20
47.25009447818896
  10
47.750095522191046
  20
32.75006552213105
  0
LWPOLYLINE
  5
1116
  100
AcDbEntity
  8
Document-Layer
  100
AcDbPolyline
  90
2
  70
0
  43
0.05
  10
47.750095522191046
  20
32.75006552213105
  10
62.25012447824897
  20
32.75006552213105
  0
LWPOLYLINE
  5
1129
  100
AcDbEntity
  8
Document-Layer
  100
AcDbPolyline
  90
2
  70
0
  43
0.10000025400050801
  10
62.00012397024794
  20
22.000043970087944
  10
48.00009603019206
  20
22.000043970087944
  0
LWPOLYLINE
  5
1130
  100
AcDbEntity
  8
Document-Layer
  100
AcDbPolyline
  90
2
  70
0
  43
0.10000025400050801
  10
48.00009603019206
  20
22.000043970087944
  10
48.00009603019206
  20
8.00001603003206
  0
LWPOLYLINE
  5
1131
  100
AcDbEntity
  8
Document-Layer
  100
AcDbPolyline
  90
2
  70
0
  43
0.10000025400050801
  10
48.00009603019206
  20
8.00001603003206
  10
62.00012397024794
  20
8.00001603003206
  0
LWPOLYLINE
  5
1132
  100
AcDbEntity
  8
Document-Layer
  100
AcDbPolyline
  90
2
  70
0
  43
0.10000025400050801
  10
62.00012397024794
  20
8.00001603003206
  10
62.00012397024794
  20
22.000043970087944
  0
LWPOLYLINE
  5
1133
  100
AcDbEntity
  8
Document-Layer
  100
AcDbPolyline
  90
2
  70
0
  43
0.05
  10
62.25012447824898
  20
7.7500155220310445
  10
62.25012447824898
  20
22.25004447808896
  0
LWPOLYLINE
  5
1134
  100
AcDbEntity
  8
Document-Layer
  100
AcDbPolyline
  90
2
  70
0
  43
0.05
  10
62.25012447824898
  20
22.25004447808896
  10
47.75009552219105
  20
22.25004447808896
  0
LWPOLYLINE
  5
1135
  100
AcDbEntity
  8
Document-Layer
  100
AcDbPolyline
  90
2
  70
0
  43
0.05
  10
47.75009552219105
  20
22.25004447808896
  10
47.75009552219105
  20
7.7500155220310445
  0
LWPOLYLINE
  5
1136
  100
AcDbEntity
  8
Document-Layer
  100
AcDbPolyline
  90
2
  70
0
  43
0.05
  10
47.75009552219105
  20
7.7500155220310445
  10
62.25012447824898
  20
7.7500155220310445
  0
LWPOLYLINE
  5
1149
  100
AcDbEntity
  8
Document-Layer
  100
AcDbPolyline
  90
2
  70
0
  43
0.10000025400050801
  10
42.00008397016794
  20
22.000043970087944
  10
28.000056030112063
  20
22.000043970087944
  0
LWPOLYLINE
  5
1150
  100
AcDbEntity
  8
Document-Layer
  100
AcDbPolyline
  90
2
  70
0
  43
0.10000025400050801
  10
28.000056030112063
  20
22.000043970087944
  10
28.000056030112063
  20
8.00001603003206
  0
LWPOLYLINE
  5
1151
  100
AcDbEntity
  8
Document-Layer
  100
AcDbPolyline
  90
2
  70
0
  43
0.10000025400050801
  10
28.000056030112063
  20
8.00001603003206
  10
42.00008397016794
  20
8.00001603003206
  0
LWPOLYLINE
  5
1152
  100
AcDbEntity
  8
Document-Layer
  100
AcDbPolyline
  90
2
  70
0
  43
0.10000025400050801
  10
42.00008397016794
  20
8.00001603003206
  10
42.00008397016794
  20
22.000043970087944
  0
LWPOLYLINE
  5
1153
  100
AcDbEntity
  8
Document-Layer
  100
AcDbPolyline
  90
2
  70
0
  43
0.05
  10
42.25008447816898
  20
7.7500155220310445
  10
42.25008447816898
  20
22.25004447808896
  0
LWPOLYLINE
  5
1154
  100
AcDbEntity
  8
Document-Layer
  100
AcDbPolyline
  90
2
  70
0
  43
0.05
  10
42.25008447816898
  20
22.25004447808896
  10
27.750055522111047
  20
22.25004447808896
  0
LWPOLYLINE
  5
1155
  100
AcDbEntity
  8
Document-Layer
  100
AcDbPolyline
  90
2
  70
0
  43
0.05
  10
27.750055522111047
  20
22.25004447808896
  10
27.750055522111047
  20
7.7500155220310445
  0
LWPOLYLINE
  5
1156
  100
AcDbEntity
  8
Document-Layer
  100
AcDbPolyline
  90
2
  70
0
  43
0.05
  10
27.750055522111047
  20
7.7500155220310445
  10
42.25008447816898
  20
7.7500155220310445
  0
LWPOLYLINE
  5
1169
  100
AcDbEntity
  8
Document-Layer
  100
AcDbPolyline
  90
2
  70
0
  43
0.10000025400050801
  10
22.000043970087944
  20
22.000043970087944
  10
8.000016030032063
  20
22.000043970087944
  0
LWPOLYLINE
  5
1170
  100
AcDbEntity
  8
Document-Layer
  100
AcDbPolyline
  90
2
  70
0
  43
0.10000025400050801
  10
8.000016030032063
  20
22.000043970087944
  10
8.000016030032063
  20
8.00001603003206
  0
LWPOLYLINE
  5
1171
  100
AcDbEntity
  8
Document-Layer
  100
AcDbPolyline
  90
2
  70
0
  43
0.10000025400050801
  10
8.000016030032063
  20
8.00001603003206
  10
22.000043970087944
  20
8.00001603003206
  0
LWPOLYLINE
  5
1172
  100
AcDbEntity
  8
Document-Layer
  100
AcDbPolyline
  90
2
  70
0
  43
0.10000025400050801
  10
22.000043970087944
  20
8.00001603003206
  10
22.000043970087944
  20
22.000043970087944
  0
LWPOLYLINE
  5
1173
  100
AcDbEntity
  8
Document-Layer
  100
AcDbPolyline
  90
2
  70
0
  43
0.05
  10
22.250044478088952
  20
7.750015522031045
  10
22.250044478088952
  20
22.25004447808896
  0
LWPOLYLINE
  5
1174
  100
AcDbEntity
  8
Document-Layer
  100
AcDbPolyline
  90
2
  70
0
  43
0.05
  10
22.250044478088952
  20
22.25004447808896
  10
7.750015522031047
  20
22.25004447808896
  0
LWPOLYLINE
  5
1175
  100
AcDbEntity
  8
Document-Layer
  100
AcDbPolyline
  90
2
  70
0
  43
0.05
  10
7.750015522031047
  20
22.25004447808896
  10
7.750015522031047
  20
7.750015522031045
  0
LWPOLYLINE
  5
1176
  100
AcDbEntity
  8
Document-Layer
  100
AcDbPolyline
  90
2
  70
0
  43
0.05
  10
7.750015522031047
  20
7.750015522031045
  10
22.250044478088952
  20
7.750015522031045
  0
HATCH
  5
1214
  100
AcDbEntity
  8
Document-Layer
  100
AcDbHatch
  10
0
  20
0
  30
0
  210
0
  220
0
  230
1
  2
SOLID
  70
1
  71
0
  91
1
  92
7
  72
0
  73
1
  93
4
  10
17.059932519865043
  20
60.627121254242525
  10
17.059932519865043
  20
60.373120746241504
  10
10.455919311838626
  20
60.373120746241504
  10
10.455919311838626
  20
60.627121254242525
  97
1
  330
1213
  75
0
  76
1
  47
0.4128176842155181
  98
1
  10
34.90568961886538
  20
22.81183545379326
  450
0
  451
0
  460
0
  461
0
  452
1
  462
1
  453
2
  463
0
  63
5
  421
255
  463
1
  63
7
  421
16777215
  470
LINEAR
  1001
ACAD
  1010
0
  1020
0
  1030
0
  0
LWPOLYLINE
  5
1213
  100
AcDbEntity
  8
Document-Layer
  100
AcDbPolyline
  90
4
  70
1
  43
0.005080010160020321
  10
17.059932519865043
  20
60.627121254242525
  10
17.059932519865043
  20
60.373120746241504
  10
10.455919311838626
  20
60.373120746241504
  10
10.455919311838626
  20
60.627121254242525
  0
HATCH
  5
1216
  100
AcDbEntity
  8
Document-Layer
  100
AcDbHatch
  10
0
  20
0
  30
0
  210
0
  220
0
  230
1
  2
SOLID
  70
1
  71
0
  91
1
  92
7
  72
0
  73
1
  93
4
  10
14.01192642385285
  20
57.452114904229816
  10
13.757925915851835
  20
57.452114904229816
  10
13.757925915851835
  20
64.05612811225623
  10
14.01192642385285
  20
64.05612811225623
  97
1
  330
1215
  75
0
  76
1
  47
0.4128176842155181
  98
1
  10
34.90568961886538
  20
22.81183545379326
  450
0
  451
0
  460
0
  461
0
  452
1
  462
1
  453
2
  463
0
  63
5
  421
255
  463
1
  63
7
  421
16777215
  470
LINEAR
  1001
ACAD
  1010
0
  1020
0
  1030
0
  0
LWPOLYLINE
  5
1215
  100
AcDbEntity
  8
Document-Layer
  100
AcDbPolyline
  90
4
  70
1
  43
0.005080010160020321
  10
14.01192642385285
  20
57.452114904229816
  10
13.757925915851835
  20
57.452114904229816
  10
13.757925915851835
  20
64.05612811225623
  10
14.01192642385285
  20
64.05612811225623
  0
LWPOLYLINE
  5
1225
  100
AcDbEntity
  8
Document-Layer
  100
AcDbPolyline
  90
2
  70
0
  43
0.10000025400050801
  10
82.00016397032793
  20
47.00009397018794
  10
68.00013603027209
  20
47.00009397018794
  0
LWPOLYLINE
  5
1226
  100
AcDbEntity
  8
Document-Layer
  100
AcDbPolyline
  90
2
  70
0
  43
0.10000025400050801
  10
68.00013603027209
  20
47.00009397018794
  10
68.00013603027209
  20
33.00006603013206
  0
LWPOLYLINE
  5
1227
  100
AcDbEntity
  8
Document-Layer
  100
AcDbPolyline
  90
2
  70
0
  43
0.10000025400050801
  10
68.00013603027209
  20
33.00006603013206
  10
82.00016397032793
  20
33.00006603013206
  0
LWPOLYLINE
  5
1228
  100
AcDbEntity
  8
Document-Layer
  100
AcDbPolyline
  90
2
  70
0
  43
0.10000025400050801
  10
82.00016397032793
  20
33.00006603013206
  10
82.00016397032793
  20
47.00009397018794
  0
LWPOLYLINE
  5
1229
  100
AcDbEntity
  8
Document-Layer
  100
AcDbPolyline
  90
2
  70
0
  43
0.05
  10
82.25016447832897
  20
32.750065522131045
  10
82.25016447832897
  20
47.250094478188956
  0
LWPOLYLINE
  5
1230
  100
AcDbEntity
  8
Document-Layer
  100
AcDbPolyline
  90
2
  70
0
  43
0.05
  10
82.25016447832897
  20
47.250094478188956
  10
67.75013552227105
  20
47.250094478188956
  0
LWPOLYLINE
  5
1231
  100
AcDbEntity
  8
Document-Layer
  100
AcDbPolyline
  90
2
  70
0
  43
0.05
  10
67.75013552227105
  20
47.250094478188956
  10
67.75013552227105
  20
32.750065522131045
  0
LWPOLYLINE
  5
1232
  100
AcDbEntity
  8
Document-Layer
  100
AcDbPolyline
  90
2
  70
0
  43
0.05
  10
67.75013552227105
  20
32.750065522131045
  10
82.25016447832897
  20
32.750065522131045
  0
LWPOLYLINE
  5
1245
  100
AcDbEntity
  8
Document-Layer
  100
AcDbPolyline
  90
2
  70
0
  43
0.10000025400050801
  10
82.00016397032795
  20
22.00007896979288
  10
68.00013603027207
  20
22.00007896979288
  0
LWPOLYLINE
  5
1246
  100
AcDbEntity
  8
Document-Layer
  100
AcDbPolyline
  90
2
  70
0
  43
0.10000025400050801
  10
68.00013603027207
  20
22.00007896979288
  10
68.00013603027207
  20
8.000051029737
  0
LWPOLYLINE
  5
1247
  100
AcDbEntity
  8
Document-Layer
  100
AcDbPolyline
  90
2
  70
0
  43
0.10000025400050801
  10
68.00013603027207
  20
8.000051029737
  10
82.00016397032795
  20
8.000051029737
  0
LWPOLYLINE
  5
1248
  100
AcDbEntity
  8
Document-Layer
  100
AcDbPolyline
  90
2
  70
0
  43
0.10000025400050801
  10
82.00016397032795
  20
8.000051029737
  10
82.00016397032795
  20
22.00007896979288
  0
LWPOLYLINE
  5
1249
  100
AcDbEntity
  8
Document-Layer
  100
AcDbPolyline
  90
2
  70
0
  43
0.05
  10
82.25016447832897
  20
7.750050521735984
  10
82.25016447832897
  20
22.250079477793896
  0
LWPOLYLINE
  5
1250
  100
AcDbEntity
  8
Document-Layer
  100
AcDbPolyline
  90
2
  70
0
  43
0.05
  10
82.25016447832897
  20
22.250079477793896
  10
67.75013552227105
  20
22.250079477793896
  0
LWPOLYLINE
  5
1251
  100
AcDbEntity
  8
Document-Layer
  100
AcDbPolyline
  90
2
  70
0
  43
0.05
  10
67.75013552227105
  20
22.250079477793896
  10
67.75013552227105
  20
7.750050521735984
  0
LWPOLYLINE
  5
1252
  100
AcDbEntity
  8
Document-Layer
  100
AcDbPolyline
  90
2
  70
0
  43
0.05
  10
67.75013552227105
  20
7.750050521735984
  10
82.25016447832897
  20
7.750050521735984
  0
LWPOLYLINE
  5
2880
  100
AcDbEntity
  8
Document-Layer
  100
AcDbPolyline
  90
2
  70
0
  43
0.10000025400050801
  10
42.00008397016793
  20
47.00009397018794
  10
28.00005603011206
  20
47.00009397018794
  0
LWPOLYLINE
  5
2881
  100
AcDbEntity
  8
Document-Layer
  100
AcDbPolyline
  90
2
  70
0
  43
0.10000025400050801
  10
28.00005603011206
  20
47.00009397018794
  10
28.00005603011206
  20
33.00006603013206
  0
LWPOLYLINE
  5
2882
  100
AcDbEntity
  8
Document-Layer
  100
AcDbPolyline
  90
2
  70
0
  43
0.10000025400050801
  10
28.00005603011206
  20
33.00006603013206
  10
42.00008397016793
  20
33.00006603013206
  0
LWPOLYLINE
  5
2883
  100
AcDbEntity
  8
Document-Layer
  100
AcDbPolyline
  90
2
  70
0
  43
0.10000025400050801
  10
42.00008397016793
  20
33.00006603013206
  10
42.00008397016793
  20
47.00009397018794
  0
LWPOLYLINE
  5
2884
  100
AcDbEntity
  8
Document-Layer
  100
AcDbPolyline
  90
2
  70
0
  43
0.05
  10
42.250084478168965
  20
32.750065522131045
  10
42.250084478168965
  20
47.250094478188956
  0
LWPOLYLINE
  5
2885
  100
AcDbEntity
  8
Document-Layer
  100
AcDbPolyline
  90
2
  70
0
  43
0.05
  10
42.250084478168965
  20
47.250094478188956
  10
27.750055522111037
  20
47.250094478188956
  0
LWPOLYLINE
  5
2886
  100
AcDbEntity
  8
Document-Layer
  100
AcDbPolyline
  90
2
  70
0
  43
0.05
  10
27.750055522111037
  20
47.250094478188956
  10
27.750055522111037
  20
32.750065522131045
  0
LWPOLYLINE
  5
2887
  100
AcDbEntity
  8
Document-Layer
  100
AcDbPolyline
  90
2
  70
0
  43
0.05
  10
27.750055522111037
  20
32.750065522131045
  10
42.250084478168965
  20
32.750065522131045
  0
LWPOLYLINE
  5
2900
  100
AcDbEntity
  8
Document-Layer
  100
AcDbPolyline
  90
2
  70
0
  43
0.10000025400050801
  10
62.000123970247934
  20
47.00009397018795
  10
48.00009603019206
  20
47.00009397018795
  0
LWPOLYLINE
  5
2901
  100
AcDbEntity
  8
Document-Layer
  100
AcDbPolyline
  90
2
  70
0
  43
0.10000025400050801
  10
48.00009603019206
  20
47.00009397018795
  10
48.00009603019206
  20
33.00006603013207
  0
LWPOLYLINE
  5
2902
  100
AcDbEntity
  8
Document-Layer
  100
AcDbPolyline
  90
2
  70
0
  43
0.10000025400050801
  10
48.00009603019206
  20
33.00006603013207
  10
62.000123970247934
  20
33.00006603013207
  0
LWPOLYLINE
  5
2903
  100
AcDbEntity
  8
Document-Layer
  100
AcDbPolyline
  90
2
  70
0
  43
0.10000025400050801
  10
62.000123970247934
  20
33.00006603013207
  10
62.000123970247934
  20
47.00009397018795
  0
LWPOLYLINE
  5
2904
  100
AcDbEntity
  8
Document-Layer
  100
AcDbPolyline
  90
2
  70
0
  43
0.05
  10
62.25012447824897
  20
32.75006552213105
  10
62.25012447824897
  20
47.25009447818896
  0
LWPOLYLINE
  5
2905
  100
AcDbEntity
  8
Document-Layer
  100
AcDbPolyline
  90
2
  70
0
  43
0.05
  10
62.25012447824897
  20
47.25009447818896
  10
47.750095522191046
  20
47.25009447818896
  0
LWPOLYLINE
  5
2906
  100
AcDbEntity
  8
Document-Layer
  100
AcDbPolyline
  90
2
  70
0
  43
0.05
  10
47.750095522191046
  20
47.25009447818896
  10
47.750095522191046
  20
32.75006552213105
  0
LWPOLYLINE
  5
2907
  100
AcDbEntity
  8
Document-Layer
  100
AcDbPolyline
  90
2
  70
0
  43
0.05
  10
47.750095522191046
  20
32.75006552213105
  10
62.25012447824897
  20
32.75006552213105
  0
LWPOLYLINE
  5
2920
  100
AcDbEntity
  8
Document-Layer
  100
AcDbPolyline
  90
2
  70
0
  43
0.10000025400050801
  10
62.00012397024794
  20
22.000043970087944
  10
48.00009603019206
  20
22.000043970087944
  0
LWPOLYLINE
  5
2921
  100
AcDbEntity
  8
Document-Layer
  100
AcDbPolyline
  90
2
  70
0
  43
0.10000025400050801
  10
48.00009603019206
  20
22.000043970087944
  10
48.00009603019206
  20
8.00001603003206
  0
LWPOLYLINE
  5
2922
  100
AcDbEntity
  8
Document-Layer
  100
AcDbPolyline
  90
2
  70
0
  43
0.10000025400050801
  10
48.00009603019206
  20
8.00001603003206
  10
62.00012397024794
  20
8.00001603003206
  0
LWPOLYLINE
  5
2923
  100
AcDbEntity
  8
Document-Layer
  100
AcDbPolyline
  90
2
  70
0
  43
0.10000025400050801
  10
62.00012397024794
  20
8.00001603003206
  10
62.00012397024794
  20
22.000043970087944
  0
LWPOLYLINE
  5
2924
  100
AcDbEntity
  8
Document-Layer
  100
AcDbPolyline
  90
2
  70
0
  43
0.05
  10
62.25012447824898
  20
7.7500155220310445
  10
62.25012447824898
  20
22.25004447808896
  0
LWPOLYLINE
  5
2925
  100
AcDbEntity
  8
Document-Layer
  100
AcDbPolyline
  90
2
  70
0
  43
0.05
  10
62.25012447824898
  20
22.25004447808896
  10
47.75009552219105
  20
22.25004447808896
  0
LWPOLYLINE
  5
2926
  100
AcDbEntity
  8
Document-Layer
  100
AcDbPolyline
  90
2
  70
0
  43
0.05
  10
47.75009552219105
  20
22.25004447808896
  10
47.75009552219105
  20
7.7500155220310445
  0
LWPOLYLINE
  5
2927
  100
AcDbEntity
  8
Document-Layer
  100
AcDbPolyline
  90
2
  70
0
  43
0.05
  10
47.75009552219105
  20
7.7500155220310445
  10
62.25012447824898
  20
7.7500155220310445
  0
LWPOLYLINE
  5
2940
  100
AcDbEntity
  8
Document-Layer
  100
AcDbPolyline
  90
2
  70
0
  43
0.10000025400050801
  10
42.00008397016794
  20
22.000043970087944
  10
28.000056030112063
  20
22.000043970087944
  0
LWPOLYLINE
  5
2941
  100
AcDbEntity
  8
Document-Layer
  100
AcDbPolyline
  90
2
  70
0
  43
0.10000025400050801
  10
28.000056030112063
  20
22.000043970087944
  10
28.000056030112063
  20
8.00001603003206
  0
LWPOLYLINE
  5
2942
  100
AcDbEntity
  8
Document-Layer
  100
AcDbPolyline
  90
2
  70
0
  43
0.10000025400050801
  10
28.000056030112063
  20
8.00001603003206
  10
42.00008397016794
  20
8.00001603003206
  0
LWPOLYLINE
  5
2943
  100
AcDbEntity
  8
Document-Layer
  100
AcDbPolyline
  90
2
  70
0
  43
0.10000025400050801
  10
42.00008397016794
  20
8.00001603003206
  10
42.00008397016794
  20
22.000043970087944
  0
LWPOLYLINE
  5
2944
  100
AcDbEntity
  8
Document-Layer
  100
AcDbPolyline
  90
2
  70
0
  43
0.05
  10
42.25008447816898
  20
7.7500155220310445
  10
42.25008447816898
  20
22.25004447808896
  0
LWPOLYLINE
  5
2945
  100
AcDbEntity
  8
Document-Layer
  100
AcDbPolyline
  90
2
  70
0
  43
0.05
  10
42.25008447816898
  20
22.25004447808896
  10
27.750055522111047
  20
22.25004447808896
  0
LWPOLYLINE
  5
2946
  100
AcDbEntity
  8
Document-Layer
  100
AcDbPolyline
  90
2
  70
0
  43
0.05
  10
27.750055522111047
  20
22.25004447808896
  10
27.750055522111047
  20
7.7500155220310445
  0
LWPOLYLINE
  5
2947
  100
AcDbEntity
  8
Document-Layer
  100
AcDbPolyline
  90
2
  70
0
  43
0.05
  10
27.750055522111047
  20
7.7500155220310445
  10
42.25008447816898
  20
7.7500155220310445
  0
LWPOLYLINE
  5
2960
  100
AcDbEntity
  8
Document-Layer
  100
AcDbPolyline
  90
2
  70
0
  43
0.10000025400050801
  10
22.000043970087944
  20
22.000043970087944
  10
8.000016030032063
  20
22.000043970087944
  0
LWPOLYLINE
  5
2961
  100
AcDbEntity
  8
Document-Layer
  100
AcDbPolyline
  90
2
  70
0
  43
0.10000025400050801
  10
8.000016030032063
  20
22.000043970087944
  10
8.000016030032063
  20
8.00001603003206
  0
LWPOLYLINE
  5
2962
  100
AcDbEntity
  8
Document-Layer
  100
AcDbPolyline
  90
2
  70
0
  43
0.10000025400050801
  10
8.000016030032063
  20
8.00001603003206
  10
22.000043970087944
  20
8.00001603003206
  0
LWPOLYLINE
  5
2963
  100
AcDbEntity
  8
Document-Layer
  100
AcDbPolyline
  90
2
  70
0
  43
0.10000025400050801
  10
22.000043970087944
  20
8.00001603003206
  10
22.000043970087944
  20
22.000043970087944
  0
LWPOLYLINE
  5
2964
  100
AcDbEntity
  8
Document-Layer
  100
AcDbPolyline
  90
2
  70
0
  43
0.05
  10
22.250044478088952
  20
7.750015522031045
  10
22.250044478088952
  20
22.25004447808896
  0
LWPOLYLINE
  5
2965
  100
AcDbEntity
  8
Document-Layer
  100
AcDbPolyline
  90
2
  70
0
  43
0.05
  10
22.250044478088952
  20
22.25004447808896
  10
7.750015522031047
  20
22.25004447808896
  0
LWPOLYLINE
  5
2966
  100
AcDbEntity
  8
Document-Layer
  100
AcDbPolyline
  90
2
  70
0
  43
0.05
  10
7.750015522031047
  20
22.25004447808896
  10
7.750015522031047
  20
7.750015522031045
  0
LWPOLYLINE
  5
2967
  100
AcDbEntity
  8
Document-Layer
  100
AcDbPolyline
  90
2
  70
0
  43
0.05
  10
7.750015522031047
  20
7.750015522031045
  10
22.250044478088952
  20
7.750015522031045
  0
LWPOLYLINE
  5
2979
  100
AcDbEntity
  8
Document-Layer
  100
AcDbPolyline
  90
2
  70
1
  43
0.3500127000254001
  10
1.625105250210501
  20
30.900105800211595
  42
1
  10
1.975117950235901
  20
30.900105800211595
  42
1
  0
LWPOLYLINE
  5
2980
  100
AcDbEntity
  8
Document-Layer
  100
AcDbPolyline
  90
2
  70
1
  43
0.3500127000254001
  10
1.625105250210501
  20
24.10000420000841
  42
1
  10
1.975117950235901
  20
24.10000420000841
  42
1
  0
HATCH
  5
3016
  100
AcDbEntity
  8
Document-Layer
  100
AcDbHatch
  10
0
  20
0
  30
0
  210
0
  220
0
  230
1
  2
SOLID
  70
1
  71
0
  91
1
  92
7
  72
0
  73
1
  93
4
  10
17.059932519865043
  20
60.627121254242525
  10
17.059932519865043
  20
60.373120746241504
  10
10.455919311838626
  20
60.373120746241504
  10
10.455919311838626
  20
60.627121254242525
  97
1
  330
3015
  75
0
  76
1
  47
0.4128176842155181
  98
1
  10
34.90568961886538
  20
22.81183545379326
  450
0
  451
0
  460
0
  461
0
  452
1
  462
1
  453
2
  463
0
  63
5
  421
255
  463
1
  63
7
  421
16777215
  470
LINEAR
  1001
ACAD
  1010
0
  1020
0
  1030
0
  0
LWPOLYLINE
  5
3015
  100
AcDbEntity
  8
Document-Layer
  100
AcDbPolyline
  90
4
  70
1
  43
0.005080010160020321
  10
17.059932519865043
  20
60.627121254242525
  10
17.059932519865043
  20
60.373120746241504
  10
10.455919311838626
  20
60.373120746241504
  10
10.455919311838626
  20
60.627121254242525
  0
HATCH
  5
3018
  100
AcDbEntity
  8
Document-Layer
  100
AcDbHatch
  10
0
  20
0
  30
0
  210
0
  220
0
  230
1
  2
SOLID
  70
1
  71
0
  91
1
  92
7
  72
0
  73
1
  93
4
  10
14.01192642385285
  20
57.452114904229816
  10
13.757925915851835
  20
57.452114904229816
  10
13.757925915851835
  20
64.05612811225623
  10
14.01192642385285
  20
64.05612811225623
  97
1
  330
3017
  75
0
  76
1
  47
0.4128176842155181
  98
1
  10
34.90568961886538
  20
22.81183545379326
  450
0
  451
0
  460
0
  461
0
  452
1
  462
1
  453
2
  463
0
  63
5
  421
255
  463
1
  63
7
  421
16777215
  470
LINEAR
  1001
ACAD
  1010
0
  1020
0
  1030
0
  0
LWPOLYLINE
  5
3017
  100
AcDbEntity
  8
Document-Layer
  100
AcDbPolyline
  90
4
  70
1
  43
0.005080010160020321
  10
14.01192642385285
  20
57.452114904229816
  10
13.757925915851835
  20
57.452114904229816
  10
13.757925915851835
  20
64.05612811225623
  10
14.01192642385285
  20
64.05612811225623
  0
LWPOLYLINE
  5
3027
  100
AcDbEntity
  8
Document-Layer
  100
AcDbPolyline
  90
2
  70
0
  43
0.10000025400050801
  10
82.00016397032793
  20
47.00009397018794
  10
68.00013603027209
  20
47.00009397018794
  0
LWPOLYLINE
  5
3028
  100
AcDbEntity
  8
Document-Layer
  100
AcDbPolyline
  90
2
  70
0
  43
0.10000025400050801
  10
68.00013603027209
  20
47.00009397018794
  10
68.00013603027209
  20
33.00006603013206
  0
LWPOLYLINE
  5
3029
  100
AcDbEntity
  8
Document-Layer
  100
AcDbPolyline
  90
2
  70
0
  43
0.10000025400050801
  10
68.00013603027209
  20
33.00006603013206
  10
82.00016397032793
  20
33.00006603013206
  0
LWPOLYLINE
  5
3030
  100
AcDbEntity
  8
Document-Layer
  100
AcDbPolyline
  90
2
  70
0
  43
0.10000025400050801
  10
82.00016397032793
  20
33.00006603013206
  10
82.00016397032793
  20
47.00009397018794
  0
LWPOLYLINE
  5
3031
  100
AcDbEntity
  8
Document-Layer
  100
AcDbPolyline
  90
2
  70
0
  43
0.05
  10
82.25016447832897
  20
32.750065522131045
  10
82.25016447832897
  20
47.250094478188956
  0
LWPOLYLINE
  5
3032
  100
AcDbEntity
  8
Document-Layer
  100
AcDbPolyline
  90
2
  70
0
  43
0.05
  10
82.25016447832897
  20
47.250094478188956
  10
67.75013552227105
  20
47.250094478188956
  0
LWPOLYLINE
  5
3033
  100
AcDbEntity
  8
Document-Layer
  100
AcDbPolyline
  90
2
  70
0
  43
0.05
  10
67.75013552227105
  20
47.250094478188956
  10
67.75013552227105
  20
32.750065522131045
  0
LWPOLYLINE
  5
3034
  100
AcDbEntity
  8
Document-Layer
  100
AcDbPolyline
  90
2
  70
0
  43
0.05
  10
67.75013552227105
  20
32.750065522131045
  10
82.25016447832897
  20
32.750065522131045
  0
LWPOLYLINE
  5
3047
  100
AcDbEntity
  8
Document-Layer
  100
AcDbPolyline
  90
2
  70
0
  43
0.10000025400050801
  10
82.00016397032795
  20
22.00007896979288
  10
68.00013603027207
  20
22.00007896979288
  0
LWPOLYLINE
  5
3048
  100
AcDbEntity
  8
Document-Layer
  100
AcDbPolyline
  90
2
  70
0
  43
0.10000025400050801
  10
68.00013603027207
  20
22.00007896979288
  10
68.00013603027207
  20
8.000051029737
  0
LWPOLYLINE
  5
3049
  100
AcDbEntity
  8
Document-Layer
  100
AcDbPolyline
  90
2
  70
0
  43
0.10000025400050801
  10
68.00013603027207
  20
8.000051029737
  10
82.00016397032795
  20
8.000051029737
  0
LWPOLYLINE
  5
3050
  100
AcDbEntity
  8
Document-Layer
  100
AcDbPolyline
  90
2
  70
0
  43
0.10000025400050801
  10
82.00016397032795
  20
8.000051029737
  10
82.00016397032795
  20
22.00007896979288
  0
LWPOLYLINE
  5
3051
  100
AcDbEntity
  8
Document-Layer
  100
AcDbPolyline
  90
2
  70
0
  43
0.05
  10
82.25016447832897
  20
7.750050521735984
  10
82.25016447832897
  20
22.250079477793896
  0
LWPOLYLINE
  5
3052
  100
AcDbEntity
  8
Document-Layer
  100
AcDbPolyline
  90
2
  70
0
  43
0.05
  10
82.25016447832897
  20
22.250079477793896
  10
67.75013552227105
  20
22.250079477793896
  0
LWPOLYLINE
  5
3053
  100
AcDbEntity
  8
Document-Layer
  100
AcDbPolyline
  90
2
  70
0
  43
0.05
  10
67.75013552227105
  20
22.250079477793896
  10
67.75013552227105
  20
7.750050521735984
  0
LWPOLYLINE
  5
3054
  100
AcDbEntity
  8
Document-Layer
  100
AcDbPolyline
  90
2
  70
0
  43
0.05
  10
67.75013552227105
  20
7.750050521735984
  10
82.25016447832897
  20
7.750050521735984
  0
HATCH
  5
1545
  100
AcDbEntity
  8
Hole-Layer
  100
AcDbHatch
  10
0
  20
0
  30
0
  210
0
  220
0
  230
1
  2
SOLID
  70
1
  71
0
  91
1
  92
7
  72
1
  73
1
  93
2
  10
39.20507838215676
  20
40.00008000016
  42
1
  10
40.95508193816388
  20
40.00008000016
  42
1
  97
1
  330
1544
  75
0
  76
1
  47
0.8681437583925616
  98
1
  10
3.629517071192367
  20
33.92795499968543
  450
0
  451
0
  460
0
  461
0
  452
1
  462
1
  453
2
  463
0
  63
5
  421
255
  463
1
  63
7
  421
16777215
  470
LINEAR
  1001
ACAD
  1010
0
  1020
0
  1030
0
  0
LWPOLYLINE
  5
1546
  100
AcDbEntity
  8
Hole-Layer
  100
AcDbPolyline
  90
2
  70
1
  43
0
  10
39.20507838215676
  20
40.00008000016
  42
1
  10
40.95508193816388
  20
40.00008000016
  42
1
  0
HATCH
  5
1575
  100
AcDbEntity
  8
Hole-Layer
  100
AcDbHatch
  10
0
  20
0
  30
0
  210
0
  220
0
  230
1
  2
SOLID
  70
1
  71
0
  91
1
  92
7
  72
1
  73
1
  93
2
  10
29.045058062116123
  20
40.00008000016
  42
1
  10
30.79506161812324
  20
40.00008000016
  42
1
  97
1
  330
1574
  75
0
  76
1
  47
0.8681437583925616
  98
1
  10
3.629517071192367
  20
33.92795499968543
  450
0
  451
0
  460
0
  461
0
  452
1
  462
1
  453
2
  463
0
  63
5
  421
255
  463
1
  63
7
  421
16777215
  470
LINEAR
  1001
ACAD
  1010
0
  1020
0
  1030
0
  0
LWPOLYLINE
  5
1576
  100
AcDbEntity
  8
Hole-Layer
  100
AcDbPolyline
  90
2
  70
1
  43
0
  10
29.045058062116123
  20
40.00008000016
  42
1
  10
30.79506161812324
  20
40.00008000016
  42
1
  0
HATCH
  5
1605
  100
AcDbEntity
  8
Hole-Layer
  100
AcDbHatch
  10
0
  20
0
  30
0
  210
0
  220
0
  230
1
  2
SOLID
  70
1
  71
0
  91
1
  92
7
  72
1
  73
1
  93
2
  10
33.000066063132124
  20
40.00008000016
  42
1
  10
37.000073937147874
  20
40.00008000016
  42
1
  97
1
  330
1604
  75
0
  76
1
  47
0.8681437583925616
  98
1
  10
3.629517071192367
  20
33.92795499968543
  450
0
  451
0
  460
0
  461
0
  452
1
  462
1
  453
2
  463
0
  63
5
  421
255
  463
1
  63
7
  421
16777215
  470
LINEAR
  1001
ACAD
  1010
0
  1020
0
  1030
0
  0
LWPOLYLINE
  5
1606
  100
AcDbEntity
  8
Hole-Layer
  100
AcDbPolyline
  90
2
  70
1
  43
0
  10
33.000066063132124
  20
40.00008000016
  42
1
  10
37.00007393714788
  20
40.00008000016
  42
1
  0
HATCH
  5
1635
  100
AcDbEntity
  8
Hole-Layer
  100
AcDbHatch
  10
0
  20
0
  30
0
  210
0
  220
0
  230
1
  2
SOLID
  70
1
  71
0
  91
1
  92
7
  72
1
  73
1
  93
2
  10
30.440060856121715
  20
42.54008508017016
  42
1
  10
31.940063904127808
  20
42.54008508017016
  42
1
  97
1
  330
1634
  75
0
  76
1
  47
0.8681437583925616
  98
1
  10
3.629517071192367
  20
33.92795499968543
  450
0
  451
0
  460
0
  461
0
  452
1
  462
1
  453
2
  463
0
  63
5
  421
255
  463
1
  63
7
  421
16777215
  470
LINEAR
  1001
ACAD
  1010
0
  1020
0
  1030
0
  0
LWPOLYLINE
  5
1636
  100
AcDbEntity
  8
Hole-Layer
  100
AcDbPolyline
  90
4
  70
0
  43
0
  10
30.440060856121715
  20
42.54008508063472
  42
1
  10
31.940063904127808
  20
42.54008507999583
  10
31.940063904127808
  20
42.5400850797056
  42
1
  10
30.440060856121715
  20
42.54008508034449
  0
HATCH
  5
1665
  100
AcDbEntity
  8
Hole-Layer
  100
AcDbHatch
  10
0
  20
0
  30
0
  210
0
  220
0
  230
1
  2
SOLID
  70
1
  71
0
  91
1
  92
7
  72
1
  73
1
  93
2
  10
36.790073556147114
  20
45.08009016018032
  42
1
  10
38.29007660415321
  20
45.08009016018032
  42
1
  97
1
  330
1664
  75
0
  76
1
  47
0.8681437583925616
  98
1
  10
3.629517071192367
  20
33.92795499968543
  450
0
  451
0
  460
0
  461
0
  452
1
  462
1
  453
2
  463
0
  63
5
  421
255
  463
1
  63
7
  421
16777215
  470
LINEAR
  1001
ACAD
  1010
0
  1020
0
  1030
0
  0
LWPOLYLINE
  5
1666
  100
AcDbEntity
  8
Hole-Layer
  100
AcDbPolyline
  90
4
  70
0
  43
0
  10
36.790073556147114
  20
45.08009016064488
  42
1
  10
38.29007660415321
  20
45.080090160005994
  10
38.29007660415321
  20
45.08009015971576
  42
1
  10
36.790073556147114
  20
45.08009016035465
  0
HATCH
  5
1695
  100
AcDbEntity
  8
Hole-Layer
  100
AcDbHatch
  10
0
  20
0
  30
0
  210
0
  220
0
  230
1
  2
SOLID
  70
1
  71
0
  91
1
  92
7
  72
1
  73
1
  93
2
  10
59.20511838223677
  20
40.000080000160004
  42
1
  10
60.955121938243884
  20
40.000080000160004
  42
1
  97
1
  330
1694
  75
0
  76
1
  47
0.8681437583925616
  98
1
  10
3.629517071192367
  20
33.92795499968543
  450
0
  451
0
  460
0
  461
0
  452
1
  462
1
  453
2
  463
0
  63
5
  421
255
  463
1
  63
7
  421
16777215
  470
LINEAR
  1001
ACAD
  1010
0
  1020
0
  1030
0
  0
LWPOLYLINE
  5
1696
  100
AcDbEntity
  8
Hole-Layer
  100
AcDbPolyline
  90
2
  70
1
  43
0
  10
59.20511838223677
  20
40.000080000160004
  42
1
  10
60.955121938243884
  20
40.000080000160004
  42
1
  0
HATCH
  5
1725
  100
AcDbEntity
  8
Hole-Layer
  100
AcDbHatch
  10
0
  20
0
  30
0
  210
0
  220
0
  230
1
  2
SOLID
  70
1
  71
0
  91
1
  92
7
  72
1
  73
1
  93
2
  10
49.045098062196125
  20
40.000080000160004
  42
1
  10
50.79510161820324
  20
40.000080000160004
  42
1
  97
1
  330
1724
  75
0
  76
1
  47
0.8681437583925616
  98
1
  10
3.629517071192367
  20
33.92795499968543
  450
0
  451
0
  460
0
  461
0
  452
1
  462
1
  453
2
  463
0
  63
5
  421
255
  463
1
  63
7
  421
16777215
  470
LINEAR
  1001
ACAD
  1010
0
  1020
0
  1030
0
  0
LWPOLYLINE
  5
1726
  100
AcDbEntity
  8
Hole-Layer
  100
AcDbPolyline
  90
2
  70
1
  43
0
  10
49.045098062196125
  20
40.000080000160004
  42
1
  10
50.79510161820324
  20
40.000080000160004
  42
1
  0
HATCH
  5
1755
  100
AcDbEntity
  8
Hole-Layer
  100
AcDbHatch
  10
0
  20
0
  30
0
  210
0
  220
0
  230
1
  2
SOLID
  70
1
  71
0
  91
1
  92
7
  72
1
  73
1
  93
2
  10
53.00010606321213
  20
40.000080000160004
  42
1
  10
57.00011393722788
  20
40.000080000160004
  42
1
  97
1
  330
1754
  75
0
  76
1
  47
0.8681437583925616
  98
1
  10
3.629517071192367
  20
33.92795499968543
  450
0
  451
0
  460
0
  461
0
  452
1
  462
1
  453
2
  463
0
  63
5
  421
255
  463
1
  63
7
  421
16777215
  470
LINEAR
  1001
ACAD
  1010
0
  1020
0
  1030
0
  0
LWPOLYLINE
  5
1756
  100
AcDbEntity
  8
Hole-Layer
  100
AcDbPolyline
  90
2
  70
1
  43
0
  10
53.00010606321213
  20
40.000080000160004
  42
1
  10
57.00011393722788
  20
40.000080000160004
  42
1
  0
HATCH
  5
1785
  100
AcDbEntity
  8
Hole-Layer
  100
AcDbHatch
  10
0
  20
0
  30
0
  210
0
  220
0
  230
1
  2
SOLID
  70
1
  71
0
  91
1
  92
7
  72
1
  73
1
  93
2
  10
50.44010085620172
  20
42.540085080170165
  42
1
  10
51.94010390420781
  20
42.540085080170165
  42
1
  97
1
  330
1784
  75
0
  76
1
  47
0.8681437583925616
  98
1
  10
3.629517071192367
  20
33.92795499968543
  450
0
  451
0
  460
0
  461
0
  452
1
  462
1
  453
2
  463
0
  63
5
  421
255
  463
1
  63
7
  421
16777215
  470
LINEAR
  1001
ACAD
  1010
0
  1020
0
  1030
0
  0
LWPOLYLINE
  5
1786
  100
AcDbEntity
  8
Hole-Layer
  100
AcDbPolyline
  90
4
  70
0
  43
0
  10
50.44010085620172
  20
42.540085080634725
  42
1
  10
51.94010390420781
  20
42.54008507999584
  10
51.94010390420781
  20
42.54008507970561
  42
1
  10
50.44010085620172
  20
42.5400850803445
  0
HATCH
  5
1815
  100
AcDbEntity
  8
Hole-Layer
  100
AcDbHatch
  10
0
  20
0
  30
0
  210
0
  220
0
  230
1
  2
SOLID
  70
1
  71
0
  91
1
  92
7
  72
1
  73
1
  93
2
  10
56.79011355622712
  20
45.080090160180326
  42
1
  10
58.29011660423321
  20
45.080090160180326
  42
1
  97
1
  330
1814
  75
0
  76
1
  47
0.8681437583925616
  98
1
  10
3.629517071192367
  20
33.92795499968543
  450
0
  451
0
  460
0
  461
0
  452
1
  462
1
  453
2
  463
0
  63
5
  421
255
  463
1
  63
7
  421
16777215
  470
LINEAR
  1001
ACAD
  1010
0
  1020
0
  1030
0
  0
LWPOLYLINE
  5
1816
  100
AcDbEntity
  8
Hole-Layer
  100
AcDbPolyline
  90
4
  70
0
  43
0
  10
56.79011355622712
  20
45.080090160644886
  42
1
  10
58.29011660423321
  20
45.080090160006
  10
58.29011660423321
  20
45.080090159715766
  42
1
  10
56.79011355622712
  20
45.08009016035466
  0
HATCH
  5
1845
  100
AcDbEntity
  8
Hole-Layer
  100
AcDbHatch
  10
0
  20
0
  30
0
  210
0
  220
0
  230
1
  2
SOLID
  70
1
  71
0
  91
1
  92
7
  72
1
  73
1
  93
2
  10
59.205118382236776
  20
15.000030000060002
  42
1
  10
60.95512193824389
  20
15.000030000060002
  42
1
  97
1
  330
1844
  75
0
  76
1
  47
0.8681437583925616
  98
1
  10
3.629517071192367
  20
33.92795499968543
  450
0
  451
0
  460
0
  461
0
  452
1
  462
1
  453
2
  463
0
  63
5
  421
255
  463
1
  63
7
  421
16777215
  470
LINEAR
  1001
ACAD
  1010
0
  1020
0
  1030
0
  0
LWPOLYLINE
  5
1846
  100
AcDbEntity
  8
Hole-Layer
  100
AcDbPolyline
  90
2
  70
1
  43
0
  10
59.205118382236776
  20
15.000030000060002
  42
1
  10
60.95512193824389
  20
15.000030000060002
  42
1
  0
HATCH
  5
1875
  100
AcDbEntity
  8
Hole-Layer
  100
AcDbHatch
  10
0
  20
0
  30
0
  210
0
  220
0
  230
1
  2
SOLID
  70
1
  71
0
  91
1
  92
7
  72
1
  73
1
  93
2
  10
49.045098062196125
  20
15.000030000060002
  42
1
  10
50.79510161820324
  20
15.000030000060002
  42
1
  97
1
  330
1874
  75
0
  76
1
  47
0.8681437583925616
  98
1
  10
3.629517071192367
  20
33.92795499968543
  450
0
  451
0
  460
0
  461
0
  452
1
  462
1
  453
2
  463
0
  63
5
  421
255
  463
1
  63
7
  421
16777215
  470
LINEAR
  1001
ACAD
  1010
0
  1020
0
  1030
0
  0
LWPOLYLINE
  5
1876
  100
AcDbEntity
  8
Hole-Layer
  100
AcDbPolyline
  90
2
  70
1
  43
0
  10
49.045098062196125
  20
15.000030000060002
  42
1
  10
50.79510161820324
  20
15.000030000060002
  42
1
  0
HATCH
  5
1905
  100
AcDbEntity
  8
Hole-Layer
  100
AcDbHatch
  10
0
  20
0
  30
0
  210
0
  220
0
  230
1
  2
SOLID
  70
1
  71
0
  91
1
  92
7
  72
1
  73
1
  93
2
  10
53.00010606321213
  20
15.000030000060002
  42
1
  10
57.00011393722788
  20
15.000030000060002
  42
1
  97
1
  330
1904
  75
0
  76
1
  47
0.8681437583925616
  98
1
  10
3.629517071192367
  20
33.92795499968543
  450
0
  451
0
  460
0
  461
0
  452
1
  462
1
  453
2
  463
0
  63
5
  421
255
  463
1
  63
7
  421
16777215
  470
LINEAR
  1001
ACAD
  1010
0
  1020
0
  1030
0
  0
LWPOLYLINE
  5
1906
  100
AcDbEntity
  8
Hole-Layer
  100
AcDbPolyline
  90
2
  70
1
  43
0
  10
53.00010606321213
  20
15.000030000060002
  42
1
  10
57.00011393722788
  20
15.000030000060002
  42
1
  0
HATCH
  5
1935
  100
AcDbEntity
  8
Hole-Layer
  100
AcDbHatch
  10
0
  20
0
  30
0
  210
0
  220
0
  230
1
  2
SOLID
  70
1
  71
0
  91
1
  92
7
  72
1
  73
1
  93
2
  10
50.44010085620172
  20
17.54003508007016
  42
1
  10
51.94010390420781
  20
17.54003508007016
  42
1
  97
1
  330
1934
  75
0
  76
1
  47
0.8681437583925616
  98
1
  10
3.629517071192367
  20
33.92795499968543
  450
0
  451
0
  460
0
  461
0
  452
1
  462
1
  453
2
  463
0
  63
5
  421
255
  463
1
  63
7
  421
16777215
  470
LINEAR
  1001
ACAD
  1010
0
  1020
0
  1030
0
  0
LWPOLYLINE
  5
1936
  100
AcDbEntity
  8
Hole-Layer
  100
AcDbPolyline
  90
4
  70
0
  43
0
  10
50.44010085620172
  20
17.540035080534725
  42
1
  10
51.94010390420781
  20
17.540035079895834
  10
51.94010390420781
  20
17.5400350796056
  42
1
  10
50.44010085620172
  20
17.54003508024449
  0
HATCH
  5
1965
  100
AcDbEntity
  8
Hole-Layer
  100
AcDbHatch
  10
0
  20
0
  30
0
  210
0
  220
0
  230
1
  2
SOLID
  70
1
  71
0
  91
1
  92
7
  72
1
  73
1
  93
2
  10
56.790113556227126
  20
20.080040160080323
  42
1
  10
58.29011660423322
  20
20.080040160080323
  42
1
  97
1
  330
1964
  75
0
  76
1
  47
0.8681437583925616
  98
1
  10
3.629517071192367
  20
33.92795499968543
  450
0
  451
0
  460
0
  461
0
  452
1
  462
1
  453
2
  463
0
  63
5
  421
255
  463
1
  63
7
  421
16777215
  470
LINEAR
  1001
ACAD
  1010
0
  1020
0
  1030
0
  0
LWPOLYLINE
  5
1966
  100
AcDbEntity
  8
Hole-Layer
  100
AcDbPolyline
  90
4
  70
0
  43
0
  10
56.790113556227126
  20
20.080040160544886
  42
1
  10
58.29011660423322
  20
20.080040159905995
  10
58.29011660423322
  20
20.080040159615763
  42
1
  10
56.790113556227126
  20
20.08004016025465
  0
HATCH
  5
1995
  100
AcDbEntity
  8
Hole-Layer
  100
AcDbHatch
  10
0
  20
0
  30
0
  210
0
  220
0
  230
1
  2
SOLID
  70
1
  71
0
  91
1
  92
7
  72
1
  73
1
  93
2
  10
39.20507838215678
  20
15.000030000060002
  42
1
  10
40.95508193816389
  20
15.000030000060002
  42
1
  97
1
  330
1994
  75
0
  76
1
  47
0.8681437583925616
  98
1
  10
3.629517071192367
  20
33.92795499968543
  450
0
  451
0
  460
0
  461
0
  452
1
  462
1
  453
2
  463
0
  63
5
  421
255
  463
1
  63
7
  421
16777215
  470
LINEAR
  1001
ACAD
  1010
0
  1020
0
  1030
0
  0
LWPOLYLINE
  5
1996
  100
AcDbEntity
  8
Hole-Layer
  100
AcDbPolyline
  90
2
  70
1
  43
0
  10
39.20507838215678
  20
15.000030000060002
  42
1
  10
40.95508193816389
  20
15.000030000060002
  42
1
  0
HATCH
  5
2025
  100
AcDbEntity
  8
Hole-Layer
  100
AcDbHatch
  10
0
  20
0
  30
0
  210
0
  220
0
  230
1
  2
SOLID
  70
1
  71
0
  91
1
  92
7
  72
1
  73
1
  93
2
  10
29.045058062116127
  20
15.000030000060002
  42
1
  10
30.795061618123242
  20
15.000030000060002
  42
1
  97
1
  330
2024
  75
0
  76
1
  47
0.8681437583925616
  98
1
  10
3.629517071192367
  20
33.92795499968543
  450
0
  451
0
  460
0
  461
0
  452
1
  462
1
  453
2
  463
0
  63
5
  421
255
  463
1
  63
7
  421
16777215
  470
LINEAR
  1001
ACAD
  1010
0
  1020
0
  1030
0
  0
LWPOLYLINE
  5
2026
  100
AcDbEntity
  8
Hole-Layer
  100
AcDbPolyline
  90
4
  70
0
  43
0
  10
29.04505806211613
  20
15.000030000189591
  42
1
  10
30.79506161812324
  20
15.000030000189591
  10
30.79506161812324
  20
15.000029999930414
  42
1
  10
29.04505806211613
  20
15.000029999930414
  0
HATCH
  5
2055
  100
AcDbEntity
  8
Hole-Layer
  100
AcDbHatch
  10
0
  20
0
  30
0
  210
0
  220
0
  230
1
  2
SOLID
  70
1
  71
0
  91
1
  92
7
  72
1
  73
1
  93
2
  10
33.000066063132124
  20
15.000030000060002
  42
1
  10
37.000073937147874
  20
15.000030000060002
  42
1
  97
1
  330
2054
  75
0
  76
1
  47
0.8681437583925616
  98
1
  10
3.629517071192367
  20
33.92795499968543
  450
0
  451
0
  460
0
  461
0
  452
1
  462
1
  453
2
  463
0
  63
5
  421
255
  463
1
  63
7
  421
16777215
  470
LINEAR
  1001
ACAD
  1010
0
  1020
0
  1030
0
  0
LWPOLYLINE
  5
2056
  100
AcDbEntity
  8
Hole-Layer
  100
AcDbPolyline
  90
2
  70
1
  43
0
  10
33.000066063132124
  20
15.000030000060002
  42
1
  10
37.00007393714788
  20
15.000030000060002
  42
1
  0
HATCH
  5
2085
  100
AcDbEntity
  8
Hole-Layer
  100
AcDbHatch
  10
0
  20
0
  30
0
  210
0
  220
0
  230
1
  2
SOLID
  70
1
  71
0
  91
1
  92
7
  72
1
  73
1
  93
2
  10
30.44006085612172
  20
17.54003508007016
  42
1
  10
31.94006390412781
  20
17.54003508007016
  42
1
  97
1
  330
2084
  75
0
  76
1
  47
0.8681437583925616
  98
1
  10
3.629517071192367
  20
33.92795499968543
  450
0
  451
0
  460
0
  461
0
  452
1
  462
1
  453
2
  463
0
  63
5
  421
255
  463
1
  63
7
  421
16777215
  470
LINEAR
  1001
ACAD
  1010
0
  1020
0
  1030
0
  0
LWPOLYLINE
  5
2086
  100
AcDbEntity
  8
Hole-Layer
  100
AcDbPolyline
  90
4
  70
0
  43
0
  10
30.44006085612172
  20
17.540035080534725
  42
1
  10
31.94006390412781
  20
17.540035079895834
  10
31.94006390412781
  20
17.5400350796056
  42
1
  10
30.44006085612172
  20
17.54003508024449
  0
HATCH
  5
2115
  100
AcDbEntity
  8
Hole-Layer
  100
AcDbHatch
  10
0
  20
0
  30
0
  210
0
  220
0
  230
1
  2
SOLID
  70
1
  71
0
  91
1
  92
7
  72
1
  73
1
  93
2
  10
36.79007355614713
  20
20.080040160080323
  42
1
  10
38.29007660415322
  20
20.080040160080323
  42
1
  97
1
  330
2114
  75
0
  76
1
  47
0.8681437583925616
  98
1
  10
3.629517071192367
  20
33.92795499968543
  450
0
  451
0
  460
0
  461
0
  452
1
  462
1
  453
2
  463
0
  63
5
  421
255
  463
1
  63
7
  421
16777215
  470
LINEAR
  1001
ACAD
  1010
0
  1020
0
  1030
0
  0
LWPOLYLINE
  5
2116
  100
AcDbEntity
  8
Hole-Layer
  100
AcDbPolyline
  90
4
  70
0
  43
0
  10
36.79007355614713
  20
20.080040160544886
  42
1
  10
38.29007660415322
  20
20.080040159905995
  10
38.29007660415322
  20
20.080040159615763
  42
1
  10
36.79007355614713
  20
20.08004016025465
  0
HATCH
  5
2145
  100
AcDbEntity
  8
Hole-Layer
  100
AcDbHatch
  10
0
  20
0
  30
0
  210
0
  220
0
  230
1
  2
SOLID
  70
1
  71
0
  91
1
  92
7
  72
1
  73
1
  93
2
  10
19.205038382076765
  20
15.000030000060002
  42
1
  10
20.95504193808388
  20
15.000030000060002
  42
1
  97
1
  330
2144
  75
0
  76
1
  47
0.8681437583925616
  98
1
  10
3.629517071192367
  20
33.92795499968543
  450
0
  451
0
  460
0
  461
0
  452
1
  462
1
  453
2
  463
0
  63
5
  421
255
  463
1
  63
7
  421
16777215
  470
LINEAR
  1001
ACAD
  1010
0
  1020
0
  1030
0
  0
LWPOLYLINE
  5
2146
  100
AcDbEntity
  8
Hole-Layer
  100
AcDbPolyline
  90
4
  70
0
  43
0
  10
19.20503838207677
  20
15.000030000189591
  42
1
  10
20.955041938083877
  20
15.000030000189591
  10
20.955041938083877
  20
15.000029999930414
  42
1
  10
19.20503838207677
  20
15.000029999930414
  0
HATCH
  5
2175
  100
AcDbEntity
  8
Hole-Layer
  100
AcDbHatch
  10
0
  20
0
  30
0
  210
0
  220
0
  230
1
  2
SOLID
  70
1
  71
0
  91
1
  92
7
  72
1
  73
1
  93
2
  10
9.045018062036126
  20
15.000030000060002
  42
1
  10
10.795021618043238
  20
15.000030000060002
  42
1
  97
1
  330
2174
  75
0
  76
1
  47
0.8681437583925616
  98
1
  10
3.629517071192367
  20
33.92795499968543
  450
0
  451
0
  460
0
  461
0
  452
1
  462
1
  453
2
  463
0
  63
5
  421
255
  463
1
  63
7
  421
16777215
  470
LINEAR
  1001
ACAD
  1010
0
  1020
0
  1030
0
  0
LWPOLYLINE
  5
2176
  100
AcDbEntity
  8
Hole-Layer
  100
AcDbPolyline
  90
2
  70
1
  43
0
  10
9.045018062036126
  20
15.000030000060002
  42
1
  10
10.795021618043238
  20
15.000030000060002
  42
1
  0
HATCH
  5
2205
  100
AcDbEntity
  8
Hole-Layer
  100
AcDbHatch
  10
0
  20
0
  30
0
  210
0
  220
0
  230
1
  2
SOLID
  70
1
  71
0
  91
1
  92
7
  72
1
  73
1
  93
2
  10
13.000026063052129
  20
15.000030000060002
  42
1
  10
17.000033937067876
  20
15.000030000060002
  42
1
  97
1
  330
2204
  75
0
  76
1
  47
0.8681437583925616
  98
1
  10
3.629517071192367
  20
33.92795499968543
  450
0
  451
0
  460
0
  461
0
  452
1
  462
1
  453
2
  463
0
  63
5
  421
255
  463
1
  63
7
  421
16777215
  470
LINEAR
  1001
ACAD
  1010
0
  1020
0
  1030
0
  0
LWPOLYLINE
  5
2206
  100
AcDbEntity
  8
Hole-Layer
  100
AcDbPolyline
  90
4
  70
0
  43
0
  10
13.000026063052129
  20
15.000030001419498
  42
1
  10
17.000033937067876
  20
15.000030001419494
  10
17.000033937067876
  20
15.000029998700509
  42
1
  10
13.000026063052129
  20
15.000029998700509
  0
HATCH
  5
2235
  100
AcDbEntity
  8
Hole-Layer
  100
AcDbHatch
  10
0
  20
0
  30
0
  210
0
  220
0
  230
1
  2
SOLID
  70
1
  71
0
  91
1
  92
7
  72
1
  73
1
  93
2
  10
10.440020856041714
  20
17.54003508007016
  42
1
  10
11.94002390404781
  20
17.54003508007016
  42
1
  97
1
  330
2234
  75
0
  76
1
  47
0.8681437583925616
  98
1
  10
3.629517071192367
  20
33.92795499968543
  450
0
  451
0
  460
0
  461
0
  452
1
  462
1
  453
2
  463
0
  63
5
  421
255
  463
1
  63
7
  421
16777215
  470
LINEAR
  1001
ACAD
  1010
0
  1020
0
  1030
0
  0
LWPOLYLINE
  5
2236
  100
AcDbEntity
  8
Hole-Layer
  100
AcDbPolyline
  90
2
  70
1
  43
0
  10
10.440020856041714
  20
17.54003508007016
  42
1
  10
11.94002390404781
  20
17.54003508007016
  42
1
  0
HATCH
  5
2265
  100
AcDbEntity
  8
Hole-Layer
  100
AcDbHatch
  10
0
  20
0
  30
0
  210
0
  220
0
  230
1
  2
SOLID
  70
1
  71
0
  91
1
  92
7
  72
1
  73
1
  93
2
  10
16.790033556067115
  20
20.080040160080323
  42
1
  10
18.290036604073208
  20
20.080040160080323
  42
1
  97
1
  330
2264
  75
0
  76
1
  47
0.8681437583925616
  98
1
  10
3.629517071192367
  20
33.92795499968543
  450
0
  451
0
  460
0
  461
0
  452
1
  462
1
  453
2
  463
0
  63
5
  421
255
  463
1
  63
7
  421
16777215
  470
LINEAR
  1001
ACAD
  1010
0
  1020
0
  1030
0
  0
LWPOLYLINE
  5
2266
  100
AcDbEntity
  8
Hole-Layer
  100
AcDbPolyline
  90
4
  70
0
  43
0
  10
16.790033556067115
  20
20.080040160544886
  42
1
  10
18.290036604073208
  20
20.080040159905995
  10
18.290036604073208
  20
20.080040159615763
  42
1
  10
16.790033556067115
  20
20.08004016025465
  0
HATCH
  5
2313
  100
AcDbEntity
  8
Hole-Layer
  100
AcDbHatch
  10
0
  20
0
  30
0
  210
0
  220
0
  230
1
  2
SOLID
  70
1
  71
0
  91
1
  92
7
  72
1
  73
1
  93
2
  10
11.809885219770447
  20
32.62801625603252
  42
1
  10
13.109910619821246
  20
32.62801625603252
  42
1
  97
1
  330
2312
  75
0
  76
1
  47
0.8681437583925616
  98
1
  10
3.629517071192367
  20
33.92795499968543
  450
0
  451
0
  460
0
  461
0
  452
1
  462
1
  453
2
  463
0
  63
5
  421
255
  463
1
  63
7
  421
16777215
  470
LINEAR
  1001
ACAD
  1010
0
  1020
0
  1030
0
  0
LWPOLYLINE
  5
2314
  100
AcDbEntity
  8
Hole-Layer
  100
AcDbPolyline
  90
2
  70
1
  43
0
  10
11.809885219770447
  20
32.62801625603252
  42
1
  10
13.109910619821246
  20
32.62801625603252
  42
1
  0
HATCH
  5
2343
  100
AcDbEntity
  8
Hole-Layer
  100
AcDbHatch
  10
0
  20
0
  30
0
  210
0
  220
0
  230
1
  2
SOLID
  70
1
  71
0
  91
1
  92
7
  72
1
  73
1
  93
2
  10
14.349890299780606
  20
32.62801625603252
  42
1
  10
15.649915699831405
  20
32.62801625603252
  42
1
  97
1
  330
2342
  75
0
  76
1
  47
0.8681437583925616
  98
1
  10
3.629517071192367
  20
33.92795499968543
  450
0
  451
0
  460
0
  461
0
  452
1
  462
1
  453
2
  463
0
  63
5
  421
255
  463
1
  63
7
  421
16777215
  470
LINEAR
  1001
ACAD
  1010
0
  1020
0
  1030
0
  0
LWPOLYLINE
  5
2344
  100
AcDbEntity
  8
Hole-Layer
  100
AcDbPolyline
  90
2
  70
1
  43
0
  10
14.349890299780604
  20
32.62801625603252
  42
1
  10
15.649915699831405
  20
32.62801625603252
  42
1
  0
HATCH
  5
2373
  100
AcDbEntity
  8
Hole-Layer
  100
AcDbHatch
  10
0
  20
0
  30
0
  210
0
  220
0
  230
1
  2
SOLID
  70
1
  71
0
  91
1
  92
7
  72
1
  73
1
  93
2
  10
16.889895379790765
  20
32.62801625603252
  42
1
  10
18.189920779841565
  20
32.62801625603252
  42
1
  97
1
  330
2372
  75
0
  76
1
  47
0.8681437583925616
  98
1
  10
3.629517071192367
  20
33.92795499968543
  450
0
  451
0
  460
0
  461
0
  452
1
  462
1
  453
2
  463
0
  63
5
  421
255
  463
1
  63
7
  421
16777215
  470
LINEAR
  1001
ACAD
  1010
0
  1020
0
  1030
0
  0
LWPOLYLINE
  5
2374
  100
AcDbEntity
  8
Hole-Layer
  100
AcDbPolyline
  90
2
  70
1
  43
0
  10
16.889895379790765
  20
32.62801625603252
  42
1
  10
18.189920779841565
  20
32.62801625603252
  42
1
  0
HATCH
  5
2403
  100
AcDbEntity
  8
Hole-Layer
  100
AcDbHatch
  10
0
  20
0
  30
0
  210
0
  220
0
  230
1
  2
SOLID
  70
1
  71
0
  91
1
  92
7
  72
1
  73
1
  93
2
  10
11.809885219770447
  20
47.12814325628652
  42
1
  10
13.109910619821246
  20
47.12814325628652
  42
1
  97
1
  330
2402
  75
0
  76
1
  47
0.8681437583925616
  98
1
  10
3.629517071192367
  20
33.92795499968543
  450
0
  451
0
  460
0
  461
0
  452
1
  462
1
  453
2
  463
0
  63
5
  421
255
  463
1
  63
7
  421
16777215
  470
LINEAR
  1001
ACAD
  1010
0
  1020
0
  1030
0
  0
LWPOLYLINE
  5
2404
  100
AcDbEntity
  8
Hole-Layer
  100
AcDbPolyline
  90
2
  70
1
  43
0
  10
11.809885219770447
  20
47.12814325628652
  42
1
  10
13.109910619821246
  20
47.12814325628652
  42
1
  0
HATCH
  5
2433
  100
AcDbEntity
  8
Hole-Layer
  100
AcDbHatch
  10
0
  20
0
  30
0
  210
0
  220
0
  230
1
  2
SOLID
  70
1
  71
0
  91
1
  92
7
  72
1
  73
1
  93
2
  10
16.889895379790765
  20
47.12814325628652
  42
1
  10
18.189920779841565
  20
47.12814325628652
  42
1
  97
1
  330
2432
  75
0
  76
1
  47
0.8681437583925616
  98
1
  10
3.629517071192367
  20
33.92795499968543
  450
0
  451
0
  460
0
  461
0
  452
1
  462
1
  453
2
  463
0
  63
5
  421
255
  463
1
  63
7
  421
16777215
  470
LINEAR
  1001
ACAD
  1010
0
  1020
0
  1030
0
  0
LWPOLYLINE
  5
2434
  100
AcDbEntity
  8
Hole-Layer
  100
AcDbPolyline
  90
2
  70
1
  43
0
  10
16.889895379790765
  20
47.12814325628652
  42
1
  10
18.189920779841565
  20
47.12814325628652
  42
1
  0
HATCH
  5
2454
  100
AcDbEntity
  8
Hole-Layer
  100
AcDbHatch
  10
0
  20
0
  30
0
  210
0
  220
0
  230
1
  2
SOLID
  70
1
  71
0
  91
1
  92
7
  72
0
  73
1
  93
16
  10
21.249915699831405
  20
39.37815595631192
  10
21.175641093060324
  20
39.05273764163925
  10
20.967528269536373
  20
38.79177241518121
  10
20.666796526294753
  20
38.6469476405663
  10
20.333009473317254
  20
38.6469476405663
  10
20.032277730075634
  20
38.79177241518121
  10
19.824164906551683
  20
39.05273764163925
  10
19.749890299780606
  20
39.37815595631192
  10
19.749890299780606
  20
40.87813055626111
  10
19.824164906551683
  20
41.20354887093379
  10
20.032277730075634
  20
41.46451409739183
  10
20.333009473317254
  20
41.60933887200673
  10
20.666796526294753
  20
41.60933887200673
  10
20.967528269536373
  20
41.46451409739183
  10
21.175641093060324
  20
41.20354887093379
  10
21.249915699831405
  20
40.87813055626111
  97
1
  330
2453
  75
0
  76
1
  47
0.4128176842155181
  98
1
  10
34.90568961886538
  20
22.81183545379326
  450
0
  451
0
  460
0
  461
0
  452
1
  462
1
  453
2
  463
0
  63
5
  421
255
  463
1
  63
7
  421
16777215
  470
LINEAR
  1001
ACAD
  1010
0
  1020
0
  1030
0
  0
LWPOLYLINE
  5
2453
  100
AcDbEntity
  8
Hole-Layer
  100
AcDbPolyline
  90
16
  70
1
  43
0
  10
21.249915699831405
  20
39.37815595631192
  10
21.175641093060324
  20
39.05273764163925
  10
20.967528269536373
  20
38.79177241518121
  10
20.666796526294753
  20
38.6469476405663
  10
20.333009473317254
  20
38.6469476405663
  10
20.032277730075634
  20
38.79177241518121
  10
19.824164906551683
  20
39.05273764163925
  10
19.749890299780606
  20
39.37815595631192
  10
19.749890299780606
  20
40.87813055626111
  10
19.824164906551683
  20
41.20354887093379
  10
20.032277730075634
  20
41.46451409739183
  10
20.333009473317254
  20
41.60933887200673
  10
20.666796526294753
  20
41.60933887200673
  10
20.967528269536373
  20
41.46451409739183
  10
21.175641093060324
  20
41.20354887093379
  10
21.249915699831405
  20
40.87813055626111
  0
HATCH
  5
2474
  100
AcDbEntity
  8
Hole-Layer
  100
AcDbHatch
  10
0
  20
0
  30
0
  210
0
  220
0
  230
1
  2
SOLID
  70
1
  71
0
  91
1
  92
7
  72
0
  73
1
  93
16
  10
10.249915699831401
  20
39.37815595631192
  10
10.175641093060323
  20
39.05273764163925
  10
9.96752826953637
  20
38.79177241518121
  10
9.66679652629475
  20
38.6469476405663
  10
9.33300947331725
  20
38.6469476405663
  10
9.03227773007563
  20
38.79177241518121
  10
8.824164906551678
  20
39.05273764163925
  10
8.7498902997806
  20
39.37815595631192
  10
8.7498902997806
  20
40.87813055626111
  10
8.824164906551678
  20
41.20354887093379
  10
9.03227773007563
  20
41.46451409739183
  10
9.33300947331725
  20
41.60933887200673
  10
9.66679652629475
  20
41.60933887200673
  10
9.967528269536372
  20
41.46451409739183
  10
10.175641093060323
  20
41.20354887093379
  10
10.249915699831401
  20
40.87813055626111
  97
1
  330
2473
  75
0
  76
1
  47
0.4128176842155181
  98
1
  10
34.90568961886538
  20
22.81183545379326
  450
0
  451
0
  460
0
  461
0
  452
1
  462
1
  453
2
  463
0
  63
5
  421
255
  463
1
  63
7
  421
16777215
  470
LINEAR
  1001
ACAD
  1010
0
  1020
0
  1030
0
  0
LWPOLYLINE
  5
2473
  100
AcDbEntity
  8
Hole-Layer
  100
AcDbPolyline
  90
16
  70
1
  43
0
  10
10.249915699831401
  20
39.37815595631192
  10
10.175641093060323
  20
39.05273764163925
  10
9.96752826953637
  20
38.79177241518121
  10
9.66679652629475
  20
38.6469476405663
  10
9.33300947331725
  20
38.6469476405663
  10
9.03227773007563
  20
38.79177241518121
  10
8.824164906551678
  20
39.05273764163925
  10
8.7498902997806
  20
39.37815595631192
  10
8.7498902997806
  20
40.87813055626111
  10
8.824164906551678
  20
41.20354887093379
  10
9.03227773007563
  20
41.46451409739183
  10
9.33300947331725
  20
41.60933887200673
  10
9.66679652629475
  20
41.60933887200673
  10
9.967528269536372
  20
41.46451409739183
  10
10.175641093060323
  20
41.20354887093379
  10
10.249915699831401
  20
40.87813055626111
  0
HATCH
  5
2515
  100
AcDbEntity
  8
Hole-Layer
  100
AcDbHatch
  10
0
  20
0
  30
0
  210
0
  220
0
  230
1
  2
SOLID
  70
1
  71
0
  91
1
  92
7
  72
1
  73
1
  93
2
  10
79.20515838231678
  20
40.00008000016
  42
1
  10
80.95516193832388
  20
40.00008000016
  42
1
  97
1
  330
2514
  75
0
  76
1
  47
0.8681437583925616
  98
1
  10
3.629517071192367
  20
33.92795499968543
  450
0
  451
0
  460
0
  461
0
  452
1
  462
1
  453
2
  463
0
  63
5
  421
255
  463
1
  63
7
  421
16777215
  470
LINEAR
  1001
ACAD
  1010
0
  1020
0
  1030
0
  0
LWPOLYLINE
  5
2516
  100
AcDbEntity
  8
Hole-Layer
  100
AcDbPolyline
  90
2
  70
1
  43
0
  10
79.20515838231677
  20
40.00008000016
  42
1
  10
80.95516193832388
  20
40.00008000016
  42
1
  0
HATCH
  5
2545
  100
AcDbEntity
  8
Hole-Layer
  100
AcDbHatch
  10
0
  20
0
  30
0
  210
0
  220
0
  230
1
  2
SOLID
  70
1
  71
0
  91
1
  92
7
  72
1
  73
1
  93
2
  10
69.04513806227614
  20
40.00008000016
  42
1
  10
70.79514161828324
  20
40.00008000016
  42
1
  97
1
  330
2544
  75
0
  76
1
  47
0.8681437583925616
  98
1
  10
3.629517071192367
  20
33.92795499968543
  450
0
  451
0
  460
0
  461
0
  452
1
  462
1
  453
2
  463
0
  63
5
  421
255
  463
1
  63
7
  421
16777215
  470
LINEAR
  1001
ACAD
  1010
0
  1020
0
  1030
0
  0
LWPOLYLINE
  5
2546
  100
AcDbEntity
  8
Hole-Layer
  100
AcDbPolyline
  90
2
  70
1
  43
0
  10
69.04513806227612
  20
40.00008000016
  42
1
  10
70.79514161828324
  20
40.00008000016
  42
1
  0
HATCH
  5
2575
  100
AcDbEntity
  8
Hole-Layer
  100
AcDbHatch
  10
0
  20
0
  30
0
  210
0
  220
0
  230
1
  2
SOLID
  70
1
  71
0
  91
1
  92
7
  72
1
  73
1
  93
2
  10
73.00014606329214
  20
40.00008000016
  42
1
  10
77.00015393730789
  20
40.00008000016
  42
1
  97
1
  330
2574
  75
0
  76
1
  47
0.8681437583925616
  98
1
  10
3.629517071192367
  20
33.92795499968543
  450
0
  451
0
  460
0
  461
0
  452
1
  462
1
  453
2
  463
0
  63
5
  421
255
  463
1
  63
7
  421
16777215
  470
LINEAR
  1001
ACAD
  1010
0
  1020
0
  1030
0
  0
LWPOLYLINE
  5
2576
  100
AcDbEntity
  8
Hole-Layer
  100
AcDbPolyline
  90
4
  70
0
  43
0
  10
73.00014606329214
  20
40.00008000241295
  42
1
  10
77.00015393730789
  20
40.00007999719835
  10
77.00015393730789
  20
40.000079997907044
  42
1
  10
73.00014606329214
  20
40.000080003121646
  0
HATCH
  5
2605
  100
AcDbEntity
  8
Hole-Layer
  100
AcDbHatch
  10
0
  20
0
  30
0
  210
0
  220
0
  230
1
  2
SOLID
  70
1
  71
0
  91
1
  92
7
  72
1
  73
1
  93
2
  10
70.44014085628172
  20
42.54008508017016
  42
1
  10
71.94014390428782
  20
42.54008508017016
  42
1
  97
1
  330
2604
  75
0
  76
1
  47
0.8681437583925616
  98
1
  10
3.629517071192367
  20
33.92795499968543
  450
0
  451
0
  460
0
  461
0
  452
1
  462
1
  453
2
  463
0
  63
5
  421
255
  463
1
  63
7
  421
16777215
  470
LINEAR
  1001
ACAD
  1010
0
  1020
0
  1030
0
  0
LWPOLYLINE
  5
2606
  100
AcDbEntity
  8
Hole-Layer
  100
AcDbPolyline
  90
2
  70
1
  43
0
  10
70.44014085628172
  20
42.54008508017016
  42
1
  10
71.94014390428782
  20
42.54008508017016
  42
1
  0
HATCH
  5
2635
  100
AcDbEntity
  8
Hole-Layer
  100
AcDbHatch
  10
0
  20
0
  30
0
  210
0
  220
0
  230
1
  2
SOLID
  70
1
  71
0
  91
1
  92
7
  72
1
  73
1
  93
2
  10
76.79015355630712
  20
45.08009016018032
  42
1
  10
78.29015660431322
  20
45.08009016018032
  42
1
  97
1
  330
2634
  75
0
  76
1
  47
0.8681437583925616
  98
1
  10
3.629517071192367
  20
33.92795499968543
  450
0
  451
0
  460
0
  461
0
  452
1
  462
1
  453
2
  463
0
  63
5
  421
255
  463
1
  63
7
  421
16777215
  470
LINEAR
  1001
ACAD
  1010
0
  1020
0
  1030
0
  0
LWPOLYLINE
  5
2636
  100
AcDbEntity
  8
Hole-Layer
  100
AcDbPolyline
  90
2
  70
1
  43
0
  10
76.79015355630712
  20
45.08009016018032
  42
1
  10
78.29015660431322
  20
45.08009016018032
  42
1
  0
HATCH
  5
2665
  100
AcDbEntity
  8
Hole-Layer
  100
AcDbHatch
  10
0
  20
0
  30
0
  210
0
  220
0
  230
1
  2
SOLID
  70
1
  71
0
  91
1
  92
7
  72
1
  73
1
  93
2
  10
79.20515838231678
  20
15.000064999764941
  42
1
  10
80.95516193832388
  20
15.000064999764941
  42
1
  97
1
  330
2664
  75
0
  76
1
  47
0.8681437583925616
  98
1
  10
3.629517071192367
  20
33.92795499968543
  450
0
  451
0
  460
0
  461
0
  452
1
  462
1
  453
2
  463
0
  63
5
  421
255
  463
1
  63
7
  421
16777215
  470
LINEAR
  1001
ACAD
  1010
0
  1020
0
  1030
0
  0
LWPOLYLINE
  5
2666
  100
AcDbEntity
  8
Hole-Layer
  100
AcDbPolyline
  90
2
  70
1
  43
0
  10
79.20515838231677
  20
15.000064999764941
  42
1
  10
80.95516193832388
  20
15.000064999764941
  42
1
  0
HATCH
  5
2695
  100
AcDbEntity
  8
Hole-Layer
  100
AcDbHatch
  10
0
  20
0
  30
0
  210
0
  220
0
  230
1
  2
SOLID
  70
1
  71
0
  91
1
  92
7
  72
1
  73
1
  93
2
  10
69.04513806227614
  20
15.000064999764941
  42
1
  10
70.79514161828324
  20
15.000064999764941
  42
1
  97
1
  330
2694
  75
0
  76
1
  47
0.8681437583925616
  98
1
  10
3.629517071192367
  20
33.92795499968543
  450
0
  451
0
  460
0
  461
0
  452
1
  462
1
  453
2
  463
0
  63
5
  421
255
  463
1
  63
7
  421
16777215
  470
LINEAR
  1001
ACAD
  1010
0
  1020
0
  1030
0
  0
LWPOLYLINE
  5
2696
  100
AcDbEntity
  8
Hole-Layer
  100
AcDbPolyline
  90
2
  70
1
  43
0
  10
69.04513806227612
  20
15.000064999764941
  42
1
  10
70.79514161828324
  20
15.000064999764941
  42
1
  0
HATCH
  5
2725
  100
AcDbEntity
  8
Hole-Layer
  100
AcDbHatch
  10
0
  20
0
  30
0
  210
0
  220
0
  230
1
  2
SOLID
  70
1
  71
0
  91
1
  92
7
  72
1
  73
1
  93
2
  10
73.00014606329214
  20
15.000064999764941
  42
1
  10
77.00015393730789
  20
15.000064999764941
  42
1
  97
1
  330
2724
  75
0
  76
1
  47
0.8681437583925616
  98
1
  10
3.629517071192367
  20
33.92795499968543
  450
0
  451
0
  460
0
  461
0
  452
1
  462
1
  453
2
  463
0
  63
5
  421
255
  463
1
  63
7
  421
16777215
  470
LINEAR
  1001
ACAD
  1010
0
  1020
0
  1030
0
  0
LWPOLYLINE
  5
2726
  100
AcDbEntity
  8
Hole-Layer
  100
AcDbPolyline
  90
4
  70
0
  43
0
  10
73.00014606329214
  20
15.000065002017887
  42
1
  10
77.00015393730789
  20
15.000064996803285
  10
77.00015393730789
  20
15.000064997511993
  42
1
  10
73.00014606329214
  20
15.000065002726593
  0
HATCH
  5
2755
  100
AcDbEntity
  8
Hole-Layer
  100
AcDbHatch
  10
0
  20
0
  30
0
  210
0
  220
0
  230
1
  2
SOLID
  70
1
  71
0
  91
1
  92
7
  72
1
  73
1
  93
2
  10
70.44014085628172
  20
17.5400700797751
  42
1
  10
71.94014390428782
  20
17.5400700797751
  42
1
  97
1
  330
2754
  75
0
  76
1
  47
0.8681437583925616
  98
1
  10
3.629517071192367
  20
33.92795499968543
  450
0
  451
0
  460
0
  461
0
  452
1
  462
1
  453
2
  463
0
  63
5
  421
255
  463
1
  63
7
  421
16777215
  470
LINEAR
  1001
ACAD
  1010
0
  1020
0
  1030
0
  0
LWPOLYLINE
  5
2756
  100
AcDbEntity
  8
Hole-Layer
  100
AcDbPolyline
  90
2
  70
1
  43
0
  10
70.44014085628172
  20
17.5400700797751
  42
1
  10
71.94014390428782
  20
17.5400700797751
  42
1
  0
HATCH
  5
2785
  100
AcDbEntity
  8
Hole-Layer
  100
AcDbHatch
  10
0
  20
0
  30
0
  210
0
  220
0
  230
1
  2
SOLID
  70
1
  71
0
  91
1
  92
7
  72
1
  73
1
  93
2
  10
76.79015355630712
  20
20.08007515978526
  42
1
  10
78.29015660431322
  20
20.08007515978526
  42
1
  97
1
  330
2784
  75
0
  76
1
  47
0.8681437583925616
  98
1
  10
3.629517071192367
  20
33.92795499968543
  450
0
  451
0
  460
0
  461
0
  452
1
  462
1
  453
2
  463
0
  63
5
  421
255
  463
1
  63
7
  421
16777215
  470
LINEAR
  1001
ACAD
  1010
0
  1020
0
  1030
0
  0
LWPOLYLINE
  5
2786
  100
AcDbEntity
  8
Hole-Layer
  100
AcDbPolyline
  90
2
  70
1
  43
0
  10
76.79015355630712
  20
20.08007515978526
  42
1
  10
78.29015660431322
  20
20.08007515978526
  42
1
  0
HATCH
  5
2815
  100
AcDbEntity
  8
Hole-Layer
  100
AcDbHatch
  10
0
  20
0
  30
0
  210
0
  220
0
  230
1
  2
SOLID
  70
1
  71
0
  91
1
  92
7
  72
1
  73
1
  93
2
  10
85.4025502905558
  20
60.43662087324176
  42
1
  10
86.31695211935944
  20
60.43662087324176
  42
1
  97
1
  330
2814
  75
0
  76
1
  47
0.8681437583925616
  98
1
  10
3.629517071192367
  20
33.92795499968543
  450
0
  451
0
  460
0
  461
0
  452
1
  462
1
  453
2
  463
0
  63
5
  421
255
  463
1
  63
7
  421
16777215
  470
LINEAR
  1001
ACAD
  1010
0
  1020
0
  1030
0
  0
LWPOLYLINE
  5
2816
  100
AcDbEntity
  8
Hole-Layer
  100
AcDbPolyline
  90
2
  70
1
  43
0
  10
85.40255029055578
  20
60.43662087324176
  42
1
  10
86.31695211935944
  20
60.43662087324176
  42
1
  0
HATCH
  5
2845
  100
AcDbEntity
  8
Hole-Layer
  100
AcDbHatch
  10
0
  20
0
  30
0
  210
0
  220
0
  230
1
  2
SOLID
  70
1
  71
0
  91
1
  92
7
  72
1
  73
1
  93
2
  10
24.542849085698172
  20
59.00011800023601
  42
1
  10
25.457250914501827
  20
59.00011800023601
  42
1
  97
1
  330
2844
  75
0
  76
1
  47
0.8681437583925616
  98
1
  10
3.629517071192367
  20
33.92795499968543
  450
0
  451
0
  460
0
  461
0
  452
1
  462
1
  453
2
  463
0
  63
5
  421
255
  463
1
  63
7
  421
16777215
  470
LINEAR
  1001
ACAD
  1010
0
  1020
0
  1030
0
  0
LWPOLYLINE
  5
2846
  100
AcDbEntity
  8
Hole-Layer
  100
AcDbPolyline
  90
4
  70
0
  43
0
  10
24.542849085698172
  20
59.00011800134234
  42
1
  10
25.457250914501827
  20
59.00011799955294
  10
25.457250914501827
  20
59.00011799912968
  42
1
  10
24.542849085698172
  20
59.00011800091907
  0
LWPOLYLINE
  5
2848
  100
AcDbEntity
  8
Hole-Layer
  100
AcDbPolyline
  90
2
  70
1
  43
0
  10
85.70725183995889
  20
60.43662087324176
  42
1
  10
86.01225056995634
  20
60.43662087324176
  42
1
  0
LWPOLYLINE
  5
1085
  100
AcDbEntity
  8
User.1
  100
AcDbPolyline
  90
2
  70
0
  43
0.10000025400050801
  10
44.5250890501781
  20
30.4750609501219
  10
44.5250890501781
  20
49.5250990501981
  0
LWPOLYLINE
  5
1086
  100
AcDbEntity
  8
User.1
  100
AcDbPolyline
  90
2
  70
0
  43
0.10000025400050801
  10
25.475050950101902
  20
30.4750609501219
  10
44.5250890501781
  20
30.4750609501219
  0
LWPOLYLINE
  5
1087
  100
AcDbEntity
  8
User.1
  100
AcDbPolyline
  90
2
  70
0
  43
0.10000025400050801
  10
25.475050950101902
  20
49.5250990501981
  10
25.475050950101902
  20
30.4750609501219
  0
LWPOLYLINE
  5
1088
  100
AcDbEntity
  8
User.1
  100
AcDbPolyline
  90
2
  70
0
  43
0.10000025400050801
  10
44.5250890501781
  20
49.5250990501981
  10
25.475050950101902
  20
49.5250990501981
  0
LWPOLYLINE
  5
1105
  100
AcDbEntity
  8
User.1
  100
AcDbPolyline
  90
2
  70
0
  43
0.10000025400050801
  10
64.5251290502581
  20
30.475060950121904
  10
64.5251290502581
  20
49.52509905019811
  0
LWPOLYLINE
  5
1106
  100
AcDbEntity
  8
User.1
  100
AcDbPolyline
  90
2
  70
0
  43
0.10000025400050801
  10
45.4750909501819
  20
30.475060950121904
  10
64.5251290502581
  20
30.475060950121904
  0
LWPOLYLINE
  5
1107
  100
AcDbEntity
  8
User.1
  100
AcDbPolyline
  90
2
  70
0
  43
0.10000025400050801
  10
45.4750909501819
  20
49.52509905019811
  10
45.4750909501819
  20
30.475060950121904
  0
LWPOLYLINE
  5
1108
  100
AcDbEntity
  8
User.1
  100
AcDbPolyline
  90
2
  70
0
  43
0.10000025400050801
  10
64.5251290502581
  20
49.52509905019811
  10
45.4750909501819
  20
49.52509905019811
  0
LWPOLYLINE
  5
1125
  100
AcDbEntity
  8
User.1
  100
AcDbPolyline
  90
2
  70
0
  43
0.10000025400050801
  10
64.52512905025812
  20
5.4750109500219
  10
64.52512905025812
  20
24.525049050098104
  0
LWPOLYLINE
  5
1126
  100
AcDbEntity
  8
User.1
  100
AcDbPolyline
  90
2
  70
0
  43
0.10000025400050801
  10
45.4750909501819
  20
5.4750109500219
  10
64.52512905025812
  20
5.4750109500219
  0
LWPOLYLINE
  5
1127
  100
AcDbEntity
  8
User.1
  100
AcDbPolyline
  90
2
  70
0
  43
0.10000025400050801
  10
45.4750909501819
  20
24.525049050098104
  10
45.4750909501819
  20
5.4750109500219
  0
LWPOLYLINE
  5
1128
  100
AcDbEntity
  8
User.1
  100
AcDbPolyline
  90
2
  70
0
  43
0.10000025400050801
  10
64.52512905025812
  20
24.525049050098104
  10
45.4750909501819
  20
24.525049050098104
  0
LWPOLYLINE
  5
1145
  100
AcDbEntity
  8
User.1
  100
AcDbPolyline
  90
2
  70
0
  43
0.10000025400050801
  10
44.52508905017812
  20
5.4750109500219
  10
44.52508905017812
  20
24.525049050098104
  0
LWPOLYLINE
  5
1146
  100
AcDbEntity
  8
User.1
  100
AcDbPolyline
  90
2
  70
0
  43
0.10000025400050801
  10
25.475050950101906
  20
5.4750109500219
  10
44.52508905017812
  20
5.4750109500219
  0
LWPOLYLINE
  5
1147
  100
AcDbEntity
  8
User.1
  100
AcDbPolyline
  90
2
  70
0
  43
0.10000025400050801
  10
25.475050950101906
  20
24.525049050098104
  10
25.475050950101906
  20
5.4750109500219
  0
LWPOLYLINE
  5
1148
  100
AcDbEntity
  8
User.1
  100
AcDbPolyline
  90
2
  70
0
  43
0.10000025400050801
  10
44.52508905017812
  20
24.525049050098104
  10
25.475050950101906
  20
24.525049050098104
  0
LWPOLYLINE
  5
1165
  100
AcDbEntity
  8
User.1
  100
AcDbPolyline
  90
2
  70
0
  43
0.10000025400050801
  10
24.525049050098104
  20
5.475010950021901
  10
24.525049050098104
  20
24.525049050098104
  0
LWPOLYLINE
  5
1166
  100
AcDbEntity
  8
User.1
  100
AcDbPolyline
  90
2
  70
0
  43
0.10000025400050801
  10
5.475010950021902
  20
5.475010950021901
  10
24.525049050098104
  20
5.475010950021901
  0
LWPOLYLINE
  5
1167
  100
AcDbEntity
  8
User.1
  100
AcDbPolyline
  90
2
  70
0
  43
0.10000025400050801
  10
5.475010950021902
  20
24.525049050098104
  10
5.475010950021902
  20
5.475010950021901
  0
LWPOLYLINE
  5
1168
  100
AcDbEntity
  8
User.1
  100
AcDbPolyline
  90
2
  70
0
  43
0.10000025400050801
  10
24.525049050098104
  20
24.525049050098104
  10
5.475010950021902
  20
24.525049050098104
  0
LWPOLYLINE
  5
1221
  100
AcDbEntity
  8
User.1
  100
AcDbPolyline
  90
2
  70
0
  43
0.10000025400050801
  10
84.5251690503381
  20
30.4750609501219
  10
84.5251690503381
  20
49.5250990501981
  0
LWPOLYLINE
  5
1222
  100
AcDbEntity
  8
User.1
  100
AcDbPolyline
  90
2
  70
0
  43
0.10000025400050801
  10
65.47513095026191
  20
30.4750609501219
  10
84.5251690503381
  20
30.4750609501219
  0
LWPOLYLINE
  5
1223
  100
AcDbEntity
  8
User.1
  100
AcDbPolyline
  90
2
  70
0
  43
0.10000025400050801
  10
65.47513095026191
  20
49.5250990501981
  10
65.47513095026191
  20
30.4750609501219
  0
LWPOLYLINE
  5
1224
  100
AcDbEntity
  8
User.1
  100
AcDbPolyline
  90
2
  70
0
  43
0.10000025400050801
  10
84.5251690503381
  20
49.5250990501981
  10
65.47513095026191
  20
49.5250990501981
  0
LWPOLYLINE
  5
1241
  100
AcDbEntity
  8
User.1
  100
AcDbPolyline
  90
2
  70
0
  43
0.10000025400050801
  10
84.5251690503381
  20
5.475045949726839
  10
84.5251690503381
  20
24.52508404980304
  0
LWPOLYLINE
  5
1242
  100
AcDbEntity
  8
User.1
  100
AcDbPolyline
  90
2
  70
0
  43
0.10000025400050801
  10
65.47513095026191
  20
5.475045949726839
  10
84.5251690503381
  20
5.475045949726839
  0
LWPOLYLINE
  5
1243
  100
AcDbEntity
  8
User.1
  100
AcDbPolyline
  90
2
  70
0
  43
0.10000025400050801
  10
65.47513095026191
  20
24.52508404980304
  10
65.47513095026191
  20
5.475045949726839
  0
LWPOLYLINE
  5
1244
  100
AcDbEntity
  8
User.1
  100
AcDbPolyline
  90
2
  70
0
  43
0.10000025400050801
  10
84.5251690503381
  20
24.52508404980304
  10
65.47513095026191
  20
24.52508404980304
  0
LWPOLYLINE
  5
2876
  100
AcDbEntity
  8
User.1
  100
AcDbPolyline
  90
2
  70
0
  43
0.10000025400050801
  10
44.5250890501781
  20
30.4750609501219
  10
44.5250890501781
  20
49.5250990501981
  0
LWPOLYLINE
  5
2877
  100
AcDbEntity
  8
User.1
  100
AcDbPolyline
  90
2
  70
0
  43
0.10000025400050801
  10
25.475050950101902
  20
30.4750609501219
  10
44.5250890501781
  20
30.4750609501219
  0
LWPOLYLINE
  5
2878
  100
AcDbEntity
  8
User.1
  100
AcDbPolyline
  90
2
  70
0
  43
0.10000025400050801
  10
25.475050950101902
  20
49.5250990501981
  10
25.475050950101902
  20
30.4750609501219
  0
LWPOLYLINE
  5
2879
  100
AcDbEntity
  8
User.1
  100
AcDbPolyline
  90
2
  70
0
  43
0.10000025400050801
  10
44.5250890501781
  20
49.5250990501981
  10
25.475050950101902
  20
49.5250990501981
  0
LWPOLYLINE
  5
2896
  100
AcDbEntity
  8
User.1
  100
AcDbPolyline
  90
2
  70
0
  43
0.10000025400050801
  10
64.5251290502581
  20
30.475060950121904
  10
64.5251290502581
  20
49.52509905019811
  0
LWPOLYLINE
  5
2897
  100
AcDbEntity
  8
User.1
  100
AcDbPolyline
  90
2
  70
0
  43
0.10000025400050801
  10
45.4750909501819
  20
30.475060950121904
  10
64.5251290502581
  20
30.475060950121904
  0
LWPOLYLINE
  5
2898
  100
AcDbEntity
  8
User.1
  100
AcDbPolyline
  90
2
  70
0
  43
0.10000025400050801
  10
45.4750909501819
  20
49.52509905019811
  10
45.4750909501819
  20
30.475060950121904
  0
LWPOLYLINE
  5
2899
  100
AcDbEntity
  8
User.1
  100
AcDbPolyline
  90
2
  70
0
  43
0.10000025400050801
  10
64.5251290502581
  20
49.52509905019811
  10
45.4750909501819
  20
49.52509905019811
  0
LWPOLYLINE
  5
2916
  100
AcDbEntity
  8
User.1
  100
AcDbPolyline
  90
2
  70
0
  43
0.10000025400050801
  10
64.52512905025812
  20
5.4750109500219
  10
64.52512905025812
  20
24.525049050098104
  0
LWPOLYLINE
  5
2917
  100
AcDbEntity
  8
User.1
  100
AcDbPolyline
  90
2
  70
0
  43
0.10000025400050801
  10
45.4750909501819
  20
5.4750109500219
  10
64.52512905025812
  20
5.4750109500219
  0
LWPOLYLINE
  5
2918
  100
AcDbEntity
  8
User.1
  100
AcDbPolyline
  90
2
  70
0
  43
0.10000025400050801
  10
45.4750909501819
  20
24.525049050098104
  10
45.4750909501819
  20
5.4750109500219
  0
LWPOLYLINE
  5
2919
  100
AcDbEntity
  8
User.1
  100
AcDbPolyline
  90
2
  70
0
  43
0.10000025400050801
  10
64.52512905025812
  20
24.525049050098104
  10
45.4750909501819
  20
24.525049050098104
  0
LWPOLYLINE
  5
2936
  100
AcDbEntity
  8
User.1
  100
AcDbPolyline
  90
2
  70
0
  43
0.10000025400050801
  10
44.52508905017812
  20
5.4750109500219
  10
44.52508905017812
  20
24.525049050098104
  0
LWPOLYLINE
  5
2937
  100
AcDbEntity
  8
User.1
  100
AcDbPolyline
  90
2
  70
0
  43
0.10000025400050801
  10
25.475050950101906
  20
5.4750109500219
  10
44.52508905017812
  20
5.4750109500219
  0
LWPOLYLINE
  5
2938
  100
AcDbEntity
  8
User.1
  100
AcDbPolyline
  90
2
  70
0
  43
0.10000025400050801
  10
25.475050950101906
  20
24.525049050098104
  10
25.475050950101906
  20
5.4750109500219
  0
LWPOLYLINE
  5
2939
  100
AcDbEntity
  8
User.1
  100
AcDbPolyline
  90
2
  70
0
  43
0.10000025400050801
  10
44.52508905017812
  20
24.525049050098104
  10
25.475050950101906
  20
24.525049050098104
  0
LWPOLYLINE
  5
2956
  100
AcDbEntity
  8
User.1
  100
AcDbPolyline
  90
2
  70
0
  43
0.10000025400050801
  10
24.525049050098104
  20
5.475010950021901
  10
24.525049050098104
  20
24.525049050098104
  0
LWPOLYLINE
  5
2957
  100
AcDbEntity
  8
User.1
  100
AcDbPolyline
  90
2
  70
0
  43
0.10000025400050801
  10
5.475010950021902
  20
5.475010950021901
  10
24.525049050098104
  20
5.475010950021901
  0
LWPOLYLINE
  5
2958
  100
AcDbEntity
  8
User.1
  100
AcDbPolyline
  90
2
  70
0
  43
0.10000025400050801
  10
5.475010950021902
  20
24.525049050098104
  10
5.475010950021902
  20
5.475010950021901
  0
LWPOLYLINE
  5
2959
  100
AcDbEntity
  8
User.1
  100
AcDbPolyline
  90
2
  70
0
  43
0.10000025400050801
  10
24.525049050098104
  20
24.525049050098104
  10
5.475010950021902
  20
24.525049050098104
  0
LWPOLYLINE
  5
3023
  100
AcDbEntity
  8
User.1
  100
AcDbPolyline
  90
2
  70
0
  43
0.10000025400050801
  10
84.5251690503381
  20
30.4750609501219
  10
84.5251690503381
  20
49.5250990501981
  0
LWPOLYLINE
  5
3024
  100
AcDbEntity
  8
User.1
  100
AcDbPolyline
  90
2
  70
0
  43
0.10000025400050801
  10
65.47513095026191
  20
30.4750609501219
  10
84.5251690503381
  20
30.4750609501219
  0
LWPOLYLINE
  5
3025
  100
AcDbEntity
  8
User.1
  100
AcDbPolyline
  90
2
  70
0
  43
0.10000025400050801
  10
65.47513095026191
  20
49.5250990501981
  10
65.47513095026191
  20
30.4750609501219
  0
LWPOLYLINE
  5
3026
  100
AcDbEntity
  8
User.1
  100
AcDbPolyline
  90
2
  70
0
  43
0.10000025400050801
  10
84.5251690503381
  20
49.5250990501981
  10
65.47513095026191
  20
49.5250990501981
  0
LWPOLYLINE
  5
3043
  100
AcDbEntity
  8
User.1
  100
AcDbPolyline
  90
2
  70
0
  43
0.10000025400050801
  10
84.5251690503381
  20
5.475045949726839
  10
84.5251690503381
  20
24.52508404980304
  0
LWPOLYLINE
  5
3044
  100
AcDbEntity
  8
User.1
  100
AcDbPolyline
  90
2
  70
0
  43
0.10000025400050801
  10
65.47513095026191
  20
5.475045949726839
  10
84.5251690503381
  20
5.475045949726839
  0
LWPOLYLINE
  5
3045
  100
AcDbEntity
  8
User.1
  100
AcDbPolyline
  90
2
  70
0
  43
0.10000025400050801
  10
65.47513095026191
  20
24.52508404980304
  10
65.47513095026191
  20
5.475045949726839
  0
LWPOLYLINE
  5
3046
  100
AcDbEntity
  8
User.1
  100
AcDbPolyline
  90
2
  70
0
  43
0.10000025400050801
  10
84.5251690503381
  20
24.52508404980304
  10
65.47513095026191
  20
24.52508404980304
  0
ENDSEC
  0
SECTION
  2
OBJECTS
  0
DICTIONARY
  5
C
  330
0
  100
AcDbDictionary
  281
1
  3
ACAD_CIP_PREVIOUS_PRODUCT_INFO
  350
1A2
  3
ACAD_COLOR
  350
6C
  3
ACAD_DETAILVIEWSTYLE
  350
1A8
  3
ACAD_GROUP
  350
D
  3
ACAD_LAYOUT
  350
1A
  3
ACAD_MATERIAL
  350
6B
  3
ACAD_MLEADERSTYLE
  350
D2
  3
ACAD_MLINESTYLE
  350
17
  3
ACAD_PLOTSETTINGS
  350
19
  3
ACAD_PLOTSTYLENAME
  350
E
  3
ACAD_SCALELIST
  350
B1
  3
ACAD_SECTIONVIEWSTYLE
  350
1A5
  3
ACAD_TABLESTYLE
  350
A6
  3
ACAD_VISUALSTYLE
  350
95
  3
ACDB_RECOMPOSE_DATA
  350
301
  3
AcDbVariableDictionary
  350
59
  3
AcDsDecomposeData
  350
307
  0
DICTIONARY
  5
18B
  330
2
  100
AcDbDictionary
  280
1
  281
1
  3
ACAD_LAYERSTATES
  360
18C
  0
DICTIONARY
  5
E1
  330
10
  100
AcDbDictionary
  280
1
  281
1
  0
DICTIONARY
  5
15A
  330
1F
  100
AcDbDictionary
  280
1
  281
1
  0
XRECORD
  5
1A2
  102
{ACAD_REACTORS
  330
C
  102
}
  330
C
  100
AcDbXrecord
  280
1
  300
ACD
  300
2021
  300

  0
DICTIONARY
  5
6C
  102
{ACAD_REACTORS
  330
C
  102
}
  330
C
  100
AcDbDictionary
  281
1
  0
DICTIONARY
  5
1A8
  102
{ACAD_REACTORS
  330
C
  102
}
  330
C
  100
AcDbDictionary
  281
1
  3
Imperial24
  350
1A9
  0
DICTIONARY
  5
D
  102
{ACAD_REACTORS
  330
C
  102
}
  330
C
  100
AcDbDictionary
  281
1
  0
DICTIONARY
  5
1A
  102
{ACAD_REACTORS
  330
C
  102
}
  330
C
  100
AcDbDictionary
  281
1
  3
Model
  350
22
  3
布局1
  350
74
  3
布局2
  350
79
  0
DICTIONARY
  5
6B
  102
{ACAD_REACTORS
  330
C
  102
}
  330
C
  100
AcDbDictionary
  281
1
  3
ByBlock
  350
93
  3
ByLayer
  350
92
  3
Global
  350
94
  0
DICTIONARY
  5
D2
  102
{ACAD_REACTORS
  330
C
  102
}
  330
C
  100
AcDbDictionary
  281
1
  3
Annotative
  350
E0
  3
Standard
  350
D3
  0
DICTIONARY
  5
17
  102
{ACAD_REACTORS
  330
C
  102
}
  330
C
  100
AcDbDictionary
  281
1
  3
Standard
  350
18
  0
DICTIONARY
  5
19
  102
{ACAD_REACTORS
  330
C
  102
}
  330
C
  100
AcDbDictionary
  281
1
  0
ACDBDICTIONARYWDFLT
  5
E
  102
{ACAD_REACTORS
  330
C
  102
}
  330
C
  100
AcDbDictionary
  281
1
  3
Normal
  350
F
  100
AcDbDictionaryWithDefault
  340
F
  0
DICTIONARY
  5
B1
  102
{ACAD_REACTORS
  330
C
  102
}
  330
C
  100
AcDbDictionary
  281
1
  3
A0
  350
B2
  3
A1
  350
124
  3
A2
  350
125
  3
A3
  350
126
  3
A4
  350
127
  3
A5
  350
128
  3
A6
  350
129
  3
A7
  350
12A
  3
A8
  350
12B
  3
A9
  350
12C
  3
B0
  350
12D
  3
B1
  350
12E
  3
B2
  350
12F
  3
B3
  350
130
  3
B4
  350
131
  3
B5
  350
132
  3
B6
  350
133
  3
B7
  350
134
  3
B8
  350
135
  3
B9
  350
136
  3
C0
  350
137
  3
C1
  350
138
  3
C2
  350
139
  3
C3
  350
13A
  3
C4
  350
13B
  3
C5
  350
13C
  3
C6
  350
13D
  3
C7
  350
13E
  3
C8
  350
13F
  3
C9
  350
140
  3
D0
  350
141
  3
D1
  350
142
  3
D2
  350
143
  0
DICTIONARY
  5
1A5
  102
{ACAD_REACTORS
  330
C
  102
}
  330
C
  100
AcDbDictionary
  281
1
  3
Imperial24
  350
1A7
  0
DICTIONARY
  5
A6
  102
{ACAD_REACTORS
  330
C
  102
}
  330
C
  100
AcDbDictionary
  281
1
  3
Standard
  350
A7
  0
DICTIONARY
  5
95
  102
{ACAD_REACTORS
  330
C
  102
}
  330
C
  100
AcDbDictionary
  281
1
  3
2dWireframe
  350
9B
  3
Basic
  350
9A
  3
Brighten
  350
A1
  3
ColorChange
  350
A5
  3
Conceptual
  350
9E
  3
Dim
  350
A0
  3
EdgeColorOff
  350
172
  3
Facepattern
  350
A4
  3
Flat
  350
96
  3
FlatWithEdges
  350
97
  3
Gouraud
  350
98
  3
GouraudWithEdges
  350
99
  3
Hidden
  350
9D
  3
JitterOff
  350
170
  3
Linepattern
  350
A3
  3
OverhangOff
  350
171
  3
Realistic
  350
9F
  3
Shaded
  350
17F
  3
Shaded with edges
  350
17E
  3
Shades of Gray
  350
17B
  3
Sketchy
  350
17C
  3
Thicken
  350
A2
  3
Wireframe
  350
9C
  3
X-Ray
  350
17D
  0
XRECORD
  5
301
  102
{ACAD_REACTORS
  330
C
  102
}
  330
C
  100
AcDbXrecord
  280
1
  90
1
  330
A7
  0
DICTIONARY
  5
59
  102
{ACAD_REACTORS
  330
C
  102
}
  330
C
  100
AcDbDictionary
  281
1
  3
CAMERAHEIGHT
  350
227
  3
CANNOSCALE
  350
EB
  3
CMLEADERSTYLE
  350
EA
  3
CTABLESTYLE
  350
AB
  3
CVIEWDETAILSTYLE
  350
1B4
  3
CVIEWSECTIONSTYLE
  350
1B5
  3
DIMASSOC
  350
5A
  3
HIDETEXT
  350
5E
  3
INDEXCTL
  350
226
  3
LAYEREVAL
  350
14A
  3
LAYERNOTIFY
  350
14B
  3
LIGHTINGUNITS
  350
224
  3
MSLTSCALE
  350
223
  3
SORTENTS
  350
225
  3
XCLIPFRAME
  350
228
  0
DICTIONARY
  5
307
  102
{ACAD_REACTORS
  330
C
  102
}
  330
C
  100
AcDbDictionary
  281
1
  3
AcDsRecords
  350
309
  3
AcDsSchemas
  350
308
  1001
ACAD
  1070
2
  0
DICTIONARY
  5
18C
  102
{ACAD_REACTORS
  330
18B
  102
}
  330
18B
  100
AcDbDictionary
  281
1
  0
ACDBDETAILVIEWSTYLE
  5
1A9
  102
{ACAD_XDICTIONARY
  360
33C
  102
}
  102
{ACAD_REACTORS
  330
1A8
  102
}
  330
1A8
  100
AcDbModelDocViewStyle
  70
0
  3
Imperial24
  290
0
  100
AcDbDetailViewStyle
  70
0
  71
0
  90
3
  71
1
  340
11
  62
256
  40
0.24
  340
0
  62
256
  40
0.24
  300

  40
0.36
  280
3
  71
2
  340
16
  90
25
  62
256
  71
3
  340
11
  62
256
  40
0.24
  90
1
  40
0.75
  90
1
  300
%<\AcVar ViewType \f "%tc1">% %<\AcVar ViewDetailId>%\PSCALE %<\AcVar ViewScale \f "%sn">%
  71
4
  340
16
  90
25
  62
256
  340
16
  90
25
  62
256
  280
0
  0
LAYOUT
  5
22
  102
{ACAD_XDICTIONARY
  360
191
  102
}
  102
{ACAD_REACTORS
  330
1A
  102
}
  330
1A
  100
AcDbPlotSettings
  1

  2
none_device
  4
Letter_(8.50_x_11.00_Inches)
  6

  40
6.349999904632568
  41
6.349999904632568
  42
6.350006103515625
  43
6.350006103515625
  44
215.8999938964844
  45
279.3999938964844
  46
0
  47
0
  48
0
  49
0
  140
0
  141
0
  142
1
  143
3.560208697428376
  70
11952
  72
0
  73
1
  74
0
  7

  75
0
  147
0.28088241027059
  76
0
  77
2
  78
300
  148
0.1311165230791651
  149
0.096403374003771
  100
AcDbLayout
  1
Model
  70
1
  71
0
  10
0
  20
0
  11
12
  21
9
  12
0
  22
0
  32
0
  14
0
  24
0
  34
0
  15
0
  25
0
  35
0
  146
0
  13
0
  23
0
  33
0
  16
1
  26
0
  36
0
  17
0
  27
1
  37
0
  76
0
  330
1F
  331
90
  0
LAYOUT
  5
74
  102
{ACAD_REACTORS
  330
1A
  102
}
  330
1A
  100
AcDbPlotSettings
  1

  2
\\ADSCCNDC1\hq601xrx1
  4

  6

  40
0
  41
0
  42
0
  43
0
  44
0
  45
0
  46
0
  47
0
  48
0
  49
0
  140
0
  141
0
  142
1
  143
1
  70
688
  72
0
  73
0
  74
5
  7

  75
16
  147
1
  76
0
  77
2
  78
300
  148
0
  149
0
  100
AcDbLayout
  1
布局1
  70
1
  71
1
  10
0
  20
0
  11
12
  21
9
  12
0
  22
0
  32
0
  14
0
  24
0
  34
0
  15
0
  25
0
  35
0
  146
0
  13
0
  23
0
  33
0
  16
1
  26
0
  36
0
  17
0
  27
1
  37
0
  76
0
  330
73
  0
LAYOUT
  5
79
  102
{ACAD_REACTORS
  330
1A
  102
}
  330
1A
  100
AcDbPlotSettings
  1

  2
\\ADSCCNDC1\hq601xrx1
  4

  6

  40
0
  41
0
  42
0
  43
0
  44
0
  45
0
  46
0
  47
0
  48
0
  49
0
  140
0
  141
0
  142
1
  143
1
  70
688
  72
0
  73
0
  74
5
  7

  75
16
  147
1
  76
0
  77
2
  78
300
  148
0
  149
0
  100
AcDbLayout
  1
布局2
  70
1
  71
2
  10
0
  20
0
  11
12
  21
9
  12
0
  22
0
  32
0
  14
0
  24
0
  34
0
  15
0
  25
0
  35
0
  146
0
  13
0
  23
0
  33
0
  16
1
  26
0
  36
0
  17
0
  27
1
  37
0
  76
0
  330
78
  0
MATERIAL
  5
93
  102
{ACAD_XDICTIONARY
  360
185
  102
}
  102
{ACAD_REACTORS
  330
6B
  102
}
  330
6B
  100
AcDbMaterial
  1
ByBlock
  94
63
  0
MATERIAL
  5
92
  102
{ACAD_XDICTIONARY
  360
183
  102
}
  102
{ACAD_REACTORS
  330
6B
  102
}
  330
6B
  100
AcDbMaterial
  1
ByLayer
  94
63
  0
MATERIAL
  5
94
  102
{ACAD_XDICTIONARY
  360
10B
  102
}
  102
{ACAD_REACTORS
  330
6B
  102
}
  330
6B
  100
AcDbMaterial
  1
Global
  43
0.0208000000566244
  43
0
  43
0
  43
0
  43
0
  43
0.0208000000566244
  43
0
  43
0
  43
0
  43
0
  43
1
  43
0
  43
0
  43
0
  43
0
  43
1
  49
0.0208000000566244
  49
0
  49
0
  49
0
  49
0
  49
0.0208000000566244
  49
0
  49
0
  49
0
  49
0
  49
1
  49
0
  49
0
  49
0
  49
0
  49
1
  142
0.0208000000566244
  142
0
  142
0
  142
0
  142
0
  142
0.0208000000566244
  142
0
  142
0
  142
0
  142
0
  142
1
  142
0
  142
0
  142
0
  142
0
  142
1
  144
0.0208000000566244
  144
0
  144
0
  144
0
  144
0
  144
0.0208000000566244
  144
0
  144
0
  144
0
  144
0
  144
1
  144
0
  144
0
  144
0
  144
0
  144
1
  94
63
  1001
ACAD
  1070
-1
  1070
3
  1070
0
  1000

  1071
0
  1070
0
  0
MLEADERSTYLE
  5
E0
  102
{ACAD_REACTORS
  330
D2
  102
}
  330
D2
  100
AcDbMLeaderStyle
  170
2
  171
1
  172
0
  90
2
  40
0
  41
0
  173
1
  91
-1056964608
  340
14
  92
-2
  290
0
  42
0.09
  291
0
  43
0.36
  3
Standard
  44
0.18
  300

  342
11
  174
1
  178
1
  175
1
  176
0
  93
-1056964608
  45
0.18
  292
0
  297
0
  46
0.18
  94
-1056964608
  47
1
  49
1
  140
1
  293
0
  141
0
  294
0
  177
0
  142
1
  295
0
  296
0
  143
0.125
  1001
ACAD_MLEADERVER
  1070
2
  0
MLEADERSTYLE
  5
D3
  102
{ACAD_REACTORS
  330
D2
  102
}
  330
D2
  100
AcDbMLeaderStyle
  170
2
  171
1
  172
0
  90
2
  40
0
  41
0
  173
1
  91
-1056964608
  340
14
  92
-2
  290
0
  42
0.09
  291
0
  43
0.36
  3
Standard
  44
0.18
  300

  342
11
  174
1
  178
1
  175
1
  176
0
  93
-1056964608
  45
0.18
  292
0
  297
0
  46
0.18
  94
-1056964608
  47
1
  49
1
  140
1
  293
0
  141
0
  294
0
  177
0
  142
1
  295
0
  296
0
  143
0.125
  1001
ACAD_MLEADERVER
  1070
2
  0
MLINESTYLE
  5
18
  102
{ACAD_REACTORS
  330
17
  102
}
  330
17
  100
AcDbMlineStyle
  2
STANDARD
  70
0
  3

  62
256
  51
90
  52
90
  71
2
  49
0.5
  62
256
  6
BYLAYER
  49
-0.5
  62
256
  6
BYLAYER
  0
ACDBPLACEHOLDER
  5
F
  102
{ACAD_REACTORS
  330
E
  102
}
  330
E
  0
SCALE
  5
B2
  102
{ACAD_REACTORS
  330
B1
  102
}
  330
B1
  100
AcDbScale
  70
0
  300
1:1
  140
1
  141
1
  290
0
  0
SCALE
  5
124
  102
{ACAD_REACTORS
  330
B1
  102
}
  330
B1
  100
AcDbScale
  70
0
  300
1:2
  140
1
  141
2
  290
0
  0
SCALE
  5
125
  102
{ACAD_REACTORS
  330
B1
  102
}
  330
B1
  100
AcDbScale
  70
0
  300
1:4
  140
1
  141
4
  290
0
  0
SCALE
  5
126
  102
{ACAD_REACTORS
  330
B1
  102
}
  330
B1
  100
AcDbScale
  70
0
  300
1:5
  140
1
  141
5
  290
0
  0
SCALE
  5
127
  102
{ACAD_REACTORS
  330
B1
  102
}
  330
B1
  100
AcDbScale
  70
0
  300
1:8
  140
1
  141
8
  290
0
  0
SCALE
  5
128
  102
{ACAD_REACTORS
  330
B1
  102
}
  330
B1
  100
AcDbScale
  70
0
  300
1:10
  140
1
  141
10
  290
0
  0
SCALE
  5
129
  102
{ACAD_REACTORS
  330
B1
  102
}
  330
B1
  100
AcDbScale
  70
0
  300
1:16
  140
1
  141
16
  290
0
  0
SCALE
  5
12A
  102
{ACAD_REACTORS
  330
B1
  102
}
  330
B1
  100
AcDbScale
  70
0
  300
1:20
  140
1
  141
20
  290
0
  0
SCALE
  5
12B
  102
{ACAD_REACTORS
  330
B1
  102
}
  330
B1
  100
AcDbScale
  70
0
  300
1:30
  140
1
  141
30
  290
0
  0
SCALE
  5
12C
  102
{ACAD_REACTORS
  330
B1
  102
}
  330
B1
  100
AcDbScale
  70
0
  300
1:40
  140
1
  141
40
  290
0
  0
SCALE
  5
12D
  102
{ACAD_REACTORS
  330
B1
  102
}
  330
B1
  100
AcDbScale
  70
0
  300
1:50
  140
1
  141
50
  290
0
  0
SCALE
  5
12E
  102
{ACAD_REACTORS
  330
B1
  102
}
  330
B1
  100
AcDbScale
  70
0
  300
1:100
  140
1
  141
100
  290
0
  0
SCALE
  5
12F
  102
{ACAD_REACTORS
  330
B1
  102
}
  330
B1
  100
AcDbScale
  70
0
  300
2:1
  140
2
  141
1
  290
0
  0
SCALE
  5
130
  102
{ACAD_REACTORS
  330
B1
  102
}
  330
B1
  100
AcDbScale
  70
0
  300
4:1
  140
4
  141
1
  290
0
  0
SCALE
  5
131
  102
{ACAD_REACTORS
  330
B1
  102
}
  330
B1
  100
AcDbScale
  70
0
  300
8:1
  140
8
  141
1
  290
0
  0
SCALE
  5
132
  102
{ACAD_REACTORS
  330
B1
  102
}
  330
B1
  100
AcDbScale
  70
0
  300
10:1
  140
10
  141
1
  290
0
  0
SCALE
  5
133
  102
{ACAD_REACTORS
  330
B1
  102
}
  330
B1
  100
AcDbScale
  70
0
  300
100:1
  140
100
  141
1
  290
0
  0
SCALE
  5
134
  102
{ACAD_REACTORS
  330
B1
  102
}
  330
B1
  100
AcDbScale
  70
0
  300
1/128" = 1'-0"
  140
0.0078125
  141
12
  290
0
  0
SCALE
  5
135
  102
{ACAD_REACTORS
  330
B1
  102
}
  330
B1
  100
AcDbScale
  70
0
  300
1/64" = 1'-0"
  140
0.015625
  141
12
  290
0
  0
SCALE
  5
136
  102
{ACAD_REACTORS
  330
B1
  102
}
  330
B1
  100
AcDbScale
  70
0
  300
1/32" = 1'-0"
  140
0.03125
  141
12
  290
0
  0
SCALE
  5
137
  102
{ACAD_REACTORS
  330
B1
  102
}
  330
B1
  100
AcDbScale
  70
0
  300
1/16" = 1'-0"
  140
0.0625
  141
12
  290
0
  0
SCALE
  5
138
  102
{ACAD_REACTORS
  330
B1
  102
}
  330
B1
  100
AcDbScale
  70
0
  300
3/32" = 1'-0"
  140
0.09375
  141
12
  290
0
  0
SCALE
  5
139
  102
{ACAD_REACTORS
  330
B1
  102
}
  330
B1
  100
AcDbScale
  70
0
  300
1/8" = 1'-0"
  140
0.125
  141
12
  290
0
  0
SCALE
  5
13A
  102
{ACAD_REACTORS
  330
B1
  102
}
  330
B1
  100
AcDbScale
  70
0
  300
3/16" = 1'-0"
  140
0.1875
  141
12
  290
0
  0
SCALE
  5
13B
  102
{ACAD_REACTORS
  330
B1
  102
}
  330
B1
  100
AcDbScale
  70
0
  300
1/4" = 1'-0"
  140
0.25
  141
12
  290
0
  0
SCALE
  5
13C
  102
{ACAD_REACTORS
  330
B1
  102
}
  330
B1
  100
AcDbScale
  70
0
  300
3/8" = 1'-0"
  140
0.375
  141
12
  290
0
  0
SCALE
  5
13D
  102
{ACAD_REACTORS
  330
B1
  102
}
  330
B1
  100
AcDbScale
  70
0
  300
1/2" = 1'-0"
  140
0.5
  141
12
  290
0
  0
SCALE
  5
13E
  102
{ACAD_REACTORS
  330
B1
  102
}
  330
B1
  100
AcDbScale
  70
0
  300
3/4" = 1'-0"
  140
0.75
  141
12
  290
0
  0
SCALE
  5
13F
  102
{ACAD_REACTORS
  330
B1
  102
}
  330
B1
  100
AcDbScale
  70
0
  300
1" = 1'-0"
  140
1
  141
12
  290
0
  0
SCALE
  5
140
  102
{ACAD_REACTORS
  330
B1
  102
}
  330
B1
  100
AcDbScale
  70
0
  300
1-1/2" = 1'-0"
  140
1.5
  141
12
  290
0
  0
SCALE
  5
141
  102
{ACAD_REACTORS
  330
B1
  102
}
  330
B1
  100
AcDbScale
  70
0
  300
3" = 1'-0"
  140
3
  141
12
  290
0
  0
SCALE
  5
142
  102
{ACAD_REACTORS
  330
B1
  102
}
  330
B1
  100
AcDbScale
  70
0
  300
6" = 1'-0"
  140
6
  141
12
  290
0
  0
SCALE
  5
143
  102
{ACAD_REACTORS
  330
B1
  102
}
  330
B1
  100
AcDbScale
  70
0
  300
1'-0" = 1'-0"
  140
12
  141
12
  290
0
  0
ACDBSECTIONVIEWSTYLE
  5
1A7
  102
{ACAD_XDICTIONARY
  360
33A
  102
}
  102
{ACAD_REACTORS
  330
1A5
  102
}
  330
1A5
  100
AcDbModelDocViewStyle
  70
0
  3
Imperial24
  290
0
  100
AcDbSectionViewStyle
  70
0
  71
0
  90
78
  71
1
  340
11
  62
256
  40
0.24
  340
0
  340
0
  62
256
  40
0.24
  300
I, O, Q, S, X, Z
  40
0.48
  90
3
  40
0.18
  90
1
  71
2
  340
16
  90
25
  62
256
  340
16
  90
50
  62
256
  40
0.24
  40
0
  40
0.24
  71
3
  340
11
  62
256
  40
0.24
  90
1
  40
0.75
  90
1
  300
%<\AcVar ViewType \f "%tc1">% %<\AcVar ViewSectionStartId>%-%<\AcVar ViewSectionEndId>%\PSCALE %<\AcVar ViewScale \f "%sn">%
  71
4
  62
256
  62
257
  300
ANSI31
  40
1
  90
0
  290
0
  290
0
  90
6
  40
0
  40
1.570796326794896
  40
0.2617993877991494
  40
1.308996938995747
  40
-0.2617993877991494
  40
1.832595714594046
  0
TABLESTYLE
  5
A7
  102
{ACAD_XDICTIONARY
  360
FF
  102
}
  102
{ACAD_REACTORS
  330
A6
  102
}
  330
A6
  100
AcDbTableStyle
  3
Standard
  70
0
  71
0
  40
0.06
  41
0.06
  280
0
  281
0
  7
Standard
  140
0.18
  170
2
  62
0
  63
7
  283
0
  90
512
  91
0
  1

  274
-2
  284
1
  64
0
  275
-2
  285
1
  65
0
  276
-2
  286
1
  66
0
  277
-2
  287
1
  67
0
  278
-2
  288
1
  68
0
  279
-2
  289
1
  69
0
  7
Standard
  140
0.25
  170
5
  62
0
  63
7
  283
0
  90
512
  91
0
  1

  274
-2
  284
1
  64
0
  275
-2
  285
1
  65
0
  276
-2
  286
1
  66
0
  277
-2
  287
1
  67
0
  278
-2
  288
1
  68
0
  279
-2
  289
1
  69
0
  7
Standard
  140
0.18
  170
5
  62
0
  63
7
  283
0
  90
512
  91
0
  1

  274
-2
  284
1
  64
0
  275
-2
  285
1
  65
0
  276
-2
  286
1
  66
0
  277
-2
  287
1
  67
0
  278
-2
  288
1
  68
0
  279
-2
  289
1
  69
0
  0
VISUALSTYLE
  5
9B
  102
{ACAD_XDICTIONARY
  360
314
  102
}
  102
{ACAD_REACTORS
  330
95
  102
}
  330
95
  100
AcDbVisualStyle
  2
2dWireframe
  70
4
  71
0
  72
2
  73
1
  90
0
  40
-0.6
  41
-30
  62
5
  63
7
  421
16777215
  74
1
  91
4
  64
7
  65
257
  75
1
  175
1
  42
1
  92
0
  66
257
  43
1
  76
1
  77
6
  78
2
  67
7
  79
5
  170
0
  171
0
  290
0
  174
0
  93
1
  44
0
  173
0
  291
0
  45
0
  1001
ACAD
  1000
AcDbSavedByObjectVersion
  1070
0
  0
VISUALSTYLE
  5
9A
  102
{ACAD_XDICTIONARY
  360
312
  102
}
  102
{ACAD_REACTORS
  330
95
  102
}
  330
95
  100
AcDbVisualStyle
  2
Basic
  70
7
  71
1
  72
0
  73
1
  90
0
  40
-0.6
  41
-30
  62
5
  63
7
  421
16777215
  74
0
  91
4
  64
7
  65
257
  75
1
  175
1
  42
1
  92
8
  66
7
  43
1
  76
1
  77
6
  78
2
  67
7
  79
5
  170
0
  171
0
  290
0
  174
0
  93
1
  44
0
  173
0
  291
0
  45
0
  1001
ACAD
  1000
AcDbSavedByObjectVersion
  1070
0
  0
VISUALSTYLE
  5
A1
  102
{ACAD_XDICTIONARY
  360
320
  102
}
  102
{ACAD_REACTORS
  330
95
  102
}
  330
95
  100
AcDbVisualStyle
  2
Brighten
  70
12
  71
2
  72
2
  73
1
  90
0
  40
-0.6
  41
-30
  62
5
  63
7
  421
16777215
  74
1
  91
4
  64
7
  65
257
  75
1
  175
1
  42
1
  92
8
  66
7
  43
1
  76
1
  77
6
  78
2
  67
7
  79
5
  170
0
  171
0
  290
0
  174
0
  93
1
  44
50
  173
0
  291
0
  45
0
  1001
ACAD
  1000
AcDbSavedByObjectVersion
  1070
0
  0
VISUALSTYLE
  5
A5
  102
{ACAD_XDICTIONARY
  360
328
  102
}
  102
{ACAD_REACTORS
  330
95
  102
}
  330
95
  100
AcDbVisualStyle
  2
ColorChange
  70
16
  71
2
  72
2
  73
3
  90
0
  40
-0.6
  41
-30
  62
5
  63
8
  421
8421504
  74
1
  91
4
  64
7
  65
257
  75
1
  175
1
  42
1
  92
8
  66
8
  424
8421504
  43
1
  76
1
  77
6
  78
2
  67
7
  79
5
  170
0
  171
0
  290
0
  174
0
  93
1
  44
0
  173
0
  291
0
  45
0
  1001
ACAD
  1000
AcDbSavedByObjectVersion
  1070
0
  0
VISUALSTYLE
  5
9E
  102
{ACAD_XDICTIONARY
  360
31A
  102
}
  102
{ACAD_REACTORS
  330
95
  102
}
  330
95
  100
AcDbVisualStyle
  2
Conceptual
  70
9
  71
3
  72
2
  73
1
  90
0
  40
-0.6
  41
-30
  62
5
  63
7
  421
16777215
  74
2
  91
2
  64
7
  65
257
  75
1
  175
1
  42
40
  92
8
  66
7
  43
1
  76
1
  77
6
  78
2
  67
7
  79
3
  170
0
  171
0
  290
0
  174
0
  93
1
  44
0
  173
0
  291
0
  45
0
  1001
ACAD
  1000
AcDbSavedByObjectVersion
  1070
0
  0
VISUALSTYLE
  5
A0
  102
{ACAD_XDICTIONARY
  360
31E
  102
}
  102
{ACAD_REACTORS
  330
95
  102
}
  330
95
  100
AcDbVisualStyle
  2
Dim
  70
11
  71
2
  72
2
  73
1
  90
0
  40
-0.6
  41
-30
  62
5
  63
7
  421
16777215
  74
1
  91
4
  64
7
  65
257
  75
1
  175
1
  42
1
  92
8
  66
7
  43
1
  76
1
  77
6
  78
2
  67
7
  79
5
  170
0
  171
0
  290
0
  174
0
  93
1
  44
-50
  173
0
  291
0
  45
0
  1001
ACAD
  1000
AcDbSavedByObjectVersion
  1070
0
  0
VISUALSTYLE
  5
172
  102
{ACAD_XDICTIONARY
  360
32E
  102
}
  102
{ACAD_REACTORS
  330
95
  102
}
  330
95
  100
AcDbVisualStyle
  2
EdgeColorOff
  70
22
  71
2
  72
2
  73
0
  90
0
  40
-0.6
  41
-30
  62
5
  63
7
  421
16777215
  74
1
  91
4
  64
7
  65
257
  75
1
  175
1
  42
1
  92
8
  66
7
  43
1
  76
1
  77
6
  78
2
  67
7
  79
5
  170
0
  171
0
  290
0
  174
0
  93
1
  44
0
  173
0
  291
0
  45
0
  1001
ACAD
  1000
AcDbSavedByObjectVersion
  1070
0
  0
VISUALSTYLE
  5
A4
  102
{ACAD_XDICTIONARY
  360
326
  102
}
  102
{ACAD_REACTORS
  330
95
  102
}
  330
95
  100
AcDbVisualStyle
  2
Facepattern
  70
15
  71
2
  72
2
  73
1
  90
0
  40
-0.6
  41
-30
  62
5
  63
7
  421
16777215
  74
1
  91
4
  64
7
  65
257
  75
1
  175
1
  42
1
  92
8
  66
7
  43
1
  76
1
  77
6
  78
2
  67
7
  79
5
  170
0
  171
0
  290
0
  174
0
  93
1
  44
0
  173
0
  291
0
  45
0
  1001
ACAD
  1000
AcDbSavedByObjectVersion
  1070
0
  0
VISUALSTYLE
  5
96
  102
{ACAD_XDICTIONARY
  360
30A
  102
}
  102
{ACAD_REACTORS
  330
95
  102
}
  330
95
  100
AcDbVisualStyle
  2
Flat
  70
0
  71
2
  72
1
  73
1
  90
2
  40
-0.6
  41
30
  62
5
  63
7
  421
16777215
  74
0
  91
0
  64
7
  65
257
  75
1
  175
1
  42
1
  92
8
  66
7
  43
1
  76
1
  77
6
  78
2
  67
7
  79
5
  170
0
  171
0
  290
0
  174
0
  93
13
  44
0
  173
0
  291
0
  45
0
  1001
ACAD
  1000
AcDbSavedByObjectVersion
  1070
0
  0
VISUALSTYLE
  5
97
  102
{ACAD_XDICTIONARY
  360
30C
  102
}
  102
{ACAD_REACTORS
  330
95
  102
}
  330
95
  100
AcDbVisualStyle
  2
FlatWithEdges
  70
1
  71
2
  72
1
  73
1
  90
2
  40
-0.6
  41
30
  62
5
  63
7
  421
16777215
  74
1
  91
0
  64
7
  65
257
  75
1
  175
1
  42
1
  92
0
  66
257
  43
1
  76
1
  77
6
  78
2
  67
7
  79
5
  170
0
  171
0
  290
0
  174
0
  93
13
  44
0
  173
0
  291
0
  45
0
  1001
ACAD
  1000
AcDbSavedByObjectVersion
  1070
0
  0
VISUALSTYLE
  5
98
  102
{ACAD_XDICTIONARY
  360
30E
  102
}
  102
{ACAD_REACTORS
  330
95
  102
}
  330
95
  100
AcDbVisualStyle
  2
Gouraud
  70
2
  71
2
  72
2
  73
1
  90
2
  40
-0.6
  41
30
  62
5
  63
7
  421
16777215
  74
0
  91
0
  64
7
  65
257
  75
1
  175
1
  42
1
  92
0
  66
7
  43
1
  76
1
  77
6
  78
2
  67
7
  79
5
  170
0
  171
0
  290
0
  174
0
  93
13
  44
0
  173
0
  291
0
  45
0
  1001
ACAD
  1000
AcDbSavedByObjectVersion
  1070
0
  0
VISUALSTYLE
  5
99
  102
{ACAD_XDICTIONARY
  360
310
  102
}
  102
{ACAD_REACTORS
  330
95
  102
}
  330
95
  100
AcDbVisualStyle
  2
GouraudWithEdges
  70
3
  71
2
  72
2
  73
1
  90
2
  40
-0.6
  41
30
  62
5
  63
7
  421
16777215
  74
1
  91
0
  64
7
  65
257
  75
1
  175
1
  42
1
  92
0
  66
257
  43
1
  76
1
  77
6
  78
2
  67
7
  79
5
  170
0
  171
0
  290
0
  174
0
  93
13
  44
0
  173
0
  291
0
  45
0
  1001
ACAD
  1000
AcDbSavedByObjectVersion
  1070
0
  0
VISUALSTYLE
  5
9D
  102
{ACAD_XDICTIONARY
  360
318
  102
}
  102
{ACAD_REACTORS
  330
95
  102
}
  330
95
  100
AcDbVisualStyle
  2
Hidden
  70
6
  71
1
  72
2
  73
2
  90
0
  40
-0.6
  41
-30
  62
5
  63
7
  421
16777215
  74
2
  91
2
  64
7
  65
257
  75
2
  175
1
  42
40
  92
0
  66
257
  43
1
  76
1
  77
6
  78
2
  67
7
  79
3
  170
0
  171
0
  290
0
  174
0
  93
1
  44
0
  173
0
  291
0
  45
0
  1001
ACAD
  1000
AcDbSavedByObjectVersion
  1070
0
  0
VISUALSTYLE
  5
170
  102
{ACAD_XDICTIONARY
  360
32A
  102
}
  102
{ACAD_REACTORS
  330
95
  102
}
  330
95
  100
AcDbVisualStyle
  2
JitterOff
  70
20
  71
2
  72
2
  73
0
  90
0
  40
-0.6
  41
-30
  62
5
  63
7
  421
16777215
  74
1
  91
4
  64
7
  65
257
  75
1
  175
1
  42
1
  92
10
  66
7
  43
1
  76
1
  77
6
  78
2
  67
7
  79
5
  170
0
  171
0
  290
0
  174
0
  93
1
  44
0
  173
0
  291
0
  45
0
  1001
ACAD
  1000
AcDbSavedByObjectVersion
  1070
0
  0
VISUALSTYLE
  5
A3
  102
{ACAD_XDICTIONARY
  360
324
  102
}
  102
{ACAD_REACTORS
  330
95
  102
}
  330
95
  100
AcDbVisualStyle
  2
Linepattern
  70
14
  71
2
  72
2
  73
1
  90
0
  40
-0.6
  41
-30
  62
5
  63
7
  421
16777215
  74
1
  91
4
  64
7
  65
257
  75
7
  175
7
  42
1
  92
8
  66
7
  43
1
  76
1
  77
6
  78
2
  67
7
  79
5
  170
0
  171
0
  290
0
  174
0
  93
1
  44
0
  173
0
  291
0
  45
0
  1001
ACAD
  1000
AcDbSavedByObjectVersion
  1070
0
  0
VISUALSTYLE
  5
171
  102
{ACAD_XDICTIONARY
  360
32C
  102
}
  102
{ACAD_REACTORS
  330
95
  102
}
  330
95
  100
AcDbVisualStyle
  2
OverhangOff
  70
21
  71
2
  72
2
  73
0
  90
0
  40
-0.6
  41
-30
  62
5
  63
7
  421
16777215
  74
1
  91
4
  64
7
  65
257
  75
1
  175
1
  42
1
  92
9
  66
7
  43
1
  76
1
  77
6
  78
2
  67
7
  79
5
  170
0
  171
0
  290
0
  174
0
  93
1
  44
0
  173
0
  291
0
  45
0
  1001
ACAD
  1000
AcDbSavedByObjectVersion
  1070
0
  0
VISUALSTYLE
  5
9F
  102
{ACAD_XDICTIONARY
  360
31C
  102
}
  102
{ACAD_REACTORS
  330
95
  102
}
  330
95
  100
AcDbVisualStyle
  2
Realistic
  70
8
  71
2
  72
3
  73
0
  90
2
  40
-0.6
  41
30
  62
5
  63
7
  421
16777215
  74
0
  91
0
  64
7
  65
257
  75
1
  175
1
  42
1
  92
8
  66
257
  43
1
  76
1
  77
6
  78
2
  67
7
  79
3
  170
0
  171
0
  290
0
  174
0
  93
13
  44
0
  173
0
  291
0
  45
0
  1001
ACAD
  1000
AcDbSavedByObjectVersion
  1070
0
  0
VISUALSTYLE
  5
17F
  102
{ACAD_XDICTIONARY
  360
338
  102
}
  102
{ACAD_REACTORS
  330
95
  102
}
  330
95
  100
AcDbVisualStyle
  2
Shaded
  70
27
  71
2
  72
2
  73
1
  90
2
  40
-0.6
  41
30
  62
5
  63
7
  421
16777215
  74
0
  91
4
  64
7
  65
257
  75
1
  175
1
  42
1
  92
8
  66
257
  43
1
  76
1
  77
6
  78
2
  67
8
  425
7895160
  79
3
  170
0
  171
0
  290
0
  174
0
  93
5
  44
0
  173
0
  291
0
  45
0
  1001
ACAD
  1000
AcDbSavedByObjectVersion
  1070
0
  0
VISUALSTYLE
  5
17E
  102
{ACAD_XDICTIONARY
  360
336
  102
}
  102
{ACAD_REACTORS
  330
95
  102
}
  330
95
  100
AcDbVisualStyle
  2
Shaded with edges
  70
26
  71
2
  72
2
  73
1
  90
2
  40
-0.6
  41
30
  62
5
  63
7
  421
16777215
  74
1
  91
2
  64
7
  65
257
  75
2
  175
1
  42
1
  92
8
  66
257
  43
1
  76
1
  77
6
  78
2
  67
7
  79
3
  170
0
  171
0
  290
0
  174
0
  93
5
  44
0
  173
0
  291
0
  45
0
  1001
ACAD
  1000
AcDbSavedByObjectVersion
  1070
0
  0
VISUALSTYLE
  5
17B
  102
{ACAD_XDICTIONARY
  360
330
  102
}
  102
{ACAD_REACTORS
  330
95
  102
}
  330
95
  100
AcDbVisualStyle
  2
Shades of Gray
  70
23
  71
2
  72
2
  73
3
  90
0
  40
-0.6
  41
-30
  62
5
  63
7
  421
16777215
  74
2
  91
2
  64
7
  65
7
  75
1
  175
1
  42
40
  92
8
  66
7
  43
1
  76
1
  77
6
  78
2
  67
7
  79
3
  170
0
  171
0
  290
0
  174
0
  93
1
  44
0
  173
0
  291
0
  45
0
  1001
ACAD
  1000
AcDbSavedByObjectVersion
  1070
0
  0
VISUALSTYLE
  5
17C
  102
{ACAD_XDICTIONARY
  360
332
  102
}
  102
{ACAD_REACTORS
  330
95
  102
}
  330
95
  100
AcDbVisualStyle
  2
Sketchy
  70
24
  71
1
  72
2
  73
2
  90
0
  40
-0.6
  41
-30
  62
5
  63
7
  421
16777215
  74
2
  91
2
  64
7
  65
7
  75
1
  175
1
  42
40
  92
11
  66
7
  43
1
  76
1
  77
6
  78
2
  67
7
  79
6
  170
0
  171
0
  290
0
  174
0
  93
1
  44
0
  173
0
  291
0
  45
0
  1001
ACAD
  1000
AcDbSavedByObjectVersion
  1070
0
  0
VISUALSTYLE
  5
A2
  102
{ACAD_XDICTIONARY
  360
322
  102
}
  102
{ACAD_REACTORS
  330
95
  102
}
  330
95
  100
AcDbVisualStyle
  2
Thicken
  70
13
  71
2
  72
2
  73
1
  90
0
  40
-0.6
  41
-30
  62
5
  63
7
  421
16777215
  74
1
  91
4
  64
7
  65
257
  75
1
  175
1
  42
1
  92
12
  66
7
  43
1
  76
1
  77
6
  78
2
  67
7
  79
5
  170
0
  171
0
  290
0
  174
0
  93
1
  44
0
  173
0
  291
0
  45
0
  1001
ACAD
  1000
AcDbSavedByObjectVersion
  1070
0
  0
VISUALSTYLE
  5
9C
  102
{ACAD_XDICTIONARY
  360
316
  102
}
  102
{ACAD_REACTORS
  330
95
  102
}
  330
95
  100
AcDbVisualStyle
  2
Wireframe
  70
5
  71
0
  72
2
  73
0
  90
0
  40
-0.6
  41
-30
  62
5
  63
7
  421
16777215
  74
1
  91
4
  64
7
  65
257
  75
1
  175
1
  42
1
  92
0
  66
257
  43
1
  76
1
  77
6
  78
2
  67
7
  79
3
  170
0
  171
0
  290
0
  174
0
  93
1
  44
0
  173
0
  291
0
  45
0
  1001
ACAD
  1000
AcDbSavedByObjectVersion
  1070
0
  0
VISUALSTYLE
  5
17D
  102
{ACAD_XDICTIONARY
  360
334
  102
}
  102
{ACAD_REACTORS
  330
95
  102
}
  330
95
  100
AcDbVisualStyle
  2
X-Ray
  70
25
  71
2
  72
2
  73
1
  90
1
  40
0.5
  41
-30
  62
5
  63
7
  421
16777215
  74
1
  91
0
  64
7
  65
257
  75
1
  175
1
  42
1
  92
8
  66
7
  43
1
  76
1
  77
6
  78
2
  67
7
  79
3
  170
0
  171
0
  290
0
  174
0
  93
13
  44
0
  173
0
  291
0
  45
0
  1001
ACAD
  1000
AcDbSavedByObjectVersion
  1070
0
  0
DICTIONARYVAR
  5
227
  102
{ACAD_REACTORS
  330
59
  102
}
  330
59
  100
DictionaryVariables
  280
0
  1
60.000000
  0
DICTIONARYVAR
  5
EB
  102
{ACAD_REACTORS
  330
59
  102
}
  330
59
  100
DictionaryVariables
  280
0
  1
1:1
  0
DICTIONARYVAR
  5
EA
  102
{ACAD_REACTORS
  330
59
  102
}
  330
59
  100
DictionaryVariables
  280
0
  1
STANDARD
  0
DICTIONARYVAR
  5
AB
  102
{ACAD_REACTORS
  330
59
  102
}
  330
59
  100
DictionaryVariables
  280
0
  1
STANDARD
  0
DICTIONARYVAR
  5
1B4
  102
{ACAD_REACTORS
  330
59
  102
}
  330
59
  100
DictionaryVariables
  280
0
  1
Imperial24
  0
DICTIONARYVAR
  5
1B5
  102
{ACAD_REACTORS
  330
59
  102
}
  330
59
  100
DictionaryVariables
  280
0
  1
Imperial24
  0
DICTIONARYVAR
  5
5A
  102
{ACAD_REACTORS
  330
59
  102
}
  330
59
  100
DictionaryVariables
  280
0
  1
2
  0
DICTIONARYVAR
  5
5E
  102
{ACAD_REACTORS
  330
59
  102
}
  330
59
  100
DictionaryVariables
  280
0
  1
1
  0
DICTIONARYVAR
  5
226
  102
{ACAD_REACTORS
  330
59
  102
}
  330
59
  100
DictionaryVariables
  280
0
  1
0
  0
DICTIONARYVAR
  5
14A
  102
{ACAD_REACTORS
  330
59
  102
}
  330
59
  100
DictionaryVariables
  280
0
  1
0
  0
DICTIONARYVAR
  5
14B
  102
{ACAD_REACTORS
  330
59
  102
}
  330
59
  100
DictionaryVariables
  280
0
  1
0
  0
DICTIONARYVAR
  5
224
  102
{ACAD_REACTORS
  330
59
  102
}
  330
59
  100
DictionaryVariables
  280
0
  1
2
  0
DICTIONARYVAR
  5
223
  102
{ACAD_REACTORS
  330
59
  102
}
  330
59
  100
DictionaryVariables
  280
0
  1
1
  0
DICTIONARYVAR
  5
225
  102
{ACAD_REACTORS
  330
59
  102
}
  330
59
  100
DictionaryVariables
  280
0
  1
127
  0
DICTIONARYVAR
  5
228
  102
{ACAD_REACTORS
  330
59
  102
}
  330
59
  100
DictionaryVariables
  280
0
  1
2
  0
DICTIONARY
  5
309
  102
{ACAD_REACTORS
  330
307
  102
}
  330
307
  100
AcDbDictionary
  281
1
  0
DICTIONARY
  5
308
  102
{ACAD_REACTORS
  330
307
  102
}
  330
307
  100
AcDbDictionary
  281
1
  3
1654967913120
  350
302
  3
1654967913136
  350
303
  3
1654967913152
  350
304
  3
1654967913168
  350
305
  3
1654967913184
  350
306
  0
DICTIONARY
  5
33C
  330
1A9
  100
AcDbDictionary
  280
1
  281
1
  3
ACAD_XREC_ROUNDTRIP
  360
33D
  0
DICTIONARY
  5
191
  330
22
  100
AcDbDictionary
  280
1
  281
1
  0
DICTIONARY
  5
185
  330
93
  100
AcDbDictionary
  280
1
  281
1
  3
FBXASSET
  360
186
  0
DICTIONARY
  5
183
  330
92
  100
AcDbDictionary
  280
1
  281
1
  3
FBXASSET
  360
184
  0
DICTIONARY
  5
10B
  330
94
  100
AcDbDictionary
  280
1
  281
1
  3
BUMPTILE
  360
10D
  3
DIFFUSETILE
  360
10C
  3
FBXASSET
  360
187
  3
OPACITYTILE
  360
10E
  3
REFLECTIONTILE
  360
10F
  0
DICTIONARY
  5
33A
  330
1A7
  100
AcDbDictionary
  280
1
  281
1
  3
ACAD_XREC_ROUNDTRIP
  360
33B
  0
DICTIONARY
  5
FF
  330
A7
  100
AcDbDictionary
  280
1
  281
1
  3
ACAD_ROUNDTRIP_2008_TABLESTYLE_CELLSTYLEMAP
  360
300
  0
DICTIONARY
  5
314
  330
9B
  100
AcDbDictionary
  280
1
  281
1
  3
ACAD_XREC_ROUNDTRIP
  360
315
  0
DICTIONARY
  5
312
  330
9A
  100
AcDbDictionary
  280
1
  281
1
  3
ACAD_XREC_ROUNDTRIP
  360
313
  0
DICTIONARY
  5
320
  330
A1
  100
AcDbDictionary
  280
1
  281
1
  3
ACAD_XREC_ROUNDTRIP
  360
321
  0
DICTIONARY
  5
328
  330
A5
  100
AcDbDictionary
  280
1
  281
1
  3
ACAD_XREC_ROUNDTRIP
  360
329
  0
DICTIONARY
  5
31A
  330
9E
  100
AcDbDictionary
  280
1
  281
1
  3
ACAD_XREC_ROUNDTRIP
  360
31B
  0
DICTIONARY
  5
31E
  330
A0
  100
AcDbDictionary
  280
1
  281
1
  3
ACAD_XREC_ROUNDTRIP
  360
31F
  0
DICTIONARY
  5
32E
  330
172
  100
AcDbDictionary
  280
1
  281
1
  3
ACAD_XREC_ROUNDTRIP
  360
32F
  0
DICTIONARY
  5
326
  330
A4
  100
AcDbDictionary
  280
1
  281
1
  3
ACAD_XREC_ROUNDTRIP
  360
327
  0
DICTIONARY
  5
30A
  330
96
  100
AcDbDictionary
  280
1
  281
1
  3
ACAD_XREC_ROUNDTRIP
  360
30B
  0
DICTIONARY
  5
30C
  330
97
  100
AcDbDictionary
  280
1
  281
1
  3
ACAD_XREC_ROUNDTRIP
  360
30D
  0
DICTIONARY
  5
30E
  330
98
  100
AcDbDictionary
  280
1
  281
1
  3
ACAD_XREC_ROUNDTRIP
  360
30F
  0
DICTIONARY
  5
310
  330
99
  100
AcDbDictionary
  280
1
  281
1
  3
ACAD_XREC_ROUNDTRIP
  360
311
  0
DICTIONARY
  5
318
  330
9D
  100
AcDbDictionary
  280
1
  281
1
  3
ACAD_XREC_ROUNDTRIP
  360
319
  0
DICTIONARY
  5
32A
  330
170
  100
AcDbDictionary
  280
1
  281
1
  3
ACAD_XREC_ROUNDTRIP
  360
32B
  0
DICTIONARY
  5
324
  330
A3
  100
AcDbDictionary
  280
1
  281
1
  3
ACAD_XREC_ROUNDTRIP
  360
325
  0
DICTIONARY
  5
32C
  330
171
  100
AcDbDictionary
  280
1
  281
1
  3
ACAD_XREC_ROUNDTRIP
  360
32D
  0
DICTIONARY
  5
31C
  330
9F
  100
AcDbDictionary
  280
1
  281
1
  3
ACAD_XREC_ROUNDTRIP
  360
31D
  0
DICTIONARY
  5
338
  330
17F
  100
AcDbDictionary
  280
1
  281
1
  3
ACAD_XREC_ROUNDTRIP
  360
339
  0
DICTIONARY
  5
336
  330
17E
  100
AcDbDictionary
  280
1
  281
1
  3
ACAD_XREC_ROUNDTRIP
  360
337
  0
DICTIONARY
  5
330
  330
17B
  100
AcDbDictionary
  280
1
  281
1
  3
ACAD_XREC_ROUNDTRIP
  360
331
  0
DICTIONARY
  5
332
  330
17C
  100
AcDbDictionary
  280
1
  281
1
  3
ACAD_XREC_ROUNDTRIP
  360
333
  0
DICTIONARY
  5
322
  330
A2
  100
AcDbDictionary
  280
1
  281
1
  3
ACAD_XREC_ROUNDTRIP
  360
323
  0
DICTIONARY
  5
316
  330
9C
  100
AcDbDictionary
  280
1
  281
1
  3
ACAD_XREC_ROUNDTRIP
  360
317
  0
DICTIONARY
  5
334
  330
17D
  100
AcDbDictionary
  280
1
  281
1
  3
ACAD_XREC_ROUNDTRIP
  360
335
  0
XRECORD
  5
302
  102
{ACAD_REACTORS
  330
308
  102
}
  330
308
  100
AcDbXrecord
  280
1
  1
AcDb_Thumbnail_Schema
  102
{ATTRRECORD
  341
303
  2
AcDbDs::TreatedAsObjectData
  280
1
  291
0
  102
ATTRRECORD}
  102
{ATTRRECORD
  341
304
  2
AcDbDs::Legacy
  280
1
  291
0
  102
ATTRRECORD}
  2
AcDbDs::ID
  280
10
  91
8
  102
{ATTRRECORD
  341
305
  2
AcDs:Indexable
  280
1
  291
0
  102
ATTRRECORD}
  102
{ATTRRECORD
  341
306
  2
AcDbDs::HandleAttribute
  280
7
  282
1
  102
ATTRRECORD}
  2
Thumbnail_Data
  280
15
  91
0
  0
XRECORD
  5
303
  102
{ACAD_REACTORS
  330
308
  102
}
  330
308
  100
AcDbXrecord
  280
1
  1
AcDbDs::TreatedAsObjectDataSchema
  2
AcDbDs::TreatedAsObjectData
  280
1
  91
0
  0
XRECORD
  5
304
  102
{ACAD_REACTORS
  330
308
  102
}
  330
308
  100
AcDbXrecord
  280
1
  1
AcDbDs::LegacySchema
  2
AcDbDs::Legacy
  280
1
  91
0
  0
XRECORD
  5
305
  102
{ACAD_REACTORS
  330
308
  102
}
  330
308
  100
AcDbXrecord
  280
1
  1
AcDbDs::IndexedPropertySchema
  2
AcDs:Indexable
  280
1
  91
0
  0
XRECORD
  5
306
  102
{ACAD_REACTORS
  330
308
  102
}
  330
308
  100
AcDbXrecord
  280
1
  1
AcDbDs::HandleAttributeSchema
  2
AcDbDs::HandleAttribute
  280
7
  91
1
  284
1
  0
XRECORD
  5
33D
  102
{ACAD_REACTORS
  330
33C
  102
}
  330
33C
  100
AcDbXrecord
  280
1
  102
DISPLAYNAME
  1
Imperial24
  102
FLAGS
  90
0
  0
XRECORD
  5
186
  102
{ACAD_REACTORS
  330
185
  102
}
  330
185
  100
AcDbXrecord
  280
1
  70
1
  90
429727718
  1
7581DE8E-A623-425F-9BF4-B3F4BE6C4F9A
  310
504B03040A0000080000AC70623B3DEE336E79000000790000001B0000006175746F6465736B2D64657369676E2D7061636B6167652E786D6C3C3F786D6C2076657273696F6E3D22312E302220656E636F64696E673D227574662D3822203F3E3C666F726D6174733E3C666F726D61743E687474703A2F2F736368656D612E
  310
6175746F6465736B2E636F6D2F64657369676E2D7061636B6167652F323030393C2F666F726D61743E3C2F666F726D6174733E504B0304140006080800AC70623BD486FD9CA0000000F4000000130000005B436F6E74656E745F54797065735D2E786D6C7D8EC10E82300C865F65E91D8A1E8C310C0EEA1BF002731658846E
  310
D98AC1B77784ABF1D8FE5FBFBF75BBCE937A534CCEB38643598122B6FEE978D0B0485F9C41B54DDD7D022595594E1A469170414C76A4D9A4D207E29CF43ECE46F218070CC6BECC4078ACAA135ACF422C856C0E68EA1BF5669944DDD7BCDE7B1F8E415D77AECB980613C2E4AC91FC167A2B244592486606FC29C8FD7F045B9A
  310
EF7053A7E60B504B0304140006080800AC70623B9A2F3B5FEC0000007C01000008000000636F72652E786D6C8D90416E83301045AF62CDB632D8040820E328B4E204BD80653BC44AB011B6AB1EBF262152BBEB6A467FFE9B197D76FA9EEFE84BAFDE38DB03CD08206DA553C64E3DC470C10DA01367AB73E1970D9015B3EE61
  310
9381B3697571D925E96CD03624D53AA5775178AF0320794F4D0F5E5EF52C32114372F85BB608791393CEE8AB4B708C46A1E711A3D23E73317A055E0D4D53D6C71A9FC7A1C6657D18703354232ECFED4731B6B43CBED72CDF60CE82995FF7E5AA45D00A7841488B29C5A4F8A46547AAAEA8DE48D311C2F2CDFE078A8BFA2714
  310
8D0D87627FF78979E0343DF21870966F59A4F2082AD52D37FE03504B0304140006080800AC70623B55019EA25F0000007C00000007000000636E782E786D6C4DCB3B0E80201045D1AD90E915ED2CF8AC45050C11660C8261F98AB1B07AC9C97D42D718D865D3E909258CFD00CCE24AC6E326A164D74DC0B4128928FF326038
  310
472BA13128B1252AC747C6BAB984FC68F0B87FE8960A5C09FE86CFB69FBA01504B0304140006080800AC70623B6E137E0172010000D40300000C0000006662782F636F72652E786D6CC5535B6E833010BC8AE5DF0A6C0810121947A1554ED00B38E05014B091B1518EDFE511A5A9D22AFD2A1F60CDEC7A67C698ED2E6D8306
  310
69FA5AAB0C073EC548AA4297B5AA32ECECC94B31DA7166B4B65FCA3052A295191E61CC5965B4EB16A8D0CA4A650155BA940B28FA5E5A8C8A061619EE8B0FD90A5F380B15FDD9EF44711695F4031F68A8E3ACB70604A079C8F8C6FC74BC3032E39C3957970B5B9730AD3ED5D2601EE7691A25EBC4DB1FF2C48B9255EEA5797C
  310
F0A2FDE62D3C6C8268FD9A3032367366EBF6AAAE30525859621E52BAF182C0A3E17B106D69BC0DE3179A6E2965642CBF6B725DF96493AB955D858BDCB9ADC73C002113F1CD2D4464512F06D04338236388F09912BE0F1A028190AD3836571F67800659586D22604AED6ED4201A27612AF5E9F4A09F178CCC9D3075DA1C5C3F
  310
9C113E3DE3F71DE1A885AAC084B0B03C3A3BEA64B38625B44E1A6FB017A4B46945F39C8D5F1CFE89BA897F28A9D08D36FFA5882C074496DF838CF7917F02504B0304140006080800AC70623BE001BAC07D0000009D0000000B0000006662782F636E782E786D6C4DCCD10AC2201886E15B91FFDCA6536B037548D87D8CE686
  310
E4344CA3CB6F8B1D74F4C1C3C72B87CF1AD0DBE5974F51013D11402EDED3E4E3A2A096197780062D734AE5EF06288EAB53B03368B9E4549F074D6E1E6B289B061F1F07124689687987B9601C7373BD60C36E065B6A6DDF7341A93843A365F32B6DBB87F517504B0304140006080800AC70623B8E5068122901000012020000
  310
310000006662782F30333130353234382D343533342D344143372D413346412D4531454539393435313135362F636F72652E786D6C8D515B6EC32010BC0AE22B55850D364E93081345557A825E801892A2C460F1A872FC2EB523B57FF961D1EECCECECAED8DFC71BFA36215AEF7ACC2A8A917183D7D65D7A9CD3996C30DA4B
  310
11BC4F7F601839359A1E973496E2127C9E96D4E05D322E41D6796D96A48AD1248C861B7C7A1C872F33AA4AE5048878AD26355CD5C554AC8232E0A4882980013437292F96B465B46BF886F0AEE5841FDEDFC8A1FD3890233B1EB75BDE31D6AD453D13A5C8D9EA856E35D8B1676BC2B322852C45B2E3C3FE108C4A4663D950BA
  310
258C11DA7C32BEA3DDAEE95EE96647A9A80BFC1F294FFA4952B62EB5CD6277A6452C99A8E78214DAE7D3ED61C6DC271F122AFD56D10C2F305545CB6A60FC1908E383E29A2F8A31F900EB5D5D4F8065DD2CBBE652D4E542107ECF07B15C53FE00504B0304140006080800AC70623B503B51794E010000330300003000000066
  310
62782F30333130353234382D343533342D344143372D413346412D4531454539393435313135362F636E782E786D6CD593C16EC32010447F0571AD6CE3D489D20813A9877E410FBD62D82434182CC055F3F75D1292E692438FBD206B7698593D61BEFD1E2DF982108D773D6D6B460938E5B571FB9ECE6957AD29D90A1EBC4F
  310
77364A9C1CA1A759A682EF839FA72269D8C9D92654AD71C72206887E0E0A22CAF926B15E498B01E0AA19451807D01A34B919F16B070157417138917400F2F6FA41FCF0092A45DEE414C19BDC21783E4BD39D891265658C3D8DEA00A3ACE59CBC8678ACB54CB26EEB6BD7839D7E9348BE70AD9C8321B9BCA7F9A4A26C542347
  310
DEE050F09802D22BA6749A800A394DD62899107273365E3C82CFC6A55557BC06C10774B7ABE7AEC3B0F34CF06446280E154026D0542C187BA9DAB6628BF7B6DBB0E566B17C62EB0D63BCC976C107EF6DB9843110FC449477095CA2A2E54D1E3FC2577C449B80AC7D38FD01240228AD173AB78CFFCCA739BF6FC415F02F103F
  310
504B0304140006080800AC70623B38FA165F680500003C100000340000006662782F30333130353234382D343533342D344143372D413346412D4531454539393435313135362F6F626A656374732E786D6CAD575D6FA33814FD2B887D0E8424EDB42BCAA8499A2A1A756634D18CF6A15264C0A16CC146B6E9A4FBEBF7180C
  310
019276B21F7908D8D8F7F3DCE36BFFE33ECFAC172A64CAD98DED3963DBA22CE271CA921BBB54BBD1956D7D0C7CC1B9EA2CB32D46727A63EB693BF013C1CBC24CC57447CA4C0D6657F33F2C1951466D2BCA889437B68C9E684E1C522A1E53F9ECC4441127D9ED1DCFA917F6C52682144F03A105119429588A790629566D94D7
  310
1F8E6D37F05DFD3DF0F5BF59357D7B955BF9D3D79F32A9088B8E940DC44CBDD9F26E72713DBA98CDA6A3D9E5C41BCD57F3E5C8FB301D2F2E178BEBDBBB6B28964A4092B144D09D1DDC2336228D7CB7FED45A6C0C3F6552C419A351E53F3CAC6C3612635A5016238F2995D0D6F17ADC1F7A3A369DCF533D362ABBD3E779D5DD
  310
D111D4D8DE3CBB96F2F04FB820CF41859054A3AA8E8F71B4C6DFF810B590F3CC7C4BA5951345454A322B4B4341C4AB1D60A95E12F83D311A9D42235C7B6007DE415ED75694C6AFB17BCACA5D99651A9A7650217B0BFC53252BCBD2BFA838AD0D36215765CAD4957148BD16D40EAE7DB79A0C7CFD984ECCC73A90D62E230952
  310
0E37EBAF034717BAF6D64B3BF8B40AF71B5D8FA79517821754280D1F40AB495CF3D451326ABDB332A737C0995ECC0F41F986C87F46F91E4C41DE44BA9FED67468B1284C91D173972E38CAB9F356E5E46EDDBF10BF86CB0FA784D3BF3AF16FB6E6B6C9F30DECA1FC0A55373F5DFF3D78F5917A99DF405FE0B0A8C8BA909E526
  310
2219A8E72165488806A595714C81CB77E1DE0ED6604A303B76912C680372F4E2BB2FF88EFF5A36D8AA52DF79322474C0B767303F625995056C7B032C473C592936CEBD15F38BFFA5666E979B4F9B52EC48441F0CB12CE92E65A9C2D979006FD7A05E227A1E3DD3D79F5CC470F438099B6E1272A34A22DA3AE63AF0497358E8
  310
C141734F41847D09D79CE7FF42C3432A239A6584515E365ADA634863B52519D327A00AEB804E2703140BFA92EA4EA2B7A26716CEFA48A4850E597BE8B53CEDBCE1CBF7F56780D20EE6AF73A0F5F9B02A3CD07DC4332EB6E1EBB666421BE0C39E3EBA7FF4E16D22EA6A29407C85E586724C88B771BADB9512BC7B228A3FD68B
  310
6EA65A22397E690AA8D158D7E40CEC8CDA23C2C0B7D1898640101CEC9C6D531CE328CB93CABBBA870A6425F70DF96199175B92F392A973C2346EFC69AC6F8577BB18F993A8E8C90E36D573340765C7343EA4AA87027D049DF0A9979E0F1757DEF2EEEA6E747B39412B35B9588DAEE7ABD9683E5DCDE677978BD9EAFAB6B5A8
  310
B224F09B13AA5B8388264E44BF14A909F3F7F5A16CEDE08128E9DED705E526F5F3FBDA415BECBBD80380B71BD77991D19C3245347C1FF44BF68DA0ABE8C9A8E7D73949E81952BEDC6F063660E68C7D5F75A9D19F83BD6676A16BE1A410F554E621236936D8681C770A9618B79B50B6CF9AD19BA11E9978A20F953C4B63104E
  310
6C2594E7548176CE607B915309C474BBF2D8DC1ECED8FD52F7838A84196D2C79226889330954036E65A4FAF3D66F68E174177563E3B0739EF1670AD1B690EA1B1BFCA6D2884A27C4F1A81B9F4A3820802EAC2541408DB02443675D6F6AC7ED2E1D1BD00F4E40A3BF5D724EB764FCEA116F4E8A02A7768F562BDB8C82E81F39
  310
DE98631185D7B054AD2F8789D6994A0D2AAB76CADC0DD0423C1BD57BD4D7FB6E794EB5A61791B3EE49EF82A0963A524424D5BD40DB674CBA5D7E75D10A58EB2F569195097279BEA491A00073A90B1C28022A8CCC82284075F1FBE357C17117CDAD550A083C2E789E736606B7E62E6B6D9E70338D1F410B545F3FE464EC798F
  310
55D76F2E22DB9048EA90583E63A22938EDC1006B00E4D1716A52E0EA1C0C96AF9796393066105A81F6A829ADAFE1168A47DF1C75A974C9B278B7F177ABA5008340CB1EFC0D504B0304140006080000AC70623B000000000000000000000000350000006662782F30333130353234382D343533342D344143372D413346412D
  310
4531454539393435313135362F76657274696365732E62696E504B0304140006080800AC70623BF270F1330600000004000000360000006662782F30333130353234382D343533342D344143372D413346412D4531454539393435313135362F747269616E676C65732E62696E636660600000504B0304140006080000AC70
  310
623B000000000000000000000000370000006662782F30333130353234382D343533342D344143372D413346412D4531454539393435313135362F617474726962757465732E62696E504B0304140006080800AC70623B08DA0BD19000000041010000360000006662782F30333130353234382D343533342D344143372D41
  310
3346412D4531454539393435313135362F6469726563746F72792E786D6C858F410AC3201045AF22B36F53E9A60B35CBEEBAE80D244E44489C6234F4F835464A48035D0DF398FF9F8AF63D0E6CC63039F212F8F9020C7D47C6792B21C5FE7403D62A1188E2E60C98D7234A5830286103A55745067B9D86B8A3CF9C7F90C11D
  310
E607FB144396D7B6A82D282E9A152AD114D5EF2CB866EEE831B8EEA07A7BB5A8D7D61A2BAAEB7FD5F70921FF497D00504B0304140006080800AC70623BF2C5666EFF000000A00100003B0000006662782F30333130353234382D343533342D344143372D413346412D4531454539393435313135362F7265736F7572636573
  310
2F636F72652E786D6C8D504B6E833010BD0A9A6D65B00910888CA3D02A27E8052C33A156821DF953F5F8B5132AB5BB6E6646EFA3797AFCF8B5DE8A4F745E5B33022B291468949DB5594688E1427A288E823B6BC32F191446AE38428641F0C5D978DF20654D4013126AEC8C1B28BDC70085BAA56304AF3E7095A58C2129FCB5
  310
BC4B75950B96AC4C74D209EE834B018AE7933C4138F4363A859E574F56F018F5BC69F49C7EEA8B4607A29DFABEE9F62D399DA78E34DD6E22FDD49E49731ADEEAF3C09AFD6BC7AB6C163CE8F527A3722803CE206A4A07C218A1F53B6B0EB43DD4ED0BED0F94F22ACBFF98E27DFEA7296A1376F516F769F320580AF22004AF72
  310
5F693DCA4C3B772BBE01504B010214000A0000080000AC70623B3DEE336E79000000790000001B00000000000000000000000000000000006175746F6465736B2D64657369676E2D7061636B6167652E786D6C504B01021400140006080800AC70623BD486FD9CA0000000F40000001300000000000000000000000000B200
  310
00005B436F6E74656E745F54797065735D2E786D6C504B01021400140006080800AC70623B9A2F3B5FEC0000007C010000080000000000000000000000000083010000636F72652E786D6C504B01021400140006080800AC70623B55019EA25F0000007C000000070000000000000000000000000095020000636E782E786D
  310
6C504B01021400140006080800AC70623B6E137E0172010000D40300000C00000000000000000000000000190300006662782F636F72652E786D6C504B01021400140006080800AC70623BE001BAC07D0000009D0000000B00000000000000000000000000B50400006662782F636E782E786D6C504B010214001400060808
  310
00AC70623B8E506812290100001202000031000000000000000000000000005B0500006662782F30333130353234382D343533342D344143372D413346412D4531454539393435313135362F636F72652E786D6C504B01021400140006080800AC70623B503B51794E010000330300003000000000000000000000000000D3
  310
0600006662782F30333130353234382D343533342D344143372D413346412D4531454539393435313135362F636E782E786D6C504B01021400140006080800AC70623B38FA165F680500003C10000034000000000000000000000000006F0800006662782F30333130353234382D343533342D344143372D413346412D4531
  310
454539393435313135362F6F626A656374732E786D6C504B01021400140006080000AC70623B0000000000000000000000003500000000000000000000000000290E00006662782F30333130353234382D343533342D344143372D413346412D4531454539393435313135362F76657274696365732E62696E504B01021400
  310
140006080800AC70623BF270F133060000000400000036000000000000000000000000007C0E00006662782F30333130353234382D343533342D344143372D413346412D4531454539393435313135362F747269616E676C65732E62696E504B01021400140006080000AC70623B0000000000000000000000003700000000
  310
000000000000000000D60E00006662782F30333130353234382D343533342D344143372D413346412D4531454539393435313135362F617474726962757465732E62696E504B01021400140006080800AC70623B08DA0BD1900000004101000036000000000000000000000000002B0F00006662782F30333130353234382D
  310
343533342D344143372D413346412D4531454539393435313135362F6469726563746F72792E786D6C504B01021400140006080800AC70623BF2C5666EFF000000A00100003B000000000000000000000000000F1000006662782F30333130353234382D343533342D344143372D413346412D453145453939343531313536
  310
2F7265736F75726365732F636F72652E786D6C504B0506000000000E000E0080040000671100000000
  0
XRECORD
  5
184
  102
{ACAD_REACTORS
  330
183
  102
}
  330
183
  100
AcDbXrecord
  280
1
  70
1
  90
429727718
  1
778E3A9F-1AF3-452F-85C1-1BC15BD3F630
  310
504B03040A0000080000AC70623B3DEE336E79000000790000001B0000006175746F6465736B2D64657369676E2D7061636B6167652E786D6C3C3F786D6C2076657273696F6E3D22312E302220656E636F64696E673D227574662D3822203F3E3C666F726D6174733E3C666F726D61743E687474703A2F2F736368656D612E
  310
6175746F6465736B2E636F6D2F64657369676E2D7061636B6167652F323030393C2F666F726D61743E3C2F666F726D6174733E504B0304140006080800AC70623BD486FD9CA0000000F4000000130000005B436F6E74656E745F54797065735D2E786D6C7D8EC10E82300C865F65E91D8A1E8C310C0EEA1BF002731658846E
  310
D98AC1B77784ABF1D8FE5FBFBF75BBCE937A534CCEB38643598122B6FEE978D0B0485F9C41B54DDD7D022595594E1A469170414C76A4D9A4D207E29CF43ECE46F218070CC6BECC4078ACAA135ACF422C856C0E68EA1BF5669944DDD7BCDE7B1F8E415D77AECB980613C2E4AC91FC167A2B244592486606FC29C8FD7F045B9A
  310
EF7053A7E60B504B0304140006080800AC70623BFD5588D4EC0000007C01000008000000636F72652E786D6C8D90416EC3201045AF82665B6103891DC7C24471939CA01740405C94182C03558F5F9C3852BBEB6A467FFE9B197D7EF81EEFE8CBCCC17AD7012D0820E394D7D60D1DA478C50DA083E0B3F7F1970D9093A3E960
  310
9141F061F6695A25E55D342E66D5796D56518660222075CF4D07417D9A511632C5EC08B76292EA260753D05797E194AC46CF2356E77DF66ACD0C62C768BD63971E5727D2E06DDF9C71BF7B3FE10BABF79BFA488FE4DCF07281058F767CDD57B391D168108C903DA61413F641B72DA95A56BD91A62584978BFD0F9426FD4F28
  310
5917376C7DF7890510343FF218085E2E59E4F2082AD72537F103504B0304140006080800AC70623B55019EA25F0000007C00000007000000636E782E786D6C4DCB3B0E80201045D1AD90E915ED2CF8AC45050C11660C8261F98AB1B07AC9C97D42D718D865D3E909258CFD00CCE24AC6E326A164D74DC0B4128928FF326038
  310
472BA13128B1252AC747C6BAB984FC68F0B87FE8960A5C09FE86CFB69FBA01504B0304140006080800AC70623BB5D38BAD72010000D40300000C0000006662782F636F72652E786D6CC553DB8E823014FC95A6AF1B68C11B9A52A3AB7EC1FE4085CA36424B4A4BFCFC3D5C8CEBC635EED3F200CDCC393D3353CAD697AA44AD
  310
B48D323AC5514831923A33B9D2458ABD3B0509466BCEAC31EE5B19465A5432C51D8C392BACF1F50865463BA91DA0DAE4720445D348875156C222C54DF6292B110AEFA0A23987B5C8CEA2906114020D759C35CE8200340CE9DE989F8E1746069C33EF553EB22A8769EAA4A4C57C1147F3457CD806B31D4D82E936D907DBC5FB
  310
2E38C4F3E564BE8936749F30D23573E65475559759299CCC318F295D065114D0F8239AAEE86C15CFDE68B2A29491AEFCAEC9D7F98B4D5E69378947B9435B837904427AE2875B88C8A146B4A0877046BA10E1D3277C1F340402213B712CAF3ECE00B53273C64E81C98DBF51AD28BD84A934A4FD837E5F303274C2D47E7370FD
  310
7046FCF28CE73BC2510B5D8009E16079F4AED3C9060D6368B5B441EB2E481B5B89F2351B4F1CFE89BA897F282933A5B1FFA5888C0744C6DF8374F7917F01504B0304140006080800AC70623B09885E1C7E0000009D0000000B0000006662782F636E782E786D6C4DCCDF0A83201C86E15B91DFB9CBA6FD11D41063F711CB42
  310
663A9C8E5DFE6A74B0A30F1E3E5E317C368FDE36BD5C0C12EA0B0164C33DCE2EAC124A5E700F685022C598FF6E80C2B459090783126B8AE579D26C97A9F8BCAB77E17122E586D5843498B3EE8699D114F39E5E713D76EDA84DCBB569A052A2FA95F63DC2EA0B504B0304140006080800AC70623B961D28872A010000120200
  310
00310000006662782F33394334313030352D393437462D344341332D393833322D3144373644414336394143352F636F72652E786D6C8D515B6EC32010BC8AC557AA0A1BFC4A1C61A2C8514FD00B10435294182C1E558EDFA576A4F62F3F80666766875D76784CF7EC5B39AFADE911CD09CA9419ADD4E6DAA3182E7887B203
  310
67CEDAF08786322326D5A30423CEAECEC67985466B8232015063A55A41E1BD0A281BEFF0E8911FBFD42472110330FC2D9FC578135795D31CCAC0E3CC070701B2A5493A11AFBAA1A68434B8ABB71FB81E8E15EE765589E969DB9E8E43DB1D8786158B90B318B55CE55A421C7DD1CABD6A92C49C053D3DE38F4E89A024E22521
  310
1DA61493F293D67BD2ECCBE69DECF684B022D1FF89E22C5F14456D4255AE711799479CB2622970266D3CDF9F61D463B62E64A9DFC6ABF10D7192C35CCA0A040B11BE0F8E6DBD3AFA601D8C77733B0397C290926D5B7356A40DC1F5BB3EB8D336F90F504B0304140006080800AC70623B503B51794E01000033030000300000
  310
006662782F33394334313030352D393437462D344341332D393833322D3144373644414336394143352F636E782E786D6CD593C16EC32010447F0571AD6CE3D489D20813A9877E410FBD62D82434182CC055F3F75D1292E692438FBD206B7698593D61BEFD1E2DF982108D773D6D6B460938E5B571FB9ECE6957AD29D90A1E
  310
BC4F77364A9C1CA1A759A682EF839FA72269D8C9D92654AD71C72206887E0E0A22CAF926B15E498B01E0AA19451807D01A34B919F16B070157417138917400F2F6FA41FCF0092A45DEE414C19BDC21783E4BD39D891265658C3D8DEA00A3ACE59CBC8678ACB54CB26EEB6BD7839D7E9348BE70AD9C8321B9BCA7F9A4A26C54
  310
2347DEE050F09802D22BA6749A800A394DD62899107273365E3C82CFC6A55557BC06C10774B7ABE7AEC3B0F34CF06446280E154026D0542C187BA9DAB6628BF7B6DBB0E566B17C62EB0D63BCC976C107EF6DB9843110FC449477095CA2A2E54D1E3FC2577C449B80AC7D38FD01240228AD173AB78CFFCCA739BF6FC415F02F
  310
103F504B0304140006080800AC70623B2EA4D28F640500003C100000340000006662782F33394334313030352D393437462D344341332D393833322D3144373644414336394143352F6F626A656374732E786D6CAD575D739B3814FD2B0CFB6C30B1D3263B844E6CC71D4F376DA79E76F621331E01326103122389C4E9AFDF
  310
231018B09D7A3FFC609090EEE7B94757FE875D9E59CF54C894B31BDB73C6B64559C4E394253776A9B6A32BDBFA10F88273D559665B8CE4F4C6D6D376E027829785998AE99694991ACC2E677F5A32A28CDA569411296F6C193DD29C38A4543CA6F2C98989224EB2DD399E532FEC8B4D04291E07420B222853B014F30C52ACDA
  310
28AF3F1CDB6EE0BBFA7BE0EB7FB36A727A955BF9D3D79F32A9088B0E940DC44CBCE9E2EEE2F27A74399D4E46D37717DE68B69C2D46DEFBC978FE6E3EBFBEBDBB8662A90424194B04DDDAC147C446A491EFD69F5A8B8DE1C74C8A386334AAFC878795CD46624C0BCA62E431A512DA3A5E8FFB434FC7A6F379A2C7466577FA3C
  310
AFBA3B3A821ADB9B67D7521EFE0517E439A810926A54D5F1318ED6F81BEFA316729E996FA9B472A2A84849666569288878B5032CD54B02BF2746A35368846B0FECC0DBCBEBDA8AD2F835768F59B92DB34C43D30E2A646F807FAA646559FA938AE3DA60137255A64C5D1987D46B41EDE0DA77ABC9C0D78FC985F95807D2DA66
  310
2441CAE166FD75E0E85CD7DE6A61079F96E16EADEBF1B8F242F0820AA5E1036835896B9E3A4A46AD7756E6F40638D38BF93E28DF10F9CF28DFBD29C89B4877D3DDD468518230B9E522476E9C71F5B3C6CDCBA87D3B7C019F0D561FAE6967FED562DF6D8DED13C6A9FC015C3A3557FF3D7FFD987591DA495FE03FA3C0B89898
  310
50AE2392817AEE53868468505A19C714B87C1BEEEC6005A604B36317C9823620072FBEFB8CEFF8AF6583AD2AF59D274342077C7B06F323965559C0B6136039E0C94AB171EE54CC2FFF979AB95DAC3FAD4BB12511BD37C4B2A0DB94A50A67E71EBC5D837A89E879F4445F5FB888E1E86112D6DD24E4469544B475CC75E093E6
  310
B0D083BDE69E8208FB12AE39CFFF8586FB544634CB08A3BC6CB4B4C790C66A4B32A64F4015D6019D5C0C502CE873AA3B89DE8A9E5938EB2391163A64EDA1D7F2B473C297EFABCF00A51DCC5EFF20AF5DC20CF7741FF18C8B4DF8BAA999D006F8B0A78FEE1F7D789B88BA5A0A105F61B9A11C13E24D9C6EB7A504EF1E89E28F
  310
D5BC9BA996480E5F9A026A34D63539053BA3F68830F06D74A2211004073B679B14C738CAF2A8F2AEEEA10259C93D213F2CF36243725E32754E98C68D3F8DF5ADF06E17235F888A1EED605D3D473350764CE31309D547D0119F7AE979FFFEEA6E727BBD1C79B74BB4529717CBD1D5E5DC1B79B3B977395B4C96EF2638E6FA15
  310
D09C50DD1A44347122FAA5484D98BFAFF6656B07F74449F7635D506E523FBFAF1CB4C5BE8B3D0078BB71951719CD295344C3F75EBF64DF08BA8A9E8C7A7E9593849E21E5CBC7F5C006CC9CB1EFAB2E35FA32D86B66E7BA168E0A518F651E329266838DC671A7608971BB0965FBAC19BD19EA918927FA50C9B33406E1C45642
  310
794E1568E70CB6173995404CB72B8FCDEDE18CDDCF753FA84898D1C6924782963893403548A78C547FDEFA0D2D9CEEA26E6C1C76CE13FE4C21DA16527D6383DF541A51E984381E75E353090704D085B52408D0139664E8ACEB4DEDB8DDA56303FAC10968F4B74BCEE9968C5F3DE2CD4951E0D4EED16A659B5110FD23C71B73
  310
2CA2F01A96AAF5653FD13A53A909C03570A77DA0857832AA77A8AFB7DDF29C6A4D2F2267DD93DE04412D75A48848AA7B810EBA31E976F1D5452B60ADBE58455626C8E5F992468202CCA52E70A008A830320BA200D5F9EF0F5F05C75D34B7962920F030E779CE9919DC9ABBACB57EC4CD347E002D507DFD901763CF7BA8BA7E
  310
7311D984445287C4F209134DC1690F065803200F8E53733D73750E06CB570BCB1C185308AD407BD094D6D7700BC5A36F8EBA54BA6459BCD9F8BBD552A040A0650FFE06504B0304140006080000AC70623B000000000000000000000000350000006662782F33394334313030352D393437462D344341332D393833322D3144
  310
373644414336394143352F76657274696365732E62696E504B0304140006080800AC70623BF270F1330600000004000000360000006662782F33394334313030352D393437462D344341332D393833322D3144373644414336394143352F747269616E676C65732E62696E636660600000504B0304140006080000AC70623B
  310
000000000000000000000000370000006662782F33394334313030352D393437462D344341332D393833322D3144373644414336394143352F617474726962757465732E62696E504B0304140006080800AC70623B08DA0BD19000000041010000360000006662782F33394334313030352D393437462D344341332D393833
  310
322D3144373644414336394143352F6469726563746F72792E786D6C858F410AC3201045AF22B36F53E9A60B35CBEEBAE80D244E44489C6234F4F835464A48035D0DF398FF9F8AF63D0E6CC63039F212F8F9020C7D47C6792B21C5FE7403D62A1188E2E60C98D7234A5830286103A55745067B9D86B8A3CF9C7F90C11DE607
  310
FB144396D7B6A82D282E9A152AD114D5EF2CB866EEE831B8EEA07A7BB5A8D7D61A2BAAEB7FD5F70921FF497D00504B0304140006080800AC70623B95BFD5E5FE000000A00100003B0000006662782F33394334313030352D393437462D344341332D393833322D3144373644414336394143352F7265736F75726365732F63
  310
6F72652E786D6C8D50596E833010BD0A9ADFCA603B1B41C611699213F40296992456828DBC543D7E4DA052FBD79F99D15B344F4F1CBE8667F1893E18675B60258502AD76BDB1B71652BC921A8A8314DEB9F84B06855503B630C120C5CDBB342E907636A28D19B5AEC70554216084423FF3D142D0771C54A952CC8AF02847A5
  310
1FEA86252B339D755284E87380627E324D901E834B5E6310D5CC4A9192E9178DE9F34F7335E841EE38DBEEF8A5239B13ADC9FA589FC971F77E2217BEDDAFB61DEBE8B916D56496229AE127A3F6A822F62039A57BC218A1FC83AD1BBA69F8E68DD60DA5A29AE47F4C69ECFF694AC6C6155FE2CEB60092E5202F428A6AEA2BAF
  310
5799794FDDCA6F504B010214000A0000080000AC70623B3DEE336E79000000790000001B00000000000000000000000000000000006175746F6465736B2D64657369676E2D7061636B6167652E786D6C504B01021400140006080800AC70623BD486FD9CA0000000F40000001300000000000000000000000000B20000005B
  310
436F6E74656E745F54797065735D2E786D6C504B01021400140006080800AC70623BFD5588D4EC0000007C010000080000000000000000000000000083010000636F72652E786D6C504B01021400140006080800AC70623B55019EA25F0000007C000000070000000000000000000000000095020000636E782E786D6C504B
  310
01021400140006080800AC70623BB5D38BAD72010000D40300000C00000000000000000000000000190300006662782F636F72652E786D6C504B01021400140006080800AC70623B09885E1C7E0000009D0000000B00000000000000000000000000B50400006662782F636E782E786D6C504B01021400140006080800AC70
  310
623B961D28872A0100001202000031000000000000000000000000005C0500006662782F33394334313030352D393437462D344341332D393833322D3144373644414336394143352F636F72652E786D6C504B01021400140006080800AC70623B503B51794E010000330300003000000000000000000000000000D5060000
  310
6662782F33394334313030352D393437462D344341332D393833322D3144373644414336394143352F636E782E786D6C504B01021400140006080800AC70623B2EA4D28F640500003C1000003400000000000000000000000000710800006662782F33394334313030352D393437462D344341332D393833322D3144373644
  310
414336394143352F6F626A656374732E786D6C504B01021400140006080000AC70623B0000000000000000000000003500000000000000000000000000270E00006662782F33394334313030352D393437462D344341332D393833322D3144373644414336394143352F76657274696365732E62696E504B01021400140006
  310
080800AC70623BF270F133060000000400000036000000000000000000000000007A0E00006662782F33394334313030352D393437462D344341332D393833322D3144373644414336394143352F747269616E676C65732E62696E504B01021400140006080000AC70623B0000000000000000000000003700000000000000
  310
000000000000D40E00006662782F33394334313030352D393437462D344341332D393833322D3144373644414336394143352F617474726962757465732E62696E504B01021400140006080800AC70623B08DA0BD190000000410100003600000000000000000000000000290F00006662782F33394334313030352D393437
  310
462D344341332D393833322D3144373644414336394143352F6469726563746F72792E786D6C504B01021400140006080800AC70623B95BFD5E5FE000000A00100003B000000000000000000000000000D1000006662782F33394334313030352D393437462D344341332D393833322D3144373644414336394143352F7265
  310
736F75726365732F636F72652E786D6C504B0506000000000E000E0080040000641100000000
  0
XRECORD
  5
10D
  102
{ACAD_REACTORS
  330
10B
  102
}
  330
10B
  100
AcDbXrecord
  280
1
  270
1
  271
1
  0
XRECORD
  5
10C
  102
{ACAD_REACTORS
  330
10B
  102
}
  330
10B
  100
AcDbXrecord
  280
1
  270
1
  271
1
  0
XRECORD
  5
187
  102
{ACAD_REACTORS
  330
10B
  102
}
  330
10B
  100
AcDbXrecord
  280
1
  70
0
  90
1778669749
  1
7E355024-1ABF-47F9-966E-F2159FBE82AB
  310
504B03040A0000080000AC70623B3DEE336E79000000790000001B0000006175746F6465736B2D64657369676E2D7061636B6167652E786D6C3C3F786D6C2076657273696F6E3D22312E302220656E636F64696E673D227574662D3822203F3E3C666F726D6174733E3C666F726D61743E687474703A2F2F736368656D612E
  310
6175746F6465736B2E636F6D2F64657369676E2D7061636B6167652F323030393C2F666F726D61743E3C2F666F726D6174733E504B0304140006080800AC70623BD486FD9CA0000000F4000000130000005B436F6E74656E745F54797065735D2E786D6C7D8EC10E82300C865F65E91D8A1E8C310C0EEA1BF002731658846E
  310
D98AC1B77784ABF1D8FE5FBFBF75BBCE937A534CCEB38643598122B6FEE978D0B0485F9C41B54DDD7D022595594E1A469170414C76A4D9A4D207E29CF43ECE46F218070CC6BECC4078ACAA135ACF422C856C0E68EA1BF5669944DDD7BCDE7B1F8E415D77AECB980613C2E4AC91FC167A2B244592486606FC29C8FD7F045B9A
  310
EF7053A7E60B504B0304140006080800AC70623BDCE527C8EB0000007C01000008000000636F72652E786D6C8D90416EC3201045AF82665B6103B15DC7C24471249FA01740405C94182C03558F5F9C3852BBEB6A467FFE9B197D7EFA9EEFE8CBACC17AD7032D0820E394D7D64D3DA478C52DA093E0ABF7F1970D9093B3E961
  310
9341F069F569D925E55D342E66D5796D76518660222075CF4D0F417D9A591632C5EC08B76291EA262753D05797E194AC46CF2356E77DF66ACD0A621C9B73335C463C5E0E1457EC9DE2A1612D3E9233A92BD2D66333F07283058F767EDD57AB91D168108C9023A61413F641AB8ED41DABDF48DB11C2CBCDFE074A8BFE2794AC
  310
8B07B6BFFBC402089A1F790C042FB72C72790495EB969BF801504B0304140006080800AC70623B55019EA25F0000007C00000007000000636E782E786D6C4DCB3B0E80201045D1AD90E915ED2CF8AC45050C11660C8261F98AB1B07AC9C97D42D718D865D3E909258CFD00CCE24AC6E326A164D74DC0B4128928FF32603847
  310
2BA13128B1252AC747C6BAB984FC68F0B87FE8960A5C09FE86CFB69FBA01504B0304140006080800AC70623BB24894EB71010000D40300000C0000006662782F636F72652E786D6CC5535B6E833010BC8AE5DF0A6C085012194749244ED00B38E05014B091B1518EDFE511A5A9D228FD2A1F60CDEC7A67C6986D2F6D830669
  310
FA5AAB0C073EC548AA4297B5AA32ECECC94B31DA7266B4B6DFCA3052A295191E61CC5965B4EB16A8D0CA4A650155BA940B28FA5E5A8C8A061619EE8B4FD90A5F380B15FDD9EF44711695F4031F68A8E3ACB70604A079C8F8C6FC74BC3032E39C3957970B5B9730AD3ED5D2609EE7C92ED91F722F3FAC022F0ADF036F9F84A9
  310
B7A63B1A47348DF364CFC8D8CC99ADDBABBAC2486165897948E9DA0B028F861F41B4A1F1268CDF68BAA19491B1FCAEC975E58B4DAE5676152E72E7B61EF300844CC40FB7109145BD18400FE18C8C21C2674AF83E68080442B6E2D85C7D9C011A6461B5898029B5BB5183689C84A9D4A7D3837E5F303277C2D4697370FD7046
  310
F8F28CE73BC2510B5581096161797476D4C9660D4B689D34DE602F4869D38AE6351B4F1CFE89BA897F28A9D08D36FFA5882C074496DF838CF7917F01504B0304140006080800AC70623B3A54DFB77D0000009D0000000B0000006662782F636E782E786D6C4DCCD10A83201805E05791FFDEA5EBA76DA046A37C8F581632D3
  310
613AF6F8B3D1C52E0E073E0E47B49FD591B7899B0D5E023F3120C63FC264FD2221A7995E81B44AC410D2DF0C881F5723616750628921BF0E9ACC3C66978A3AEB9F07B2A6D77AB87514F95953EC39D20EEF9C6AD60C88BC2EB940A544F57B2ABD1FAB2F504B0304140006080800AC70623B4A17098729010000120200003100
  310
00006662782F30364446464539412D343132462D344431342D413442312D4630364534343133343431372F636F72652E786D6C8D515B6EC32010BC0AE22B55850D0E76930813A54A7C825E80DA244589C1E251E5F85D6A476AFFF2018B7667666759B1BF8F37F4AD7D30CEB6981514236D7B37187B69718A67B2C1682F8577
  310
2EFE816164D5A85B9CD3588A8B77695A52BDB351DB0859EB06BD2455083A62D4DFE0D1E2D07FE951152A4540846B31A9FEAA2EBA600594012745881E0CA0B949BEB1A4CDB1EB4EDB03E1ACEA083F324E0EFC9D918E3627CED91ACE9B2867A214299961A19B01EC98B3D1FE59914C96229AF161BFF75A453D605951BA258C11
  310
5A7D30BEA3F5AEAA5FE96647A92833FC1F294DC393A4646C5C578BDD9916B064A29C0B520C2E7DDE1E66F47D723EA2DC6F1574FF02531594D6AC69443903617C506CF8A218A2F3F0BDABEB2760593DCB365C8A326F08C2EFFA20E66DCA1F504B0304140006080800AC70623B503B51794E0100003303000030000000666278
  310
2F30364446464539412D343132462D344431342D413442312D4630364534343133343431372F636E782E786D6CD593C16EC32010447F0571AD6CE3D489D20813A9877E410FBD62D82434182CC055F3F75D1292E692438FBD206B7698593D61BEFD1E2DF982108D773D6D6B460938E5B571FB9ECE6957AD29D90A1EBC4F7736
  310
4A9C1CA1A759A682EF839FA72269D8C9D92654AD71C72206887E0E0A22CAF926B15E498B01E0AA19451807D01A34B919F16B070157417138917400F2F6FA41FCF0092A45DEE414C19BDC21783E4BD39D891265658C3D8DEA00A3ACE59CBC8678ACB54CB26EEB6BD7839D7E9348BE70AD9C8321B9BCA7F9A4A26C542347DEE0
  310
50F09802D22BA6749A800A394DD62899107273365E3C82CFC6A55557BC06C10774B7ABE7AEC3B0F34CF06446280E154026D0542C187BA9DAB6628BF7B6DBB0E566B17C62EB0D63BCC976C107EF6DB9843110FC449477095CA2A2E54D1E3FC2577C449B80AC7D38FD01240228AD173AB78CFFCCA739BF6FC415F02F103F504B
  310
0304140006080800AC70623BD8F6D0D5660500003B100000340000006662782F30364446464539412D343132462D344431342D413442312D4630364534343133343431372F6F626A656374732E786D6CAD575B8F9B3814FE2B887D064292B964C5504D92491555D3568D5AEDC348910187610730B2CD4C667FFD7E06438024
  310
6DF6928780CDF1B97EE762EFC33E4B8D57CA45C2F23BD3B547A641F39045491EDF99A5DC59B7A6F1C1F73863B243661A39C9E89DA9B64DDF8B392B0BBD15D11D295339D85DCDFF304448736A1A614A84B83345F84C33629352B2888A173B2292D8F16E6FBB764DD8671B73523C0F981684D35C4253ECE7E062D44AB9FDE5C8
  310
747CCF51DF7D4FFD6BAAC9792AA7B2A72F3FC985247978246CC066E24E970FE3AB9975359D4EACE9F5D8B5E6ABF9D2726F26A3C5F56231BB7F9841B0901C9CB4269CEE4CFF237CC393D073EA4FADC65AF1532A852CCF6958D90F0B2B9D35C78816348F10C7840A48EB583DEA2F5DE59BCEE7895A6B91DDEDCBACEA9EE8306A
  310
746F9E5D4D59F0274C1097A0820BAA5055FB471B5AE36F74F05AC058AABF25C2C888A43C21A991260127FCDDF441AA487CAFC746A1932B842B0B4CDF3DF0EBEA8AD4F835764F69B92BD35441D3F42B646F817F2A45A559F217E5A7A54127C4AA4C7279AB0D92EF0535FD99E7549BBEA71E93B1FE583BD2D8A52446C86166FD
  310
7560E842E5DE7A69FA9F56C17EA3F2F1B4F082B38272A9E0036835816B9ECA4B5AAC7B51E4D40118D3F3F9C129DFE0F9CF48DF832A881B4FF6D3FD544B919CE462C77886D8D8A3EA678C9A17AB7D3B7E413D1B501FD3B43BFF8AD8735A65FB05E35CFC002E159ADBFF1EBFBECFBA48ED84CFF75E91608C4FB42B372149517A
  310
1E931C0151A03452862DD4F25DB037FD352A252A3B4E91D46F1D72F4E239AFF88EFF9A37AA5525BEF3CC11D041BDBDA0F2C397555A40B7336039AA9395606DDC399F5FFD2F3973BFDC7CDA947C4742FAA80BCB92EE923C91E89D07F07615EA05A267D10B7D7F633C82A1C741D8748390695102DE563E578E8F9B66A11607C9
  310
3D0121CEC54CD53CEF17121E1311D2342539656523A56D430AAB6D91D17302B2B076E8643C4031A7AF899A247A143DB5D0EB439E14CA656DD36BEBB47DC696EFEBCF0025E8531690F440141CAA7DC852C6B7C1FBB62E8426B087237D70FFE8A35B3BD4515C00F80ACA4DC5D11EDE46C96E570A94DD134EFCB15E7403D5D691
  310
E397267F1A89754A4E519C917A846BF43632310F7082BECEF26D822E8EAC3C29BC2B7B2840547CCFF00FCAACD8928C95B9BCC44DA3C69E46FB96797788116F4486CFA6BFA99ED61C153BA2D121543D10A80E74C2A65E786E1E265757A3F1D472EFE72B6B7AB39A59B3EBEB076B3576AF66ABF9C3EDF87EDE6A5469E27B4D83
  310
EAA620BC8986E8953CD16EFEBE3E64ADE93F12299C8F753E3971FDFCBEB631157B0ECE00DFEDC17556A434A3B9240ABD8FEA25FD463054F478D4FBEB8CC4F4022E5F3E6E063A60E782735F55A6D1B7C159BDBB50B97092897C2EB32027493A38A80DB78B3CD66637AE6C9F75416F966AA5FD893154B03489506F2223A62CA3
  310
1255E78262CF332A8098EE501EE9CBC305A75FEB71509220A58D26CF0413712A806AC0AD0C657FDFF80D139C1AA2EE4CF43AFB057F3A114D03A1BE3351DE6412526107E88E6AEEA998030218C2DA1A08A8913C4E3158D787DA757B4AF906E5070D50CB6F492E1996B45DBDBA9B91A240D3EE55D54A372D20FC478637EA1844
  310
E23528656BCB61A335A61283CCAA8DD257034C102F5AF41EF9F573B35CBBA2E979E4A26BD24F415073B524E171752D50FA6995EE975F1D4C02C6FA8B51A4658C585ECEC9E214602E558203454085E6591009A82E7E7FFACA19AEA299B14A0081A705CB3296EBC5BDBECA1A9B675C4CA3279405AA6E1F623C72DDA76AE8D7F7
  310
906D4004B549245EB0D1249CB260803500F2A89BEA10382A0603F2F5D2D00D630AA615688F66D2FA166E2079D4C551A54AB758163F9DFB9D8A1460E098D8FDBF01504B0304140006080000AC70623B000000000000000000000000350000006662782F30364446464539412D343132462D344431342D413442312D46303645
  310
34343133343431372F76657274696365732E62696E504B0304140006080800AC70623BF270F1330600000004000000360000006662782F30364446464539412D343132462D344431342D413442312D4630364534343133343431372F747269616E676C65732E62696E636660600000504B0304140006080000AC70623B0000
  310
00000000000000000000370000006662782F30364446464539412D343132462D344431342D413442312D4630364534343133343431372F617474726962757465732E62696E504B0304140006080800AC70623B08DA0BD19000000041010000360000006662782F30364446464539412D343132462D344431342D413442312D
  310
4630364534343133343431372F6469726563746F72792E786D6C858F410AC3201045AF22B36F53E9A60B35CBEEBAE80D244E44489C6234F4F835464A48035D0DF398FF9F8AF63D0E6CC63039F212F8F9020C7D47C6792B21C5FE7403D62A1188E2E60C98D7234A5830286103A55745067B9D86B8A3CF9C7F90C11DE607FB14
  310
4396D7B6A82D282E9A152AD114D5EF2CB866EEE831B8EEA07A7BB5A8D7D61A2BAAEB7FD5F70921FF497D00504B0304140006080800AC70623BB40F7AF9FE000000A00100003B0000006662782F30364446464539412D343132462D344431342D413442312D4630364534343133343431372F7265736F75726365732F636F72
  310
652E786D6C8D504B6E833010BD0A9A6D65B00950828CA3109513F4029699502BC146FE543D7E4D42A576D7CDCCE87D344F8F9FBE967BF689CE6B6B7A6039850C8DB29336730F315C490BD94970676DF82583CCC8057BD860107C7636AE3BA4AC096842428D9D7007A5F7182053F774F4E0D5072E3297312485BFE5AB543739
  310
63CEF244279DE03EB814207B3ED9260887DE46A7D0F3E2C90A1EA39E768D9ED24F7DD5E8408C63736E86CB1B192F0746AAF29591A1295B72A4675A57B4ADC766E0C566163CE8E527A37228034E204A4A8F843142CB775675B4EECAFA85B61DA5BCD8E47F4C719DFE698ADA8443B9C77DDA3C0896823C08C18BADAFB41E65A6
  310
BD752BBE01504B010214000A0000080000AC70623B3DEE336E79000000790000001B00000000000000000000000000000000006175746F6465736B2D64657369676E2D7061636B6167652E786D6C504B01021400140006080800AC70623BD486FD9CA0000000F40000001300000000000000000000000000B20000005B436F
  310
6E74656E745F54797065735D2E786D6C504B01021400140006080800AC70623BDCE527C8EB0000007C010000080000000000000000000000000083010000636F72652E786D6C504B01021400140006080800AC70623B55019EA25F0000007C000000070000000000000000000000000094020000636E782E786D6C504B0102
  310
1400140006080800AC70623BB24894EB71010000D40300000C00000000000000000000000000180300006662782F636F72652E786D6C504B01021400140006080800AC70623B3A54DFB77D0000009D0000000B00000000000000000000000000B30400006662782F636E782E786D6C504B01021400140006080800AC70623B
  310
4A17098729010000120200003100000000000000000000000000590500006662782F30364446464539412D343132462D344431342D413442312D4630364534343133343431372F636F72652E786D6C504B01021400140006080800AC70623B503B51794E010000330300003000000000000000000000000000D10600006662
  310
782F30364446464539412D343132462D344431342D413442312D4630364534343133343431372F636E782E786D6C504B01021400140006080800AC70623BD8F6D0D5660500003B10000034000000000000000000000000006D0800006662782F30364446464539412D343132462D344431342D413442312D46303645343431
  310
33343431372F6F626A656374732E786D6C504B01021400140006080000AC70623B0000000000000000000000003500000000000000000000000000250E00006662782F30364446464539412D343132462D344431342D413442312D4630364534343133343431372F76657274696365732E62696E504B010214001400060808
  310
00AC70623BF270F13306000000040000003600000000000000000000000000780E00006662782F30364446464539412D343132462D344431342D413442312D4630364534343133343431372F747269616E676C65732E62696E504B01021400140006080000AC70623B00000000000000000000000037000000000000000000
  310
00000000D20E00006662782F30364446464539412D343132462D344431342D413442312D4630364534343133343431372F617474726962757465732E62696E504B01021400140006080800AC70623B08DA0BD190000000410100003600000000000000000000000000270F00006662782F30364446464539412D343132462D
  310
344431342D413442312D4630364534343133343431372F6469726563746F72792E786D6C504B01021400140006080800AC70623BB40F7AF9FE000000A00100003B000000000000000000000000000B1000006662782F30364446464539412D343132462D344431342D413442312D4630364534343133343431372F7265736F
  310
75726365732F636F72652E786D6C504B0506000000000E000E0080040000621100000000
  0
XRECORD
  5
10E
  102
{ACAD_REACTORS
  330
10B
  102
}
  330
10B
  100
AcDbXrecord
  280
1
  270
1
  271
1
  0
XRECORD
  5
10F
  102
{ACAD_REACTORS
  330
10B
  102
}
  330
10B
  100
AcDbXrecord
  280
1
  270
1
  271
1
  0
XRECORD
  5
33B
  102
{ACAD_REACTORS
  330
33A
  102
}
  330
33A
  100
AcDbXrecord
  280
1
  102
DISPLAYNAME
  1
Imperial24
  102
FLAGS
  90
0
  0
CELLSTYLEMAP
  5
300
  102
{ACAD_REACTORS
  330
FF
  102
}
  330
FF
  100
AcDbCellStyleMap
  90
3
  300
CELLSTYLE
  1
TABLEFORMAT_BEGIN
  90
5
  170
1
  91
0
  92
32768
  62
257
  93
1
  300
CONTENTFORMAT
  1
CONTENTFORMAT_BEGIN
  90
0
  91
0
  92
512
  93
0
  300

  40
0
  140
1
  94
5
  62
0
  340
11
  144
0.25
  309
CONTENTFORMAT_END
  171
1
  301
MARGIN
  1
CELLMARGIN_BEGIN
  40
0.06
  40
0.06
  40
0.06
  40
0.06
  40
0.18
  40
0.18
  309
CELLMARGIN_END
  94
6
  95
1
  302
GRIDFORMAT
  1
GRIDFORMAT_BEGIN
  90
0
  91
1
  62
0
  92
-2
  340
0
  93
0
  40
0.045
  309
GRIDFORMAT_END
  95
2
  302
GRIDFORMAT
  1
GRIDFORMAT_BEGIN
  90
0
  91
1
  62
0
  92
-2
  340
0
  93
0
  40
0.045
  309
GRIDFORMAT_END
  95
4
  302
GRIDFORMAT
  1
GRIDFORMAT_BEGIN
  90
0
  91
1
  62
0
  92
-2
  340
0
  93
0
  40
0.045
  309
GRIDFORMAT_END
  95
8
  302
GRIDFORMAT
  1
GRIDFORMAT_BEGIN
  90
0
  91
1
  62
0
  92
-2
  340
0
  93
0
  40
0.045
  309
GRIDFORMAT_END
  95
16
  302
GRIDFORMAT
  1
GRIDFORMAT_BEGIN
  90
0
  91
1
  62
0
  92
-2
  340
0
  93
0
  40
0.045
  309
GRIDFORMAT_END
  95
32
  302
GRIDFORMAT
  1
GRIDFORMAT_BEGIN
  90
0
  91
1
  62
0
  92
-2
  340
0
  93
0
  40
0.045
  309
GRIDFORMAT_END
  309
TABLEFORMAT_END
  1
CELLSTYLE_BEGIN
  90
1
  91
1
  300
_TITLE
  309
CELLSTYLE_END
  300
CELLSTYLE
  1
TABLEFORMAT_BEGIN
  90
5
  170
1
  91
0
  92
0
  62
257
  93
1
  300
CONTENTFORMAT
  1
CONTENTFORMAT_BEGIN
  90
0
  91
0
  92
512
  93
0
  300

  40
0
  140
1
  94
5
  62
0
  340
11
  144
0.18
  309
CONTENTFORMAT_END
  171
1
  301
MARGIN
  1
CELLMARGIN_BEGIN
  40
0.06
  40
0.06
  40
0.06
  40
0.06
  40
0.18
  40
0.18
  309
CELLMARGIN_END
  94
6
  95
1
  302
GRIDFORMAT
  1
GRIDFORMAT_BEGIN
  90
0
  91
1
  62
0
  92
-2
  340
0
  93
0
  40
0.045
  309
GRIDFORMAT_END
  95
2
  302
GRIDFORMAT
  1
GRIDFORMAT_BEGIN
  90
0
  91
1
  62
0
  92
-2
  340
0
  93
0
  40
0.045
  309
GRIDFORMAT_END
  95
4
  302
GRIDFORMAT
  1
GRIDFORMAT_BEGIN
  90
0
  91
1
  62
0
  92
-2
  340
0
  93
0
  40
0.045
  309
GRIDFORMAT_END
  95
8
  302
GRIDFORMAT
  1
GRIDFORMAT_BEGIN
  90
0
  91
1
  62
0
  92
-2
  340
0
  93
0
  40
0.045
  309
GRIDFORMAT_END
  95
16
  302
GRIDFORMAT
  1
GRIDFORMAT_BEGIN
  90
0
  91
1
  62
0
  92
-2
  340
0
  93
0
  40
0.045
  309
GRIDFORMAT_END
  95
32
  302
GRIDFORMAT
  1
GRIDFORMAT_BEGIN
  90
0
  91
1
  62
0
  92
-2
  340
0
  93
0
  40
0.045
  309
GRIDFORMAT_END
  309
TABLEFORMAT_END
  1
CELLSTYLE_BEGIN
  90
2
  91
1
  300
_HEADER
  309
CELLSTYLE_END
  300
CELLSTYLE
  1
TABLEFORMAT_BEGIN
  90
5
  170
1
  91
0
  92
0
  62
257
  93
1
  300
CONTENTFORMAT
  1
CONTENTFORMAT_BEGIN
  90
0
  91
0
  92
512
  93
0
  300

  40
0
  140
1
  94
2
  62
0
  340
11
  144
0.18
  309
CONTENTFORMAT_END
  171
1
  301
MARGIN
  1
CELLMARGIN_BEGIN
  40
0.06
  40
0.06
  40
0.06
  40
0.06
  40
0.18
  40
0.18
  309
CELLMARGIN_END
  94
6
  95
1
  302
GRIDFORMAT
  1
GRIDFORMAT_BEGIN
  90
0
  91
1
  62
0
  92
-2
  340
0
  93
0
  40
0.045
  309
GRIDFORMAT_END
  95
2
  302
GRIDFORMAT
  1
GRIDFORMAT_BEGIN
  90
0
  91
1
  62
0
  92
-2
  340
0
  93
0
  40
0.045
  309
GRIDFORMAT_END
  95
4
  302
GRIDFORMAT
  1
GRIDFORMAT_BEGIN
  90
0
  91
1
  62
0
  92
-2
  340
0
  93
0
  40
0.045
  309
GRIDFORMAT_END
  95
8
  302
GRIDFORMAT
  1
GRIDFORMAT_BEGIN
  90
0
  91
1
  62
0
  92
-2
  340
0
  93
0
  40
0.045
  309
GRIDFORMAT_END
  95
16
  302
GRIDFORMAT
  1
GRIDFORMAT_BEGIN
  90
0
  91
1
  62
0
  92
-2
  340
0
  93
0
  40
0.045
  309
GRIDFORMAT_END
  95
32
  302
GRIDFORMAT
  1
GRIDFORMAT_BEGIN
  90
0
  91
1
  62
0
  92
-2
  340
0
  93
0
  40
0.045
  309
GRIDFORMAT_END
  309
TABLEFORMAT_END
  1
CELLSTYLE_BEGIN
  90
3
  91
2
  300
_DATA
  309
CELLSTYLE_END
  0
XRECORD
  5
315
  102
{ACAD_REACTORS
  330
314
  102
}
  330
314
  100
AcDbXrecord
  280
1
  102
RTVSPost2010Prop28
  280
1
  102
RTVSPost2010PropOp28
  70
1
  102
RTVSPost2010Prop29
  280
1
  102
RTVSPost2010PropOp29
  70
1
  102
RTVSPost2010Prop30
  280
0
  102
RTVSPost2010PropOp30
  70
1
  102
RTVSPost2010Prop31
  280
0
  102
RTVSPost2010PropOp31
  70
1
  102
RTVSPost2010Prop32
  280
0
  102
RTVSPost2010PropOp32
  70
1
  102
RTVSPost2010Prop33
  280
0
  102
RTVSPost2010PropOp33
  70
1
  102
RTVSPost2010Prop34
  280
0
  102
RTVSPost2010PropOp34
  70
1
  102
RTVSPost2010Prop35
  280
0
  102
RTVSPost2010PropOp35
  70
1
  102
RTVSPost2010Prop36
  280
0
  102
RTVSPost2010PropOp36
  70
1
  102
RTVSPost2010Prop37
  90
50
  102
RTVSPost2010PropOp37
  70
1
  102
RTVSPost2010Prop38
  140
0
  102
RTVSPost2010PropOp38
  70
1
  102
RTVSPost2010Prop39
  140
1
  102
RTVSPost2010PropOp39
  70
1
  102
RTVSPost2010Prop40
  90
0
  102
RTVSPost2010PropOp40
  70
1
  102
RTVSPost2010Prop41ColorIndex
  90
18
  102
RTVSPost2010Prop41ColorRGB
  90
0
  102
RTVSPost2010PropOp41
  70
1
  102
RTVSPost2010Prop42
  90
50
  102
RTVSPost2010PropOp42
  70
1
  102
RTVSPost2010Prop43
  90
3
  102
RTVSPost2010PropOp43
  70
1
  102
RTVSPost2010Prop44ColorIndex
  90
5
  102
RTVSPost2010Prop44ColorRGB
  90
255
  102
RTVSPost2010PropOp44
  70
1
  102
RTVSPost2010Prop45
  280
0
  102
RTVSPost2010PropOp45
  70
1
  102
RTVSPost2010Prop46
  90
50
  102
RTVSPost2010PropOp46
  70
1
  102
RTVSPost2010Prop47
  90
50
  102
RTVSPost2010PropOp47
  70
1
  102
RTVSPost2010Prop48
  90
50
  102
RTVSPost2010PropOp48
  70
1
  102
RTVSPost2010Prop49
  280
0
  102
RTVSPost2010PropOp49
  70
1
  102
RTVSPost2010Prop50
  90
50
  102
RTVSPost2010PropOp50
  70
1
  102
RTVSPost2010Prop51ColorIndex
  90
256
  102
RTVSPost2010Prop51ColorRGB
  90
-16777216
  102
RTVSPost2010PropOp51
  70
0
  102
RTVSPost2010Prop52
  140
1
  102
RTVSPost2010PropOp52
  70
0
  102
RTVSPost2010Prop53
  90
2
  102
RTVSPost2010PropOp53
  70
1
  102
RTVSPost2010Prop54
  1
strokes_ogs.tif
  102
RTVSPost2010PropOp54
  70
1
  102
RTVSPost2010Prop55
  280
0
  102
RTVSPost2010PropOp55
  70
1
  102
RTVSPost2010Prop56
  140
1
  102
RTVSPost2010PropOp56
  70
1
  102
RTVSPost2010Prop57
  140
1
  102
RTVSPost2010PropOp57
  70
1
  102
RTVSPropertyOp0
  70
1
  102
RTVSPropertyOp1
  70
1
  102
RTVSPropertyOp2
  70
1
  102
RTVSPropertyOp3
  70
1
  102
RTVSPropertyOp4
  70
1
  102
RTVSPropertyOp5
  70
1
  102
RTVSPropertyOp6
  70
1
  102
RTVSPropertyOp7
  70
1
  102
RTVSPropertyOp8
  70
1
  102
RTVSPropertyOp9
  70
1
  102
RTVSPropertyOp10
  70
1
  102
RTVSPropertyOp11
  70
1
  102
RTVSPropertyOp12
  70
1
  102
RTVSPropertyOp13
  70
1
  102
RTVSPropertyOp14
  70
1
  102
RTVSPropertyOp15
  70
1
  102
RTVSPropertyOp16
  70
1
  102
RTVSPropertyOp17
  70
1
  102
RTVSPropertyOp18
  70
1
  102
RTVSPropertyOp19
  70
1
  102
RTVSPropertyOp20
  70
1
  102
RTVSPropertyOp21
  70
1
  102
RTVSPropertyOp22
  70
1
  102
RTVSPropertyOp23
  70
1
  102
RTVSPropertyOp24
  70
1
  102
RTVSPropertyOp25
  70
1
  102
RTVSPropertyOp26
  70
1
  102
RTVSPropertyOp27
  70
1
  102
RTVSPropertyOp28
  70
1
  102
RTVSPropertyOp29
  70
1
  102
RTVSPropertyOp30
  70
1
  102
RTVSPropertyOp31
  70
1
  102
RTVSPropertyOp32
  70
1
  102
RTVSPropertyOp33
  70
1
  102
RTVSPropertyOp34
  70
1
  102
RTVSPropertyOp35
  70
1
  102
RTVSPropertyOp36
  70
1
  102
RTVSPropertyOp37
  70
1
  102
RTVSPropertyOp38
  70
1
  102
RTVSPropertyOp39
  70
1
  102
RTVSPropertyOp40
  70
1
  102
RTVSPropertyOp41
  70
1
  102
RTVSPropertyOp42
  70
1
  102
RTVSPropertyOp43
  70
1
  102
RTVSPropertyOp44
  70
1
  102
RTVSPropertyOp45
  70
1
  102
RTVSPropertyOp46
  70
1
  102
RTVSPropertyOp47
  70
1
  102
RTVSPropertyOp48
  70
1
  102
RTVSPropertyOp49
  70
1
  102
RTVSPropertyOp50
  70
1
  102
RTVSPropertyOp51
  70
0
  102
RTVSPropertyOp52
  70
0
  102
RTVSPropertyOp53
  70
1
  102
RTVSPropertyOp54
  70
1
  102
RTVSPropertyOp55
  70
1
  102
RTVSPropertyOp56
  70
1
  102
RTVSPropertyOp57
  70
1
  102
RTVSPropertyOp58
  70
1
  102
RTVSPropertyOp59
  70
1
  102
RTVSPropertyOp60
  70
1
  102
RTVSPropertyOp61
  70
1
  102
RTVSPropertyOp62
  70
1
  0
XRECORD
  5
313
  102
{ACAD_REACTORS
  330
312
  102
}
  330
312
  100
AcDbXrecord
  280
1
  102
RTVSPost2010Prop28
  280
0
  102
RTVSPost2010PropOp28
  70
1
  102
RTVSPost2010Prop29
  280
1
  102
RTVSPost2010PropOp29
  70
1
  102
RTVSPost2010Prop30
  280
1
  102
RTVSPost2010PropOp30
  70
1
  102
RTVSPost2010Prop31
  280
0
  102
RTVSPost2010PropOp31
  70
1
  102
RTVSPost2010Prop32
  280
0
  102
RTVSPost2010PropOp32
  70
1
  102
RTVSPost2010Prop33
  280
0
  102
RTVSPost2010PropOp33
  70
1
  102
RTVSPost2010Prop34
  280
0
  102
RTVSPost2010PropOp34
  70
1
  102
RTVSPost2010Prop35
  280
0
  102
RTVSPost2010PropOp35
  70
1
  102
RTVSPost2010Prop36
  280
0
  102
RTVSPost2010PropOp36
  70
1
  102
RTVSPost2010Prop37
  90
50
  102
RTVSPost2010PropOp37
  70
1
  102
RTVSPost2010Prop38
  140
0
  102
RTVSPost2010PropOp38
  70
1
  102
RTVSPost2010Prop39
  140
1
  102
RTVSPost2010PropOp39
  70
1
  102
RTVSPost2010Prop40
  90
0
  102
RTVSPost2010PropOp40
  70
1
  102
RTVSPost2010Prop41ColorIndex
  90
18
  102
RTVSPost2010Prop41ColorRGB
  90
0
  102
RTVSPost2010PropOp41
  70
1
  102
RTVSPost2010Prop42
  90
50
  102
RTVSPost2010PropOp42
  70
1
  102
RTVSPost2010Prop43
  90
3
  102
RTVSPost2010PropOp43
  70
1
  102
RTVSPost2010Prop44ColorIndex
  90
5
  102
RTVSPost2010Prop44ColorRGB
  90
255
  102
RTVSPost2010PropOp44
  70
1
  102
RTVSPost2010Prop45
  280
0
  102
RTVSPost2010PropOp45
  70
1
  102
RTVSPost2010Prop46
  90
50
  102
RTVSPost2010PropOp46
  70
1
  102
RTVSPost2010Prop47
  90
50
  102
RTVSPost2010PropOp47
  70
1
  102
RTVSPost2010Prop48
  90
50
  102
RTVSPost2010PropOp48
  70
1
  102
RTVSPost2010Prop49
  280
0
  102
RTVSPost2010PropOp49
  70
1
  102
RTVSPost2010Prop50
  90
50
  102
RTVSPost2010PropOp50
  70
1
  102
RTVSPost2010Prop51ColorIndex
  90
256
  102
RTVSPost2010Prop51ColorRGB
  90
-16777216
  102
RTVSPost2010PropOp51
  70
0
  102
RTVSPost2010Prop52
  140
1
  102
RTVSPost2010PropOp52
  70
0
  102
RTVSPost2010Prop53
  90
2
  102
RTVSPost2010PropOp53
  70
1
  102
RTVSPost2010Prop54
  1
strokes_ogs.tif
  102
RTVSPost2010PropOp54
  70
1
  102
RTVSPost2010Prop55
  280
0
  102
RTVSPost2010PropOp55
  70
1
  102
RTVSPost2010Prop56
  140
1
  102
RTVSPost2010PropOp56
  70
1
  102
RTVSPost2010Prop57
  140
1
  102
RTVSPost2010PropOp57
  70
1
  102
RTVSPropertyOp0
  70
1
  102
RTVSPropertyOp1
  70
1
  102
RTVSPropertyOp2
  70
1
  102
RTVSPropertyOp3
  70
1
  102
RTVSPropertyOp4
  70
1
  102
RTVSPropertyOp5
  70
1
  102
RTVSPropertyOp6
  70
1
  102
RTVSPropertyOp7
  70
1
  102
RTVSPropertyOp8
  70
1
  102
RTVSPropertyOp9
  70
1
  102
RTVSPropertyOp10
  70
1
  102
RTVSPropertyOp11
  70
1
  102
RTVSPropertyOp12
  70
1
  102
RTVSPropertyOp13
  70
1
  102
RTVSPropertyOp14
  70
1
  102
RTVSPropertyOp15
  70
1
  102
RTVSPropertyOp16
  70
1
  102
RTVSPropertyOp17
  70
1
  102
RTVSPropertyOp18
  70
1
  102
RTVSPropertyOp19
  70
1
  102
RTVSPropertyOp20
  70
1
  102
RTVSPropertyOp21
  70
1
  102
RTVSPropertyOp22
  70
1
  102
RTVSPropertyOp23
  70
1
  102
RTVSPropertyOp24
  70
1
  102
RTVSPropertyOp25
  70
1
  102
RTVSPropertyOp26
  70
1
  102
RTVSPropertyOp27
  70
1
  102
RTVSPropertyOp28
  70
1
  102
RTVSPropertyOp29
  70
1
  102
RTVSPropertyOp30
  70
1
  102
RTVSPropertyOp31
  70
1
  102
RTVSPropertyOp32
  70
1
  102
RTVSPropertyOp33
  70
1
  102
RTVSPropertyOp34
  70
1
  102
RTVSPropertyOp35
  70
1
  102
RTVSPropertyOp36
  70
1
  102
RTVSPropertyOp37
  70
1
  102
RTVSPropertyOp38
  70
1
  102
RTVSPropertyOp39
  70
1
  102
RTVSPropertyOp40
  70
1
  102
RTVSPropertyOp41
  70
1
  102
RTVSPropertyOp42
  70
1
  102
RTVSPropertyOp43
  70
1
  102
RTVSPropertyOp44
  70
1
  102
RTVSPropertyOp45
  70
1
  102
RTVSPropertyOp46
  70
1
  102
RTVSPropertyOp47
  70
1
  102
RTVSPropertyOp48
  70
1
  102
RTVSPropertyOp49
  70
1
  102
RTVSPropertyOp50
  70
1
  102
RTVSPropertyOp51
  70
0
  102
RTVSPropertyOp52
  70
0
  102
RTVSPropertyOp53
  70
1
  102
RTVSPropertyOp54
  70
1
  102
RTVSPropertyOp55
  70
1
  102
RTVSPropertyOp56
  70
1
  102
RTVSPropertyOp57
  70
1
  102
RTVSPropertyOp58
  70
1
  102
RTVSPropertyOp59
  70
1
  102
RTVSPropertyOp60
  70
1
  102
RTVSPropertyOp61
  70
1
  102
RTVSPropertyOp62
  70
1
  0
XRECORD
  5
321
  102
{ACAD_REACTORS
  330
320
  102
}
  330
320
  100
AcDbXrecord
  280
1
  102
RTVSPost2010Prop28
  280
0
  102
RTVSPost2010PropOp28
  70
1
  102
RTVSPost2010Prop29
  280
1
  102
RTVSPost2010PropOp29
  70
1
  102
RTVSPost2010Prop30
  280
1
  102
RTVSPost2010PropOp30
  70
1
  102
RTVSPost2010Prop31
  280
0
  102
RTVSPost2010PropOp31
  70
1
  102
RTVSPost2010Prop32
  280
0
  102
RTVSPost2010PropOp32
  70
1
  102
RTVSPost2010Prop33
  280
0
  102
RTVSPost2010PropOp33
  70
1
  102
RTVSPost2010Prop34
  280
0
  102
RTVSPost2010PropOp34
  70
1
  102
RTVSPost2010Prop35
  280
0
  102
RTVSPost2010PropOp35
  70
1
  102
RTVSPost2010Prop36
  280
0
  102
RTVSPost2010PropOp36
  70
1
  102
RTVSPost2010Prop37
  90
50
  102
RTVSPost2010PropOp37
  70
1
  102
RTVSPost2010Prop38
  140
0
  102
RTVSPost2010PropOp38
  70
1
  102
RTVSPost2010Prop39
  140
1
  102
RTVSPost2010PropOp39
  70
1
  102
RTVSPost2010Prop40
  90
0
  102
RTVSPost2010PropOp40
  70
1
  102
RTVSPost2010Prop41ColorIndex
  90
18
  102
RTVSPost2010Prop41ColorRGB
  90
0
  102
RTVSPost2010PropOp41
  70
1
  102
RTVSPost2010Prop42
  90
50
  102
RTVSPost2010PropOp42
  70
1
  102
RTVSPost2010Prop43
  90
3
  102
RTVSPost2010PropOp43
  70
1
  102
RTVSPost2010Prop44ColorIndex
  90
5
  102
RTVSPost2010Prop44ColorRGB
  90
255
  102
RTVSPost2010PropOp44
  70
1
  102
RTVSPost2010Prop45
  280
0
  102
RTVSPost2010PropOp45
  70
1
  102
RTVSPost2010Prop46
  90
50
  102
RTVSPost2010PropOp46
  70
1
  102
RTVSPost2010Prop47
  90
50
  102
RTVSPost2010PropOp47
  70
1
  102
RTVSPost2010Prop48
  90
50
  102
RTVSPost2010PropOp48
  70
1
  102
RTVSPost2010Prop49
  280
0
  102
RTVSPost2010PropOp49
  70
1
  102
RTVSPost2010Prop50
  90
50
  102
RTVSPost2010PropOp50
  70
1
  102
RTVSPost2010Prop51ColorIndex
  90
256
  102
RTVSPost2010Prop51ColorRGB
  90
-16777216
  102
RTVSPost2010PropOp51
  70
0
  102
RTVSPost2010Prop52
  140
1
  102
RTVSPost2010PropOp52
  70
0
  102
RTVSPost2010Prop53
  90
2
  102
RTVSPost2010PropOp53
  70
1
  102
RTVSPost2010Prop54
  1
strokes_ogs.tif
  102
RTVSPost2010PropOp54
  70
1
  102
RTVSPost2010Prop55
  280
0
  102
RTVSPost2010PropOp55
  70
1
  102
RTVSPost2010Prop56
  140
1
  102
RTVSPost2010PropOp56
  70
1
  102
RTVSPost2010Prop57
  140
1
  102
RTVSPost2010PropOp57
  70
1
  102
RTVSPropertyOp0
  70
1
  102
RTVSPropertyOp1
  70
1
  102
RTVSPropertyOp2
  70
1
  102
RTVSPropertyOp3
  70
1
  102
RTVSPropertyOp4
  70
1
  102
RTVSPropertyOp5
  70
1
  102
RTVSPropertyOp6
  70
1
  102
RTVSPropertyOp7
  70
1
  102
RTVSPropertyOp8
  70
1
  102
RTVSPropertyOp9
  70
1
  102
RTVSPropertyOp10
  70
1
  102
RTVSPropertyOp11
  70
1
  102
RTVSPropertyOp12
  70
1
  102
RTVSPropertyOp13
  70
1
  102
RTVSPropertyOp14
  70
1
  102
RTVSPropertyOp15
  70
1
  102
RTVSPropertyOp16
  70
1
  102
RTVSPropertyOp17
  70
1
  102
RTVSPropertyOp18
  70
1
  102
RTVSPropertyOp19
  70
1
  102
RTVSPropertyOp20
  70
1
  102
RTVSPropertyOp21
  70
1
  102
RTVSPropertyOp22
  70
1
  102
RTVSPropertyOp23
  70
1
  102
RTVSPropertyOp24
  70
1
  102
RTVSPropertyOp25
  70
1
  102
RTVSPropertyOp26
  70
1
  102
RTVSPropertyOp27
  70
1
  102
RTVSPropertyOp28
  70
1
  102
RTVSPropertyOp29
  70
1
  102
RTVSPropertyOp30
  70
1
  102
RTVSPropertyOp31
  70
1
  102
RTVSPropertyOp32
  70
1
  102
RTVSPropertyOp33
  70
1
  102
RTVSPropertyOp34
  70
1
  102
RTVSPropertyOp35
  70
1
  102
RTVSPropertyOp36
  70
1
  102
RTVSPropertyOp37
  70
1
  102
RTVSPropertyOp38
  70
1
  102
RTVSPropertyOp39
  70
1
  102
RTVSPropertyOp40
  70
1
  102
RTVSPropertyOp41
  70
1
  102
RTVSPropertyOp42
  70
1
  102
RTVSPropertyOp43
  70
1
  102
RTVSPropertyOp44
  70
1
  102
RTVSPropertyOp45
  70
1
  102
RTVSPropertyOp46
  70
1
  102
RTVSPropertyOp47
  70
1
  102
RTVSPropertyOp48
  70
1
  102
RTVSPropertyOp49
  70
1
  102
RTVSPropertyOp50
  70
1
  102
RTVSPropertyOp51
  70
0
  102
RTVSPropertyOp52
  70
0
  102
RTVSPropertyOp53
  70
1
  102
RTVSPropertyOp54
  70
1
  102
RTVSPropertyOp55
  70
1
  102
RTVSPropertyOp56
  70
1
  102
RTVSPropertyOp57
  70
1
  102
RTVSPropertyOp58
  70
1
  102
RTVSPropertyOp59
  70
1
  102
RTVSPropertyOp60
  70
1
  102
RTVSPropertyOp61
  70
1
  102
RTVSPropertyOp62
  70
1
  0
XRECORD
  5
329
  102
{ACAD_REACTORS
  330
328
  102
}
  330
328
  100
AcDbXrecord
  280
1
  102
RTVSPost2010Prop28
  280
0
  102
RTVSPost2010PropOp28
  70
1
  102
RTVSPost2010Prop29
  280
1
  102
RTVSPost2010PropOp29
  70
1
  102
RTVSPost2010Prop30
  280
1
  102
RTVSPost2010PropOp30
  70
1
  102
RTVSPost2010Prop31
  280
0
  102
RTVSPost2010PropOp31
  70
1
  102
RTVSPost2010Prop32
  280
0
  102
RTVSPost2010PropOp32
  70
1
  102
RTVSPost2010Prop33
  280
0
  102
RTVSPost2010PropOp33
  70
1
  102
RTVSPost2010Prop34
  280
0
  102
RTVSPost2010PropOp34
  70
1
  102
RTVSPost2010Prop35
  280
0
  102
RTVSPost2010PropOp35
  70
1
  102
RTVSPost2010Prop36
  280
0
  102
RTVSPost2010PropOp36
  70
1
  102
RTVSPost2010Prop37
  90
50
  102
RTVSPost2010PropOp37
  70
1
  102
RTVSPost2010Prop38
  140
0
  102
RTVSPost2010PropOp38
  70
1
  102
RTVSPost2010Prop39
  140
1
  102
RTVSPost2010PropOp39
  70
1
  102
RTVSPost2010Prop40
  90
0
  102
RTVSPost2010PropOp40
  70
1
  102
RTVSPost2010Prop41ColorIndex
  90
18
  102
RTVSPost2010Prop41ColorRGB
  90
0
  102
RTVSPost2010PropOp41
  70
1
  102
RTVSPost2010Prop42
  90
50
  102
RTVSPost2010PropOp42
  70
1
  102
RTVSPost2010Prop43
  90
3
  102
RTVSPost2010PropOp43
  70
1
  102
RTVSPost2010Prop44ColorIndex
  90
5
  102
RTVSPost2010Prop44ColorRGB
  90
255
  102
RTVSPost2010PropOp44
  70
1
  102
RTVSPost2010Prop45
  280
0
  102
RTVSPost2010PropOp45
  70
1
  102
RTVSPost2010Prop46
  90
50
  102
RTVSPost2010PropOp46
  70
1
  102
RTVSPost2010Prop47
  90
50
  102
RTVSPost2010PropOp47
  70
1
  102
RTVSPost2010Prop48
  90
50
  102
RTVSPost2010PropOp48
  70
1
  102
RTVSPost2010Prop49
  280
0
  102
RTVSPost2010PropOp49
  70
1
  102
RTVSPost2010Prop50
  90
50
  102
RTVSPost2010PropOp50
  70
1
  102
RTVSPost2010Prop51ColorIndex
  90
256
  102
RTVSPost2010Prop51ColorRGB
  90
-16777216
  102
RTVSPost2010PropOp51
  70
0
  102
RTVSPost2010Prop52
  140
1
  102
RTVSPost2010PropOp52
  70
0
  102
RTVSPost2010Prop53
  90
2
  102
RTVSPost2010PropOp53
  70
1
  102
RTVSPost2010Prop54
  1
strokes_ogs.tif
  102
RTVSPost2010PropOp54
  70
1
  102
RTVSPost2010Prop55
  280
0
  102
RTVSPost2010PropOp55
  70
1
  102
RTVSPost2010Prop56
  140
1
  102
RTVSPost2010PropOp56
  70
1
  102
RTVSPost2010Prop57
  140
1
  102
RTVSPost2010PropOp57
  70
1
  102
RTVSPropertyOp0
  70
1
  102
RTVSPropertyOp1
  70
1
  102
RTVSPropertyOp2
  70
1
  102
RTVSPropertyOp3
  70
1
  102
RTVSPropertyOp4
  70
1
  102
RTVSPropertyOp5
  70
1
  102
RTVSPropertyOp6
  70
1
  102
RTVSPropertyOp7
  70
1
  102
RTVSPropertyOp8
  70
1
  102
RTVSPropertyOp9
  70
1
  102
RTVSPropertyOp10
  70
1
  102
RTVSPropertyOp11
  70
1
  102
RTVSPropertyOp12
  70
1
  102
RTVSPropertyOp13
  70
1
  102
RTVSPropertyOp14
  70
1
  102
RTVSPropertyOp15
  70
1
  102
RTVSPropertyOp16
  70
1
  102
RTVSPropertyOp17
  70
1
  102
RTVSPropertyOp18
  70
1
  102
RTVSPropertyOp19
  70
1
  102
RTVSPropertyOp20
  70
1
  102
RTVSPropertyOp21
  70
1
  102
RTVSPropertyOp22
  70
1
  102
RTVSPropertyOp23
  70
1
  102
RTVSPropertyOp24
  70
1
  102
RTVSPropertyOp25
  70
1
  102
RTVSPropertyOp26
  70
1
  102
RTVSPropertyOp27
  70
1
  102
RTVSPropertyOp28
  70
1
  102
RTVSPropertyOp29
  70
1
  102
RTVSPropertyOp30
  70
1
  102
RTVSPropertyOp31
  70
1
  102
RTVSPropertyOp32
  70
1
  102
RTVSPropertyOp33
  70
1
  102
RTVSPropertyOp34
  70
1
  102
RTVSPropertyOp35
  70
1
  102
RTVSPropertyOp36
  70
1
  102
RTVSPropertyOp37
  70
1
  102
RTVSPropertyOp38
  70
1
  102
RTVSPropertyOp39
  70
1
  102
RTVSPropertyOp40
  70
1
  102
RTVSPropertyOp41
  70
1
  102
RTVSPropertyOp42
  70
1
  102
RTVSPropertyOp43
  70
1
  102
RTVSPropertyOp44
  70
1
  102
RTVSPropertyOp45
  70
1
  102
RTVSPropertyOp46
  70
1
  102
RTVSPropertyOp47
  70
1
  102
RTVSPropertyOp48
  70
1
  102
RTVSPropertyOp49
  70
1
  102
RTVSPropertyOp50
  70
1
  102
RTVSPropertyOp51
  70
0
  102
RTVSPropertyOp52
  70
0
  102
RTVSPropertyOp53
  70
1
  102
RTVSPropertyOp54
  70
1
  102
RTVSPropertyOp55
  70
1
  102
RTVSPropertyOp56
  70
1
  102
RTVSPropertyOp57
  70
1
  102
RTVSPropertyOp58
  70
1
  102
RTVSPropertyOp59
  70
1
  102
RTVSPropertyOp60
  70
1
  102
RTVSPropertyOp61
  70
1
  102
RTVSPropertyOp62
  70
1
  0
XRECORD
  5
31B
  102
{ACAD_REACTORS
  330
31A
  102
}
  330
31A
  100
AcDbXrecord
  280
1
  102
RTVSPost2010Prop28
  280
0
  102
RTVSPost2010PropOp28
  70
1
  102
RTVSPost2010Prop29
  280
1
  102
RTVSPost2010PropOp29
  70
1
  102
RTVSPost2010Prop30
  280
1
  102
RTVSPost2010PropOp30
  70
1
  102
RTVSPost2010Prop31
  280
0
  102
RTVSPost2010PropOp31
  70
1
  102
RTVSPost2010Prop32
  280
0
  102
RTVSPost2010PropOp32
  70
1
  102
RTVSPost2010Prop33
  280
0
  102
RTVSPost2010PropOp33
  70
1
  102
RTVSPost2010Prop34
  280
0
  102
RTVSPost2010PropOp34
  70
1
  102
RTVSPost2010Prop35
  280
0
  102
RTVSPost2010PropOp35
  70
1
  102
RTVSPost2010Prop36
  280
0
  102
RTVSPost2010PropOp36
  70
1
  102
RTVSPost2010Prop37
  90
50
  102
RTVSPost2010PropOp37
  70
1
  102
RTVSPost2010Prop38
  140
0
  102
RTVSPost2010PropOp38
  70
1
  102
RTVSPost2010Prop39
  140
1
  102
RTVSPost2010PropOp39
  70
1
  102
RTVSPost2010Prop40
  90
0
  102
RTVSPost2010PropOp40
  70
1
  102
RTVSPost2010Prop41ColorIndex
  90
18
  102
RTVSPost2010Prop41ColorRGB
  90
0
  102
RTVSPost2010PropOp41
  70
1
  102
RTVSPost2010Prop42
  90
50
  102
RTVSPost2010PropOp42
  70
1
  102
RTVSPost2010Prop43
  90
3
  102
RTVSPost2010PropOp43
  70
1
  102
RTVSPost2010Prop44ColorIndex
  90
5
  102
RTVSPost2010Prop44ColorRGB
  90
255
  102
RTVSPost2010PropOp44
  70
1
  102
RTVSPost2010Prop45
  280
0
  102
RTVSPost2010PropOp45
  70
1
  102
RTVSPost2010Prop46
  90
50
  102
RTVSPost2010PropOp46
  70
1
  102
RTVSPost2010Prop47
  90
50
  102
RTVSPost2010PropOp47
  70
1
  102
RTVSPost2010Prop48
  90
50
  102
RTVSPost2010PropOp48
  70
1
  102
RTVSPost2010Prop49
  280
0
  102
RTVSPost2010PropOp49
  70
1
  102
RTVSPost2010Prop50
  90
50
  102
RTVSPost2010PropOp50
  70
1
  102
RTVSPost2010Prop51ColorIndex
  90
256
  102
RTVSPost2010Prop51ColorRGB
  90
-16777216
  102
RTVSPost2010PropOp51
  70
0
  102
RTVSPost2010Prop52
  140
1
  102
RTVSPost2010PropOp52
  70
0
  102
RTVSPost2010Prop53
  90
2
  102
RTVSPost2010PropOp53
  70
1
  102
RTVSPost2010Prop54
  1
strokes_ogs.tif
  102
RTVSPost2010PropOp54
  70
1
  102
RTVSPost2010Prop55
  280
0
  102
RTVSPost2010PropOp55
  70
1
  102
RTVSPost2010Prop56
  140
1
  102
RTVSPost2010PropOp56
  70
1
  102
RTVSPost2010Prop57
  140
1
  102
RTVSPost2010PropOp57
  70
1
  102
RTVSPropertyOp0
  70
1
  102
RTVSPropertyOp1
  70
1
  102
RTVSPropertyOp2
  70
1
  102
RTVSPropertyOp3
  70
1
  102
RTVSPropertyOp4
  70
1
  102
RTVSPropertyOp5
  70
1
  102
RTVSPropertyOp6
  70
1
  102
RTVSPropertyOp7
  70
1
  102
RTVSPropertyOp8
  70
1
  102
RTVSPropertyOp9
  70
1
  102
RTVSPropertyOp10
  70
1
  102
RTVSPropertyOp11
  70
1
  102
RTVSPropertyOp12
  70
1
  102
RTVSPropertyOp13
  70
1
  102
RTVSPropertyOp14
  70
1
  102
RTVSPropertyOp15
  70
1
  102
RTVSPropertyOp16
  70
1
  102
RTVSPropertyOp17
  70
1
  102
RTVSPropertyOp18
  70
1
  102
RTVSPropertyOp19
  70
1
  102
RTVSPropertyOp20
  70
1
  102
RTVSPropertyOp21
  70
1
  102
RTVSPropertyOp22
  70
1
  102
RTVSPropertyOp23
  70
1
  102
RTVSPropertyOp24
  70
1
  102
RTVSPropertyOp25
  70
1
  102
RTVSPropertyOp26
  70
1
  102
RTVSPropertyOp27
  70
1
  102
RTVSPropertyOp28
  70
1
  102
RTVSPropertyOp29
  70
1
  102
RTVSPropertyOp30
  70
1
  102
RTVSPropertyOp31
  70
1
  102
RTVSPropertyOp32
  70
1
  102
RTVSPropertyOp33
  70
1
  102
RTVSPropertyOp34
  70
1
  102
RTVSPropertyOp35
  70
1
  102
RTVSPropertyOp36
  70
1
  102
RTVSPropertyOp37
  70
1
  102
RTVSPropertyOp38
  70
1
  102
RTVSPropertyOp39
  70
1
  102
RTVSPropertyOp40
  70
1
  102
RTVSPropertyOp41
  70
1
  102
RTVSPropertyOp42
  70
1
  102
RTVSPropertyOp43
  70
1
  102
RTVSPropertyOp44
  70
1
  102
RTVSPropertyOp45
  70
1
  102
RTVSPropertyOp46
  70
1
  102
RTVSPropertyOp47
  70
1
  102
RTVSPropertyOp48
  70
1
  102
RTVSPropertyOp49
  70
1
  102
RTVSPropertyOp50
  70
1
  102
RTVSPropertyOp51
  70
0
  102
RTVSPropertyOp52
  70
0
  102
RTVSPropertyOp53
  70
1
  102
RTVSPropertyOp54
  70
1
  102
RTVSPropertyOp55
  70
1
  102
RTVSPropertyOp56
  70
1
  102
RTVSPropertyOp57
  70
1
  102
RTVSPropertyOp58
  70
1
  102
RTVSPropertyOp59
  70
1
  102
RTVSPropertyOp60
  70
1
  102
RTVSPropertyOp61
  70
1
  102
RTVSPropertyOp62
  70
1
  0
XRECORD
  5
31F
  102
{ACAD_REACTORS
  330
31E
  102
}
  330
31E
  100
AcDbXrecord
  280
1
  102
RTVSPost2010Prop28
  280
0
  102
RTVSPost2010PropOp28
  70
1
  102
RTVSPost2010Prop29
  280
1
  102
RTVSPost2010PropOp29
  70
1
  102
RTVSPost2010Prop30
  280
1
  102
RTVSPost2010PropOp30
  70
1
  102
RTVSPost2010Prop31
  280
0
  102
RTVSPost2010PropOp31
  70
1
  102
RTVSPost2010Prop32
  280
0
  102
RTVSPost2010PropOp32
  70
1
  102
RTVSPost2010Prop33
  280
0
  102
RTVSPost2010PropOp33
  70
1
  102
RTVSPost2010Prop34
  280
0
  102
RTVSPost2010PropOp34
  70
1
  102
RTVSPost2010Prop35
  280
0
  102
RTVSPost2010PropOp35
  70
1
  102
RTVSPost2010Prop36
  280
0
  102
RTVSPost2010PropOp36
  70
1
  102
RTVSPost2010Prop37
  90
50
  102
RTVSPost2010PropOp37
  70
1
  102
RTVSPost2010Prop38
  140
0
  102
RTVSPost2010PropOp38
  70
1
  102
RTVSPost2010Prop39
  140
1
  102
RTVSPost2010PropOp39
  70
1
  102
RTVSPost2010Prop40
  90
0
  102
RTVSPost2010PropOp40
  70
1
  102
RTVSPost2010Prop41ColorIndex
  90
18
  102
RTVSPost2010Prop41ColorRGB
  90
0
  102
RTVSPost2010PropOp41
  70
1
  102
RTVSPost2010Prop42
  90
50
  102
RTVSPost2010PropOp42
  70
1
  102
RTVSPost2010Prop43
  90
3
  102
RTVSPost2010PropOp43
  70
1
  102
RTVSPost2010Prop44ColorIndex
  90
5
  102
RTVSPost2010Prop44ColorRGB
  90
255
  102
RTVSPost2010PropOp44
  70
1
  102
RTVSPost2010Prop45
  280
0
  102
RTVSPost2010PropOp45
  70
1
  102
RTVSPost2010Prop46
  90
50
  102
RTVSPost2010PropOp46
  70
1
  102
RTVSPost2010Prop47
  90
50
  102
RTVSPost2010PropOp47
  70
1
  102
RTVSPost2010Prop48
  90
50
  102
RTVSPost2010PropOp48
  70
1
  102
RTVSPost2010Prop49
  280
0
  102
RTVSPost2010PropOp49
  70
1
  102
RTVSPost2010Prop50
  90
50
  102
RTVSPost2010PropOp50
  70
1
  102
RTVSPost2010Prop51ColorIndex
  90
256
  102
RTVSPost2010Prop51ColorRGB
  90
-16777216
  102
RTVSPost2010PropOp51
  70
0
  102
RTVSPost2010Prop52
  140
1
  102
RTVSPost2010PropOp52
  70
0
  102
RTVSPost2010Prop53
  90
2
  102
RTVSPost2010PropOp53
  70
1
  102
RTVSPost2010Prop54
  1
strokes_ogs.tif
  102
RTVSPost2010PropOp54
  70
1
  102
RTVSPost2010Prop55
  280
0
  102
RTVSPost2010PropOp55
  70
1
  102
RTVSPost2010Prop56
  140
1
  102
RTVSPost2010PropOp56
  70
1
  102
RTVSPost2010Prop57
  140
1
  102
RTVSPost2010PropOp57
  70
1
  102
RTVSPropertyOp0
  70
1
  102
RTVSPropertyOp1
  70
1
  102
RTVSPropertyOp2
  70
1
  102
RTVSPropertyOp3
  70
1
  102
RTVSPropertyOp4
  70
1
  102
RTVSPropertyOp5
  70
1
  102
RTVSPropertyOp6
  70
1
  102
RTVSPropertyOp7
  70
1
  102
RTVSPropertyOp8
  70
1
  102
RTVSPropertyOp9
  70
1
  102
RTVSPropertyOp10
  70
1
  102
RTVSPropertyOp11
  70
1
  102
RTVSPropertyOp12
  70
1
  102
RTVSPropertyOp13
  70
1
  102
RTVSPropertyOp14
  70
1
  102
RTVSPropertyOp15
  70
1
  102
RTVSPropertyOp16
  70
1
  102
RTVSPropertyOp17
  70
1
  102
RTVSPropertyOp18
  70
1
  102
RTVSPropertyOp19
  70
1
  102
RTVSPropertyOp20
  70
1
  102
RTVSPropertyOp21
  70
1
  102
RTVSPropertyOp22
  70
1
  102
RTVSPropertyOp23
  70
1
  102
RTVSPropertyOp24
  70
1
  102
RTVSPropertyOp25
  70
1
  102
RTVSPropertyOp26
  70
1
  102
RTVSPropertyOp27
  70
1
  102
RTVSPropertyOp28
  70
1
  102
RTVSPropertyOp29
  70
1
  102
RTVSPropertyOp30
  70
1
  102
RTVSPropertyOp31
  70
1
  102
RTVSPropertyOp32
  70
1
  102
RTVSPropertyOp33
  70
1
  102
RTVSPropertyOp34
  70
1
  102
RTVSPropertyOp35
  70
1
  102
RTVSPropertyOp36
  70
1
  102
RTVSPropertyOp37
  70
1
  102
RTVSPropertyOp38
  70
1
  102
RTVSPropertyOp39
  70
1
  102
RTVSPropertyOp40
  70
1
  102
RTVSPropertyOp41
  70
1
  102
RTVSPropertyOp42
  70
1
  102
RTVSPropertyOp43
  70
1
  102
RTVSPropertyOp44
  70
1
  102
RTVSPropertyOp45
  70
1
  102
RTVSPropertyOp46
  70
1
  102
RTVSPropertyOp47
  70
1
  102
RTVSPropertyOp48
  70
1
  102
RTVSPropertyOp49
  70
1
  102
RTVSPropertyOp50
  70
1
  102
RTVSPropertyOp51
  70
0
  102
RTVSPropertyOp52
  70
0
  102
RTVSPropertyOp53
  70
1
  102
RTVSPropertyOp54
  70
1
  102
RTVSPropertyOp55
  70
1
  102
RTVSPropertyOp56
  70
1
  102
RTVSPropertyOp57
  70
1
  102
RTVSPropertyOp58
  70
1
  102
RTVSPropertyOp59
  70
1
  102
RTVSPropertyOp60
  70
1
  102
RTVSPropertyOp61
  70
1
  102
RTVSPropertyOp62
  70
1
  0
XRECORD
  5
32F
  102
{ACAD_REACTORS
  330
32E
  102
}
  330
32E
  100
AcDbXrecord
  280
1
  102
RTVSPost2010Prop28
  280
0
  102
RTVSPost2010PropOp28
  70
1
  102
RTVSPost2010Prop29
  280
1
  102
RTVSPost2010PropOp29
  70
1
  102
RTVSPost2010Prop30
  280
1
  102
RTVSPost2010PropOp30
  70
1
  102
RTVSPost2010Prop31
  280
0
  102
RTVSPost2010PropOp31
  70
1
  102
RTVSPost2010Prop32
  280
0
  102
RTVSPost2010PropOp32
  70
1
  102
RTVSPost2010Prop33
  280
0
  102
RTVSPost2010PropOp33
  70
1
  102
RTVSPost2010Prop34
  280
0
  102
RTVSPost2010PropOp34
  70
1
  102
RTVSPost2010Prop35
  280
0
  102
RTVSPost2010PropOp35
  70
1
  102
RTVSPost2010Prop36
  280
0
  102
RTVSPost2010PropOp36
  70
1
  102
RTVSPost2010Prop37
  90
50
  102
RTVSPost2010PropOp37
  70
1
  102
RTVSPost2010Prop38
  140
0
  102
RTVSPost2010PropOp38
  70
1
  102
RTVSPost2010Prop39
  140
1
  102
RTVSPost2010PropOp39
  70
1
  102
RTVSPost2010Prop40
  90
0
  102
RTVSPost2010PropOp40
  70
1
  102
RTVSPost2010Prop41ColorIndex
  90
18
  102
RTVSPost2010Prop41ColorRGB
  90
0
  102
RTVSPost2010PropOp41
  70
1
  102
RTVSPost2010Prop42
  90
50
  102
RTVSPost2010PropOp42
  70
1
  102
RTVSPost2010Prop43
  90
3
  102
RTVSPost2010PropOp43
  70
1
  102
RTVSPost2010Prop44ColorIndex
  90
5
  102
RTVSPost2010Prop44ColorRGB
  90
255
  102
RTVSPost2010PropOp44
  70
1
  102
RTVSPost2010Prop45
  280
0
  102
RTVSPost2010PropOp45
  70
1
  102
RTVSPost2010Prop46
  90
50
  102
RTVSPost2010PropOp46
  70
1
  102
RTVSPost2010Prop47
  90
50
  102
RTVSPost2010PropOp47
  70
1
  102
RTVSPost2010Prop48
  90
50
  102
RTVSPost2010PropOp48
  70
1
  102
RTVSPost2010Prop49
  280
0
  102
RTVSPost2010PropOp49
  70
1
  102
RTVSPost2010Prop50
  90
50
  102
RTVSPost2010PropOp50
  70
1
  102
RTVSPost2010Prop51ColorIndex
  90
256
  102
RTVSPost2010Prop51ColorRGB
  90
-16777216
  102
RTVSPost2010PropOp51
  70
0
  102
RTVSPost2010Prop52
  140
1
  102
RTVSPost2010PropOp52
  70
0
  102
RTVSPost2010Prop53
  90
2
  102
RTVSPost2010PropOp53
  70
1
  102
RTVSPost2010Prop54
  1
strokes_ogs.tif
  102
RTVSPost2010PropOp54
  70
1
  102
RTVSPost2010Prop55
  280
0
  102
RTVSPost2010PropOp55
  70
1
  102
RTVSPost2010Prop56
  140
1
  102
RTVSPost2010PropOp56
  70
1
  102
RTVSPost2010Prop57
  140
1
  102
RTVSPost2010PropOp57
  70
1
  102
RTVSPropertyOp0
  70
0
  102
RTVSPropertyOp1
  70
0
  102
RTVSPropertyOp2
  70
0
  102
RTVSPropertyOp3
  70
0
  102
RTVSPropertyOp4
  70
0
  102
RTVSPropertyOp5
  70
0
  102
RTVSPropertyOp6
  70
0
  102
RTVSPropertyOp7
  70
0
  102
RTVSPropertyOp8
  70
0
  102
RTVSPropertyOp9
  70
0
  102
RTVSPropertyOp10
  70
0
  102
RTVSPropertyOp11
  70
0
  102
RTVSPropertyOp12
  70
0
  102
RTVSPropertyOp13
  70
0
  102
RTVSPropertyOp14
  70
2
  102
RTVSPropertyOp15
  70
0
  102
RTVSPropertyOp16
  70
0
  102
RTVSPropertyOp17
  70
0
  102
RTVSPropertyOp18
  70
0
  102
RTVSPropertyOp19
  70
0
  102
RTVSPropertyOp20
  70
0
  102
RTVSPropertyOp21
  70
0
  102
RTVSPropertyOp22
  70
0
  102
RTVSPropertyOp23
  70
0
  102
RTVSPropertyOp24
  70
0
  102
RTVSPropertyOp25
  70
0
  102
RTVSPropertyOp26
  70
0
  102
RTVSPropertyOp27
  70
0
  102
RTVSPropertyOp28
  70
1
  102
RTVSPropertyOp29
  70
1
  102
RTVSPropertyOp30
  70
1
  102
RTVSPropertyOp31
  70
1
  102
RTVSPropertyOp32
  70
1
  102
RTVSPropertyOp33
  70
1
  102
RTVSPropertyOp34
  70
1
  102
RTVSPropertyOp35
  70
1
  102
RTVSPropertyOp36
  70
1
  102
RTVSPropertyOp37
  70
1
  102
RTVSPropertyOp38
  70
1
  102
RTVSPropertyOp39
  70
1
  102
RTVSPropertyOp40
  70
1
  102
RTVSPropertyOp41
  70
1
  102
RTVSPropertyOp42
  70
1
  102
RTVSPropertyOp43
  70
1
  102
RTVSPropertyOp44
  70
1
  102
RTVSPropertyOp45
  70
1
  102
RTVSPropertyOp46
  70
1
  102
RTVSPropertyOp47
  70
1
  102
RTVSPropertyOp48
  70
1
  102
RTVSPropertyOp49
  70
1
  102
RTVSPropertyOp50
  70
1
  102
RTVSPropertyOp51
  70
0
  102
RTVSPropertyOp52
  70
0
  102
RTVSPropertyOp53
  70
1
  102
RTVSPropertyOp54
  70
1
  102
RTVSPropertyOp55
  70
1
  102
RTVSPropertyOp56
  70
1
  102
RTVSPropertyOp57
  70
1
  102
RTVSPropertyOp58
  70
1
  102
RTVSPropertyOp59
  70
1
  102
RTVSPropertyOp60
  70
1
  102
RTVSPropertyOp61
  70
1
  102
RTVSPropertyOp62
  70
1
  0
XRECORD
  5
327
  102
{ACAD_REACTORS
  330
326
  102
}
  330
326
  100
AcDbXrecord
  280
1
  102
RTVSPost2010Prop28
  280
0
  102
RTVSPost2010PropOp28
  70
1
  102
RTVSPost2010Prop29
  280
1
  102
RTVSPost2010PropOp29
  70
1
  102
RTVSPost2010Prop30
  280
1
  102
RTVSPost2010PropOp30
  70
1
  102
RTVSPost2010Prop31
  280
0
  102
RTVSPost2010PropOp31
  70
1
  102
RTVSPost2010Prop32
  280
0
  102
RTVSPost2010PropOp32
  70
1
  102
RTVSPost2010Prop33
  280
0
  102
RTVSPost2010PropOp33
  70
1
  102
RTVSPost2010Prop34
  280
0
  102
RTVSPost2010PropOp34
  70
1
  102
RTVSPost2010Prop35
  280
0
  102
RTVSPost2010PropOp35
  70
1
  102
RTVSPost2010Prop36
  280
0
  102
RTVSPost2010PropOp36
  70
1
  102
RTVSPost2010Prop37
  90
50
  102
RTVSPost2010PropOp37
  70
1
  102
RTVSPost2010Prop38
  140
0
  102
RTVSPost2010PropOp38
  70
1
  102
RTVSPost2010Prop39
  140
1
  102
RTVSPost2010PropOp39
  70
1
  102
RTVSPost2010Prop40
  90
0
  102
RTVSPost2010PropOp40
  70
1
  102
RTVSPost2010Prop41ColorIndex
  90
18
  102
RTVSPost2010Prop41ColorRGB
  90
0
  102
RTVSPost2010PropOp41
  70
1
  102
RTVSPost2010Prop42
  90
50
  102
RTVSPost2010PropOp42
  70
1
  102
RTVSPost2010Prop43
  90
3
  102
RTVSPost2010PropOp43
  70
1
  102
RTVSPost2010Prop44ColorIndex
  90
5
  102
RTVSPost2010Prop44ColorRGB
  90
255
  102
RTVSPost2010PropOp44
  70
1
  102
RTVSPost2010Prop45
  280
0
  102
RTVSPost2010PropOp45
  70
1
  102
RTVSPost2010Prop46
  90
50
  102
RTVSPost2010PropOp46
  70
1
  102
RTVSPost2010Prop47
  90
50
  102
RTVSPost2010PropOp47
  70
1
  102
RTVSPost2010Prop48
  90
50
  102
RTVSPost2010PropOp48
  70
1
  102
RTVSPost2010Prop49
  280
0
  102
RTVSPost2010PropOp49
  70
1
  102
RTVSPost2010Prop50
  90
50
  102
RTVSPost2010PropOp50
  70
1
  102
RTVSPost2010Prop51ColorIndex
  90
256
  102
RTVSPost2010Prop51ColorRGB
  90
-16777216
  102
RTVSPost2010PropOp51
  70
0
  102
RTVSPost2010Prop52
  140
1
  102
RTVSPost2010PropOp52
  70
0
  102
RTVSPost2010Prop53
  90
2
  102
RTVSPost2010PropOp53
  70
1
  102
RTVSPost2010Prop54
  1
strokes_ogs.tif
  102
RTVSPost2010PropOp54
  70
1
  102
RTVSPost2010Prop55
  280
0
  102
RTVSPost2010PropOp55
  70
1
  102
RTVSPost2010Prop56
  140
1
  102
RTVSPost2010PropOp56
  70
1
  102
RTVSPost2010Prop57
  140
1
  102
RTVSPost2010PropOp57
  70
1
  102
RTVSPropertyOp0
  70
1
  102
RTVSPropertyOp1
  70
1
  102
RTVSPropertyOp2
  70
1
  102
RTVSPropertyOp3
  70
1
  102
RTVSPropertyOp4
  70
1
  102
RTVSPropertyOp5
  70
1
  102
RTVSPropertyOp6
  70
1
  102
RTVSPropertyOp7
  70
1
  102
RTVSPropertyOp8
  70
1
  102
RTVSPropertyOp9
  70
1
  102
RTVSPropertyOp10
  70
1
  102
RTVSPropertyOp11
  70
1
  102
RTVSPropertyOp12
  70
1
  102
RTVSPropertyOp13
  70
1
  102
RTVSPropertyOp14
  70
1
  102
RTVSPropertyOp15
  70
1
  102
RTVSPropertyOp16
  70
1
  102
RTVSPropertyOp17
  70
1
  102
RTVSPropertyOp18
  70
1
  102
RTVSPropertyOp19
  70
1
  102
RTVSPropertyOp20
  70
1
  102
RTVSPropertyOp21
  70
1
  102
RTVSPropertyOp22
  70
1
  102
RTVSPropertyOp23
  70
1
  102
RTVSPropertyOp24
  70
1
  102
RTVSPropertyOp25
  70
1
  102
RTVSPropertyOp26
  70
1
  102
RTVSPropertyOp27
  70
1
  102
RTVSPropertyOp28
  70
1
  102
RTVSPropertyOp29
  70
1
  102
RTVSPropertyOp30
  70
1
  102
RTVSPropertyOp31
  70
1
  102
RTVSPropertyOp32
  70
1
  102
RTVSPropertyOp33
  70
1
  102
RTVSPropertyOp34
  70
1
  102
RTVSPropertyOp35
  70
1
  102
RTVSPropertyOp36
  70
1
  102
RTVSPropertyOp37
  70
1
  102
RTVSPropertyOp38
  70
1
  102
RTVSPropertyOp39
  70
1
  102
RTVSPropertyOp40
  70
1
  102
RTVSPropertyOp41
  70
1
  102
RTVSPropertyOp42
  70
1
  102
RTVSPropertyOp43
  70
1
  102
RTVSPropertyOp44
  70
1
  102
RTVSPropertyOp45
  70
1
  102
RTVSPropertyOp46
  70
1
  102
RTVSPropertyOp47
  70
1
  102
RTVSPropertyOp48
  70
1
  102
RTVSPropertyOp49
  70
1
  102
RTVSPropertyOp50
  70
1
  102
RTVSPropertyOp51
  70
0
  102
RTVSPropertyOp52
  70
0
  102
RTVSPropertyOp53
  70
1
  102
RTVSPropertyOp54
  70
1
  102
RTVSPropertyOp55
  70
1
  102
RTVSPropertyOp56
  70
1
  102
RTVSPropertyOp57
  70
1
  102
RTVSPropertyOp58
  70
1
  102
RTVSPropertyOp59
  70
1
  102
RTVSPropertyOp60
  70
1
  102
RTVSPropertyOp61
  70
1
  102
RTVSPropertyOp62
  70
1
  0
XRECORD
  5
30B
  102
{ACAD_REACTORS
  330
30A
  102
}
  330
30A
  100
AcDbXrecord
  280
1
  102
RTVSPost2010Prop28
  280
0
  102
RTVSPost2010PropOp28
  70
1
  102
RTVSPost2010Prop29
  280
1
  102
RTVSPost2010PropOp29
  70
1
  102
RTVSPost2010Prop30
  280
1
  102
RTVSPost2010PropOp30
  70
1
  102
RTVSPost2010Prop31
  280
0
  102
RTVSPost2010PropOp31
  70
1
  102
RTVSPost2010Prop32
  280
0
  102
RTVSPost2010PropOp32
  70
1
  102
RTVSPost2010Prop33
  280
0
  102
RTVSPost2010PropOp33
  70
1
  102
RTVSPost2010Prop34
  280
0
  102
RTVSPost2010PropOp34
  70
1
  102
RTVSPost2010Prop35
  280
0
  102
RTVSPost2010PropOp35
  70
1
  102
RTVSPost2010Prop36
  280
0
  102
RTVSPost2010PropOp36
  70
1
  102
RTVSPost2010Prop37
  90
50
  102
RTVSPost2010PropOp37
  70
1
  102
RTVSPost2010Prop38
  140
0
  102
RTVSPost2010PropOp38
  70
1
  102
RTVSPost2010Prop39
  140
1
  102
RTVSPost2010PropOp39
  70
1
  102
RTVSPost2010Prop40
  90
0
  102
RTVSPost2010PropOp40
  70
1
  102
RTVSPost2010Prop41ColorIndex
  90
18
  102
RTVSPost2010Prop41ColorRGB
  90
0
  102
RTVSPost2010PropOp41
  70
1
  102
RTVSPost2010Prop42
  90
50
  102
RTVSPost2010PropOp42
  70
1
  102
RTVSPost2010Prop43
  90
3
  102
RTVSPost2010PropOp43
  70
1
  102
RTVSPost2010Prop44ColorIndex
  90
5
  102
RTVSPost2010Prop44ColorRGB
  90
255
  102
RTVSPost2010PropOp44
  70
1
  102
RTVSPost2010Prop45
  280
0
  102
RTVSPost2010PropOp45
  70
1
  102
RTVSPost2010Prop46
  90
50
  102
RTVSPost2010PropOp46
  70
1
  102
RTVSPost2010Prop47
  90
50
  102
RTVSPost2010PropOp47
  70
1
  102
RTVSPost2010Prop48
  90
50
  102
RTVSPost2010PropOp48
  70
1
  102
RTVSPost2010Prop49
  280
0
  102
RTVSPost2010PropOp49
  70
1
  102
RTVSPost2010Prop50
  90
50
  102
RTVSPost2010PropOp50
  70
1
  102
RTVSPost2010Prop51ColorIndex
  90
256
  102
RTVSPost2010Prop51ColorRGB
  90
-16777216
  102
RTVSPost2010PropOp51
  70
0
  102
RTVSPost2010Prop52
  140
1
  102
RTVSPost2010PropOp52
  70
0
  102
RTVSPost2010Prop53
  90
2
  102
RTVSPost2010PropOp53
  70
1
  102
RTVSPost2010Prop54
  1
strokes_ogs.tif
  102
RTVSPost2010PropOp54
  70
1
  102
RTVSPost2010Prop55
  280
0
  102
RTVSPost2010PropOp55
  70
1
  102
RTVSPost2010Prop56
  140
1
  102
RTVSPost2010PropOp56
  70
1
  102
RTVSPost2010Prop57
  140
1
  102
RTVSPost2010PropOp57
  70
1
  102
RTVSPropertyOp0
  70
1
  102
RTVSPropertyOp1
  70
1
  102
RTVSPropertyOp2
  70
1
  102
RTVSPropertyOp3
  70
1
  102
RTVSPropertyOp4
  70
1
  102
RTVSPropertyOp5
  70
1
  102
RTVSPropertyOp6
  70
1
  102
RTVSPropertyOp7
  70
1
  102
RTVSPropertyOp8
  70
1
  102
RTVSPropertyOp9
  70
1
  102
RTVSPropertyOp10
  70
1
  102
RTVSPropertyOp11
  70
1
  102
RTVSPropertyOp12
  70
1
  102
RTVSPropertyOp13
  70
1
  102
RTVSPropertyOp14
  70
1
  102
RTVSPropertyOp15
  70
1
  102
RTVSPropertyOp16
  70
1
  102
RTVSPropertyOp17
  70
1
  102
RTVSPropertyOp18
  70
1
  102
RTVSPropertyOp19
  70
1
  102
RTVSPropertyOp20
  70
1
  102
RTVSPropertyOp21
  70
1
  102
RTVSPropertyOp22
  70
1
  102
RTVSPropertyOp23
  70
1
  102
RTVSPropertyOp24
  70
1
  102
RTVSPropertyOp25
  70
1
  102
RTVSPropertyOp26
  70
1
  102
RTVSPropertyOp27
  70
1
  102
RTVSPropertyOp28
  70
1
  102
RTVSPropertyOp29
  70
1
  102
RTVSPropertyOp30
  70
1
  102
RTVSPropertyOp31
  70
1
  102
RTVSPropertyOp32
  70
1
  102
RTVSPropertyOp33
  70
1
  102
RTVSPropertyOp34
  70
1
  102
RTVSPropertyOp35
  70
1
  102
RTVSPropertyOp36
  70
1
  102
RTVSPropertyOp37
  70
1
  102
RTVSPropertyOp38
  70
1
  102
RTVSPropertyOp39
  70
1
  102
RTVSPropertyOp40
  70
1
  102
RTVSPropertyOp41
  70
1
  102
RTVSPropertyOp42
  70
1
  102
RTVSPropertyOp43
  70
1
  102
RTVSPropertyOp44
  70
1
  102
RTVSPropertyOp45
  70
1
  102
RTVSPropertyOp46
  70
1
  102
RTVSPropertyOp47
  70
1
  102
RTVSPropertyOp48
  70
1
  102
RTVSPropertyOp49
  70
1
  102
RTVSPropertyOp50
  70
1
  102
RTVSPropertyOp51
  70
0
  102
RTVSPropertyOp52
  70
0
  102
RTVSPropertyOp53
  70
1
  102
RTVSPropertyOp54
  70
1
  102
RTVSPropertyOp55
  70
1
  102
RTVSPropertyOp56
  70
1
  102
RTVSPropertyOp57
  70
1
  102
RTVSPropertyOp58
  70
1
  102
RTVSPropertyOp59
  70
1
  102
RTVSPropertyOp60
  70
1
  102
RTVSPropertyOp61
  70
1
  102
RTVSPropertyOp62
  70
1
  0
XRECORD
  5
30D
  102
{ACAD_REACTORS
  330
30C
  102
}
  330
30C
  100
AcDbXrecord
  280
1
  102
RTVSPost2010Prop28
  280
0
  102
RTVSPost2010PropOp28
  70
1
  102
RTVSPost2010Prop29
  280
1
  102
RTVSPost2010PropOp29
  70
1
  102
RTVSPost2010Prop30
  280
1
  102
RTVSPost2010PropOp30
  70
1
  102
RTVSPost2010Prop31
  280
0
  102
RTVSPost2010PropOp31
  70
1
  102
RTVSPost2010Prop32
  280
0
  102
RTVSPost2010PropOp32
  70
1
  102
RTVSPost2010Prop33
  280
0
  102
RTVSPost2010PropOp33
  70
1
  102
RTVSPost2010Prop34
  280
0
  102
RTVSPost2010PropOp34
  70
1
  102
RTVSPost2010Prop35
  280
0
  102
RTVSPost2010PropOp35
  70
1
  102
RTVSPost2010Prop36
  280
0
  102
RTVSPost2010PropOp36
  70
1
  102
RTVSPost2010Prop37
  90
50
  102
RTVSPost2010PropOp37
  70
1
  102
RTVSPost2010Prop38
  140
0
  102
RTVSPost2010PropOp38
  70
1
  102
RTVSPost2010Prop39
  140
1
  102
RTVSPost2010PropOp39
  70
1
  102
RTVSPost2010Prop40
  90
0
  102
RTVSPost2010PropOp40
  70
1
  102
RTVSPost2010Prop41ColorIndex
  90
18
  102
RTVSPost2010Prop41ColorRGB
  90
0
  102
RTVSPost2010PropOp41
  70
1
  102
RTVSPost2010Prop42
  90
50
  102
RTVSPost2010PropOp42
  70
1
  102
RTVSPost2010Prop43
  90
3
  102
RTVSPost2010PropOp43
  70
1
  102
RTVSPost2010Prop44ColorIndex
  90
5
  102
RTVSPost2010Prop44ColorRGB
  90
255
  102
RTVSPost2010PropOp44
  70
1
  102
RTVSPost2010Prop45
  280
0
  102
RTVSPost2010PropOp45
  70
1
  102
RTVSPost2010Prop46
  90
50
  102
RTVSPost2010PropOp46
  70
1
  102
RTVSPost2010Prop47
  90
50
  102
RTVSPost2010PropOp47
  70
1
  102
RTVSPost2010Prop48
  90
50
  102
RTVSPost2010PropOp48
  70
1
  102
RTVSPost2010Prop49
  280
0
  102
RTVSPost2010PropOp49
  70
1
  102
RTVSPost2010Prop50
  90
50
  102
RTVSPost2010PropOp50
  70
1
  102
RTVSPost2010Prop51ColorIndex
  90
256
  102
RTVSPost2010Prop51ColorRGB
  90
-16777216
  102
RTVSPost2010PropOp51
  70
0
  102
RTVSPost2010Prop52
  140
1
  102
RTVSPost2010PropOp52
  70
0
  102
RTVSPost2010Prop53
  90
2
  102
RTVSPost2010PropOp53
  70
1
  102
RTVSPost2010Prop54
  1
strokes_ogs.tif
  102
RTVSPost2010PropOp54
  70
1
  102
RTVSPost2010Prop55
  280
0
  102
RTVSPost2010PropOp55
  70
1
  102
RTVSPost2010Prop56
  140
1
  102
RTVSPost2010PropOp56
  70
1
  102
RTVSPost2010Prop57
  140
1
  102
RTVSPost2010PropOp57
  70
1
  102
RTVSPropertyOp0
  70
1
  102
RTVSPropertyOp1
  70
1
  102
RTVSPropertyOp2
  70
1
  102
RTVSPropertyOp3
  70
1
  102
RTVSPropertyOp4
  70
1
  102
RTVSPropertyOp5
  70
1
  102
RTVSPropertyOp6
  70
1
  102
RTVSPropertyOp7
  70
1
  102
RTVSPropertyOp8
  70
1
  102
RTVSPropertyOp9
  70
1
  102
RTVSPropertyOp10
  70
1
  102
RTVSPropertyOp11
  70
1
  102
RTVSPropertyOp12
  70
1
  102
RTVSPropertyOp13
  70
1
  102
RTVSPropertyOp14
  70
1
  102
RTVSPropertyOp15
  70
1
  102
RTVSPropertyOp16
  70
1
  102
RTVSPropertyOp17
  70
1
  102
RTVSPropertyOp18
  70
1
  102
RTVSPropertyOp19
  70
1
  102
RTVSPropertyOp20
  70
1
  102
RTVSPropertyOp21
  70
1
  102
RTVSPropertyOp22
  70
1
  102
RTVSPropertyOp23
  70
1
  102
RTVSPropertyOp24
  70
1
  102
RTVSPropertyOp25
  70
1
  102
RTVSPropertyOp26
  70
1
  102
RTVSPropertyOp27
  70
1
  102
RTVSPropertyOp28
  70
1
  102
RTVSPropertyOp29
  70
1
  102
RTVSPropertyOp30
  70
1
  102
RTVSPropertyOp31
  70
1
  102
RTVSPropertyOp32
  70
1
  102
RTVSPropertyOp33
  70
1
  102
RTVSPropertyOp34
  70
1
  102
RTVSPropertyOp35
  70
1
  102
RTVSPropertyOp36
  70
1
  102
RTVSPropertyOp37
  70
1
  102
RTVSPropertyOp38
  70
1
  102
RTVSPropertyOp39
  70
1
  102
RTVSPropertyOp40
  70
1
  102
RTVSPropertyOp41
  70
1
  102
RTVSPropertyOp42
  70
1
  102
RTVSPropertyOp43
  70
1
  102
RTVSPropertyOp44
  70
1
  102
RTVSPropertyOp45
  70
1
  102
RTVSPropertyOp46
  70
1
  102
RTVSPropertyOp47
  70
1
  102
RTVSPropertyOp48
  70
1
  102
RTVSPropertyOp49
  70
1
  102
RTVSPropertyOp50
  70
1
  102
RTVSPropertyOp51
  70
0
  102
RTVSPropertyOp52
  70
0
  102
RTVSPropertyOp53
  70
1
  102
RTVSPropertyOp54
  70
1
  102
RTVSPropertyOp55
  70
1
  102
RTVSPropertyOp56
  70
1
  102
RTVSPropertyOp57
  70
1
  102
RTVSPropertyOp58
  70
1
  102
RTVSPropertyOp59
  70
1
  102
RTVSPropertyOp60
  70
1
  102
RTVSPropertyOp61
  70
1
  102
RTVSPropertyOp62
  70
1
  0
XRECORD
  5
30F
  102
{ACAD_REACTORS
  330
30E
  102
}
  330
30E
  100
AcDbXrecord
  280
1
  102
RTVSPost2010Prop28
  280
0
  102
RTVSPost2010PropOp28
  70
1
  102
RTVSPost2010Prop29
  280
1
  102
RTVSPost2010PropOp29
  70
1
  102
RTVSPost2010Prop30
  280
1
  102
RTVSPost2010PropOp30
  70
1
  102
RTVSPost2010Prop31
  280
0
  102
RTVSPost2010PropOp31
  70
1
  102
RTVSPost2010Prop32
  280
0
  102
RTVSPost2010PropOp32
  70
1
  102
RTVSPost2010Prop33
  280
0
  102
RTVSPost2010PropOp33
  70
1
  102
RTVSPost2010Prop34
  280
0
  102
RTVSPost2010PropOp34
  70
1
  102
RTVSPost2010Prop35
  280
0
  102
RTVSPost2010PropOp35
  70
1
  102
RTVSPost2010Prop36
  280
0
  102
RTVSPost2010PropOp36
  70
1
  102
RTVSPost2010Prop37
  90
50
  102
RTVSPost2010PropOp37
  70
1
  102
RTVSPost2010Prop38
  140
0
  102
RTVSPost2010PropOp38
  70
1
  102
RTVSPost2010Prop39
  140
1
  102
RTVSPost2010PropOp39
  70
1
  102
RTVSPost2010Prop40
  90
0
  102
RTVSPost2010PropOp40
  70
1
  102
RTVSPost2010Prop41ColorIndex
  90
18
  102
RTVSPost2010Prop41ColorRGB
  90
0
  102
RTVSPost2010PropOp41
  70
1
  102
RTVSPost2010Prop42
  90
50
  102
RTVSPost2010PropOp42
  70
1
  102
RTVSPost2010Prop43
  90
3
  102
RTVSPost2010PropOp43
  70
1
  102
RTVSPost2010Prop44ColorIndex
  90
5
  102
RTVSPost2010Prop44ColorRGB
  90
255
  102
RTVSPost2010PropOp44
  70
1
  102
RTVSPost2010Prop45
  280
0
  102
RTVSPost2010PropOp45
  70
1
  102
RTVSPost2010Prop46
  90
50
  102
RTVSPost2010PropOp46
  70
1
  102
RTVSPost2010Prop47
  90
50
  102
RTVSPost2010PropOp47
  70
1
  102
RTVSPost2010Prop48
  90
50
  102
RTVSPost2010PropOp48
  70
1
  102
RTVSPost2010Prop49
  280
0
  102
RTVSPost2010PropOp49
  70
1
  102
RTVSPost2010Prop50
  90
50
  102
RTVSPost2010PropOp50
  70
1
  102
RTVSPost2010Prop51ColorIndex
  90
256
  102
RTVSPost2010Prop51ColorRGB
  90
-16777216
  102
RTVSPost2010PropOp51
  70
0
  102
RTVSPost2010Prop52
  140
1
  102
RTVSPost2010PropOp52
  70
0
  102
RTVSPost2010Prop53
  90
2
  102
RTVSPost2010PropOp53
  70
1
  102
RTVSPost2010Prop54
  1
strokes_ogs.tif
  102
RTVSPost2010PropOp54
  70
1
  102
RTVSPost2010Prop55
  280
0
  102
RTVSPost2010PropOp55
  70
1
  102
RTVSPost2010Prop56
  140
1
  102
RTVSPost2010PropOp56
  70
1
  102
RTVSPost2010Prop57
  140
1
  102
RTVSPost2010PropOp57
  70
1
  102
RTVSPropertyOp0
  70
1
  102
RTVSPropertyOp1
  70
1
  102
RTVSPropertyOp2
  70
1
  102
RTVSPropertyOp3
  70
1
  102
RTVSPropertyOp4
  70
1
  102
RTVSPropertyOp5
  70
1
  102
RTVSPropertyOp6
  70
1
  102
RTVSPropertyOp7
  70
1
  102
RTVSPropertyOp8
  70
1
  102
RTVSPropertyOp9
  70
1
  102
RTVSPropertyOp10
  70
1
  102
RTVSPropertyOp11
  70
1
  102
RTVSPropertyOp12
  70
1
  102
RTVSPropertyOp13
  70
1
  102
RTVSPropertyOp14
  70
1
  102
RTVSPropertyOp15
  70
1
  102
RTVSPropertyOp16
  70
1
  102
RTVSPropertyOp17
  70
1
  102
RTVSPropertyOp18
  70
1
  102
RTVSPropertyOp19
  70
1
  102
RTVSPropertyOp20
  70
1
  102
RTVSPropertyOp21
  70
1
  102
RTVSPropertyOp22
  70
1
  102
RTVSPropertyOp23
  70
1
  102
RTVSPropertyOp24
  70
1
  102
RTVSPropertyOp25
  70
1
  102
RTVSPropertyOp26
  70
1
  102
RTVSPropertyOp27
  70
1
  102
RTVSPropertyOp28
  70
1
  102
RTVSPropertyOp29
  70
1
  102
RTVSPropertyOp30
  70
1
  102
RTVSPropertyOp31
  70
1
  102
RTVSPropertyOp32
  70
1
  102
RTVSPropertyOp33
  70
1
  102
RTVSPropertyOp34
  70
1
  102
RTVSPropertyOp35
  70
1
  102
RTVSPropertyOp36
  70
1
  102
RTVSPropertyOp37
  70
1
  102
RTVSPropertyOp38
  70
1
  102
RTVSPropertyOp39
  70
1
  102
RTVSPropertyOp40
  70
1
  102
RTVSPropertyOp41
  70
1
  102
RTVSPropertyOp42
  70
1
  102
RTVSPropertyOp43
  70
1
  102
RTVSPropertyOp44
  70
1
  102
RTVSPropertyOp45
  70
1
  102
RTVSPropertyOp46
  70
1
  102
RTVSPropertyOp47
  70
1
  102
RTVSPropertyOp48
  70
1
  102
RTVSPropertyOp49
  70
1
  102
RTVSPropertyOp50
  70
1
  102
RTVSPropertyOp51
  70
0
  102
RTVSPropertyOp52
  70
0
  102
RTVSPropertyOp53
  70
1
  102
RTVSPropertyOp54
  70
1
  102
RTVSPropertyOp55
  70
1
  102
RTVSPropertyOp56
  70
1
  102
RTVSPropertyOp57
  70
1
  102
RTVSPropertyOp58
  70
1
  102
RTVSPropertyOp59
  70
1
  102
RTVSPropertyOp60
  70
1
  102
RTVSPropertyOp61
  70
1
  102
RTVSPropertyOp62
  70
1
  0
XRECORD
  5
311
  102
{ACAD_REACTORS
  330
310
  102
}
  330
310
  100
AcDbXrecord
  280
1
  102
RTVSPost2010Prop28
  280
0
  102
RTVSPost2010PropOp28
  70
1
  102
RTVSPost2010Prop29
  280
1
  102
RTVSPost2010PropOp29
  70
1
  102
RTVSPost2010Prop30
  280
1
  102
RTVSPost2010PropOp30
  70
1
  102
RTVSPost2010Prop31
  280
0
  102
RTVSPost2010PropOp31
  70
1
  102
RTVSPost2010Prop32
  280
0
  102
RTVSPost2010PropOp32
  70
1
  102
RTVSPost2010Prop33
  280
0
  102
RTVSPost2010PropOp33
  70
1
  102
RTVSPost2010Prop34
  280
0
  102
RTVSPost2010PropOp34
  70
1
  102
RTVSPost2010Prop35
  280
0
  102
RTVSPost2010PropOp35
  70
1
  102
RTVSPost2010Prop36
  280
0
  102
RTVSPost2010PropOp36
  70
1
  102
RTVSPost2010Prop37
  90
50
  102
RTVSPost2010PropOp37
  70
1
  102
RTVSPost2010Prop38
  140
0
  102
RTVSPost2010PropOp38
  70
1
  102
RTVSPost2010Prop39
  140
1
  102
RTVSPost2010PropOp39
  70
1
  102
RTVSPost2010Prop40
  90
0
  102
RTVSPost2010PropOp40
  70
1
  102
RTVSPost2010Prop41ColorIndex
  90
18
  102
RTVSPost2010Prop41ColorRGB
  90
0
  102
RTVSPost2010PropOp41
  70
1
  102
RTVSPost2010Prop42
  90
50
  102
RTVSPost2010PropOp42
  70
1
  102
RTVSPost2010Prop43
  90
3
  102
RTVSPost2010PropOp43
  70
1
  102
RTVSPost2010Prop44ColorIndex
  90
5
  102
RTVSPost2010Prop44ColorRGB
  90
255
  102
RTVSPost2010PropOp44
  70
1
  102
RTVSPost2010Prop45
  280
0
  102
RTVSPost2010PropOp45
  70
1
  102
RTVSPost2010Prop46
  90
50
  102
RTVSPost2010PropOp46
  70
1
  102
RTVSPost2010Prop47
  90
50
  102
RTVSPost2010PropOp47
  70
1
  102
RTVSPost2010Prop48
  90
50
  102
RTVSPost2010PropOp48
  70
1
  102
RTVSPost2010Prop49
  280
0
  102
RTVSPost2010PropOp49
  70
1
  102
RTVSPost2010Prop50
  90
50
  102
RTVSPost2010PropOp50
  70
1
  102
RTVSPost2010Prop51ColorIndex
  90
256
  102
RTVSPost2010Prop51ColorRGB
  90
-16777216
  102
RTVSPost2010PropOp51
  70
0
  102
RTVSPost2010Prop52
  140
1
  102
RTVSPost2010PropOp52
  70
0
  102
RTVSPost2010Prop53
  90
2
  102
RTVSPost2010PropOp53
  70
1
  102
RTVSPost2010Prop54
  1
strokes_ogs.tif
  102
RTVSPost2010PropOp54
  70
1
  102
RTVSPost2010Prop55
  280
0
  102
RTVSPost2010PropOp55
  70
1
  102
RTVSPost2010Prop56
  140
1
  102
RTVSPost2010PropOp56
  70
1
  102
RTVSPost2010Prop57
  140
1
  102
RTVSPost2010PropOp57
  70
1
  102
RTVSPropertyOp0
  70
1
  102
RTVSPropertyOp1
  70
1
  102
RTVSPropertyOp2
  70
1
  102
RTVSPropertyOp3
  70
1
  102
RTVSPropertyOp4
  70
1
  102
RTVSPropertyOp5
  70
1
  102
RTVSPropertyOp6
  70
1
  102
RTVSPropertyOp7
  70
1
  102
RTVSPropertyOp8
  70
1
  102
RTVSPropertyOp9
  70
1
  102
RTVSPropertyOp10
  70
1
  102
RTVSPropertyOp11
  70
1
  102
RTVSPropertyOp12
  70
1
  102
RTVSPropertyOp13
  70
1
  102
RTVSPropertyOp14
  70
1
  102
RTVSPropertyOp15
  70
1
  102
RTVSPropertyOp16
  70
1
  102
RTVSPropertyOp17
  70
1
  102
RTVSPropertyOp18
  70
1
  102
RTVSPropertyOp19
  70
1
  102
RTVSPropertyOp20
  70
1
  102
RTVSPropertyOp21
  70
1
  102
RTVSPropertyOp22
  70
1
  102
RTVSPropertyOp23
  70
1
  102
RTVSPropertyOp24
  70
1
  102
RTVSPropertyOp25
  70
1
  102
RTVSPropertyOp26
  70
1
  102
RTVSPropertyOp27
  70
1
  102
RTVSPropertyOp28
  70
1
  102
RTVSPropertyOp29
  70
1
  102
RTVSPropertyOp30
  70
1
  102
RTVSPropertyOp31
  70
1
  102
RTVSPropertyOp32
  70
1
  102
RTVSPropertyOp33
  70
1
  102
RTVSPropertyOp34
  70
1
  102
RTVSPropertyOp35
  70
1
  102
RTVSPropertyOp36
  70
1
  102
RTVSPropertyOp37
  70
1
  102
RTVSPropertyOp38
  70
1
  102
RTVSPropertyOp39
  70
1
  102
RTVSPropertyOp40
  70
1
  102
RTVSPropertyOp41
  70
1
  102
RTVSPropertyOp42
  70
1
  102
RTVSPropertyOp43
  70
1
  102
RTVSPropertyOp44
  70
1
  102
RTVSPropertyOp45
  70
1
  102
RTVSPropertyOp46
  70
1
  102
RTVSPropertyOp47
  70
1
  102
RTVSPropertyOp48
  70
1
  102
RTVSPropertyOp49
  70
1
  102
RTVSPropertyOp50
  70
1
  102
RTVSPropertyOp51
  70
0
  102
RTVSPropertyOp52
  70
0
  102
RTVSPropertyOp53
  70
1
  102
RTVSPropertyOp54
  70
1
  102
RTVSPropertyOp55
  70
1
  102
RTVSPropertyOp56
  70
1
  102
RTVSPropertyOp57
  70
1
  102
RTVSPropertyOp58
  70
1
  102
RTVSPropertyOp59
  70
1
  102
RTVSPropertyOp60
  70
1
  102
RTVSPropertyOp61
  70
1
  102
RTVSPropertyOp62
  70
1
  0
XRECORD
  5
319
  102
{ACAD_REACTORS
  330
318
  102
}
  330
318
  100
AcDbXrecord
  280
1
  102
RTVSPost2010Prop28
  280
0
  102
RTVSPost2010PropOp28
  70
1
  102
RTVSPost2010Prop29
  280
1
  102
RTVSPost2010PropOp29
  70
1
  102
RTVSPost2010Prop30
  280
1
  102
RTVSPost2010PropOp30
  70
1
  102
RTVSPost2010Prop31
  280
0
  102
RTVSPost2010PropOp31
  70
1
  102
RTVSPost2010Prop32
  280
0
  102
RTVSPost2010PropOp32
  70
1
  102
RTVSPost2010Prop33
  280
0
  102
RTVSPost2010PropOp33
  70
1
  102
RTVSPost2010Prop34
  280
0
  102
RTVSPost2010PropOp34
  70
1
  102
RTVSPost2010Prop35
  280
0
  102
RTVSPost2010PropOp35
  70
1
  102
RTVSPost2010Prop36
  280
0
  102
RTVSPost2010PropOp36
  70
1
  102
RTVSPost2010Prop37
  90
50
  102
RTVSPost2010PropOp37
  70
1
  102
RTVSPost2010Prop38
  140
0
  102
RTVSPost2010PropOp38
  70
1
  102
RTVSPost2010Prop39
  140
1
  102
RTVSPost2010PropOp39
  70
1
  102
RTVSPost2010Prop40
  90
0
  102
RTVSPost2010PropOp40
  70
1
  102
RTVSPost2010Prop41ColorIndex
  90
18
  102
RTVSPost2010Prop41ColorRGB
  90
0
  102
RTVSPost2010PropOp41
  70
1
  102
RTVSPost2010Prop42
  90
50
  102
RTVSPost2010PropOp42
  70
1
  102
RTVSPost2010Prop43
  90
3
  102
RTVSPost2010PropOp43
  70
1
  102
RTVSPost2010Prop44ColorIndex
  90
5
  102
RTVSPost2010Prop44ColorRGB
  90
255
  102
RTVSPost2010PropOp44
  70
1
  102
RTVSPost2010Prop45
  280
0
  102
RTVSPost2010PropOp45
  70
1
  102
RTVSPost2010Prop46
  90
50
  102
RTVSPost2010PropOp46
  70
1
  102
RTVSPost2010Prop47
  90
50
  102
RTVSPost2010PropOp47
  70
1
  102
RTVSPost2010Prop48
  90
50
  102
RTVSPost2010PropOp48
  70
1
  102
RTVSPost2010Prop49
  280
0
  102
RTVSPost2010PropOp49
  70
1
  102
RTVSPost2010Prop50
  90
50
  102
RTVSPost2010PropOp50
  70
1
  102
RTVSPost2010Prop51ColorIndex
  90
256
  102
RTVSPost2010Prop51ColorRGB
  90
-16777216
  102
RTVSPost2010PropOp51
  70
0
  102
RTVSPost2010Prop52
  140
1
  102
RTVSPost2010PropOp52
  70
0
  102
RTVSPost2010Prop53
  90
2
  102
RTVSPost2010PropOp53
  70
1
  102
RTVSPost2010Prop54
  1
strokes_ogs.tif
  102
RTVSPost2010PropOp54
  70
1
  102
RTVSPost2010Prop55
  280
0
  102
RTVSPost2010PropOp55
  70
1
  102
RTVSPost2010Prop56
  140
1
  102
RTVSPost2010PropOp56
  70
1
  102
RTVSPost2010Prop57
  140
1
  102
RTVSPost2010PropOp57
  70
1
  102
RTVSPropertyOp0
  70
1
  102
RTVSPropertyOp1
  70
1
  102
RTVSPropertyOp2
  70
1
  102
RTVSPropertyOp3
  70
1
  102
RTVSPropertyOp4
  70
1
  102
RTVSPropertyOp5
  70
1
  102
RTVSPropertyOp6
  70
1
  102
RTVSPropertyOp7
  70
1
  102
RTVSPropertyOp8
  70
1
  102
RTVSPropertyOp9
  70
1
  102
RTVSPropertyOp10
  70
1
  102
RTVSPropertyOp11
  70
1
  102
RTVSPropertyOp12
  70
1
  102
RTVSPropertyOp13
  70
1
  102
RTVSPropertyOp14
  70
1
  102
RTVSPropertyOp15
  70
1
  102
RTVSPropertyOp16
  70
1
  102
RTVSPropertyOp17
  70
1
  102
RTVSPropertyOp18
  70
1
  102
RTVSPropertyOp19
  70
1
  102
RTVSPropertyOp20
  70
1
  102
RTVSPropertyOp21
  70
1
  102
RTVSPropertyOp22
  70
1
  102
RTVSPropertyOp23
  70
1
  102
RTVSPropertyOp24
  70
1
  102
RTVSPropertyOp25
  70
1
  102
RTVSPropertyOp26
  70
1
  102
RTVSPropertyOp27
  70
1
  102
RTVSPropertyOp28
  70
1
  102
RTVSPropertyOp29
  70
1
  102
RTVSPropertyOp30
  70
1
  102
RTVSPropertyOp31
  70
1
  102
RTVSPropertyOp32
  70
1
  102
RTVSPropertyOp33
  70
1
  102
RTVSPropertyOp34
  70
1
  102
RTVSPropertyOp35
  70
1
  102
RTVSPropertyOp36
  70
1
  102
RTVSPropertyOp37
  70
1
  102
RTVSPropertyOp38
  70
1
  102
RTVSPropertyOp39
  70
1
  102
RTVSPropertyOp40
  70
1
  102
RTVSPropertyOp41
  70
1
  102
RTVSPropertyOp42
  70
1
  102
RTVSPropertyOp43
  70
1
  102
RTVSPropertyOp44
  70
1
  102
RTVSPropertyOp45
  70
1
  102
RTVSPropertyOp46
  70
1
  102
RTVSPropertyOp47
  70
1
  102
RTVSPropertyOp48
  70
1
  102
RTVSPropertyOp49
  70
1
  102
RTVSPropertyOp50
  70
1
  102
RTVSPropertyOp51
  70
0
  102
RTVSPropertyOp52
  70
0
  102
RTVSPropertyOp53
  70
1
  102
RTVSPropertyOp54
  70
1
  102
RTVSPropertyOp55
  70
1
  102
RTVSPropertyOp56
  70
1
  102
RTVSPropertyOp57
  70
1
  102
RTVSPropertyOp58
  70
1
  102
RTVSPropertyOp59
  70
1
  102
RTVSPropertyOp60
  70
1
  102
RTVSPropertyOp61
  70
1
  102
RTVSPropertyOp62
  70
1
  0
XRECORD
  5
32B
  102
{ACAD_REACTORS
  330
32A
  102
}
  330
32A
  100
AcDbXrecord
  280
1
  102
RTVSPost2010Prop28
  280
0
  102
RTVSPost2010PropOp28
  70
1
  102
RTVSPost2010Prop29
  280
1
  102
RTVSPost2010PropOp29
  70
1
  102
RTVSPost2010Prop30
  280
1
  102
RTVSPost2010PropOp30
  70
1
  102
RTVSPost2010Prop31
  280
0
  102
RTVSPost2010PropOp31
  70
1
  102
RTVSPost2010Prop32
  280
0
  102
RTVSPost2010PropOp32
  70
1
  102
RTVSPost2010Prop33
  280
0
  102
RTVSPost2010PropOp33
  70
1
  102
RTVSPost2010Prop34
  280
0
  102
RTVSPost2010PropOp34
  70
1
  102
RTVSPost2010Prop35
  280
0
  102
RTVSPost2010PropOp35
  70
1
  102
RTVSPost2010Prop36
  280
0
  102
RTVSPost2010PropOp36
  70
1
  102
RTVSPost2010Prop37
  90
50
  102
RTVSPost2010PropOp37
  70
1
  102
RTVSPost2010Prop38
  140
0
  102
RTVSPost2010PropOp38
  70
1
  102
RTVSPost2010Prop39
  140
1
  102
RTVSPost2010PropOp39
  70
1
  102
RTVSPost2010Prop40
  90
0
  102
RTVSPost2010PropOp40
  70
1
  102
RTVSPost2010Prop41ColorIndex
  90
18
  102
RTVSPost2010Prop41ColorRGB
  90
0
  102
RTVSPost2010PropOp41
  70
1
  102
RTVSPost2010Prop42
  90
50
  102
RTVSPost2010PropOp42
  70
1
  102
RTVSPost2010Prop43
  90
3
  102
RTVSPost2010PropOp43
  70
1
  102
RTVSPost2010Prop44ColorIndex
  90
5
  102
RTVSPost2010Prop44ColorRGB
  90
255
  102
RTVSPost2010PropOp44
  70
1
  102
RTVSPost2010Prop45
  280
0
  102
RTVSPost2010PropOp45
  70
1
  102
RTVSPost2010Prop46
  90
50
  102
RTVSPost2010PropOp46
  70
1
  102
RTVSPost2010Prop47
  90
50
  102
RTVSPost2010PropOp47
  70
1
  102
RTVSPost2010Prop48
  90
50
  102
RTVSPost2010PropOp48
  70
1
  102
RTVSPost2010Prop49
  280
0
  102
RTVSPost2010PropOp49
  70
1
  102
RTVSPost2010Prop50
  90
50
  102
RTVSPost2010PropOp50
  70
1
  102
RTVSPost2010Prop51ColorIndex
  90
256
  102
RTVSPost2010Prop51ColorRGB
  90
-16777216
  102
RTVSPost2010PropOp51
  70
0
  102
RTVSPost2010Prop52
  140
1
  102
RTVSPost2010PropOp52
  70
0
  102
RTVSPost2010Prop53
  90
2
  102
RTVSPost2010PropOp53
  70
1
  102
RTVSPost2010Prop54
  1
strokes_ogs.tif
  102
RTVSPost2010PropOp54
  70
1
  102
RTVSPost2010Prop55
  280
0
  102
RTVSPost2010PropOp55
  70
1
  102
RTVSPost2010Prop56
  140
1
  102
RTVSPost2010PropOp56
  70
1
  102
RTVSPost2010Prop57
  140
1
  102
RTVSPost2010PropOp57
  70
1
  102
RTVSPropertyOp0
  70
0
  102
RTVSPropertyOp1
  70
0
  102
RTVSPropertyOp2
  70
0
  102
RTVSPropertyOp3
  70
0
  102
RTVSPropertyOp4
  70
0
  102
RTVSPropertyOp5
  70
0
  102
RTVSPropertyOp6
  70
0
  102
RTVSPropertyOp7
  70
0
  102
RTVSPropertyOp8
  70
0
  102
RTVSPropertyOp9
  70
0
  102
RTVSPropertyOp10
  70
0
  102
RTVSPropertyOp11
  70
0
  102
RTVSPropertyOp12
  70
0
  102
RTVSPropertyOp13
  70
0
  102
RTVSPropertyOp14
  70
2
  102
RTVSPropertyOp15
  70
0
  102
RTVSPropertyOp16
  70
0
  102
RTVSPropertyOp17
  70
0
  102
RTVSPropertyOp18
  70
0
  102
RTVSPropertyOp19
  70
0
  102
RTVSPropertyOp20
  70
0
  102
RTVSPropertyOp21
  70
0
  102
RTVSPropertyOp22
  70
0
  102
RTVSPropertyOp23
  70
0
  102
RTVSPropertyOp24
  70
0
  102
RTVSPropertyOp25
  70
0
  102
RTVSPropertyOp26
  70
0
  102
RTVSPropertyOp27
  70
0
  102
RTVSPropertyOp28
  70
1
  102
RTVSPropertyOp29
  70
1
  102
RTVSPropertyOp30
  70
1
  102
RTVSPropertyOp31
  70
1
  102
RTVSPropertyOp32
  70
1
  102
RTVSPropertyOp33
  70
1
  102
RTVSPropertyOp34
  70
1
  102
RTVSPropertyOp35
  70
1
  102
RTVSPropertyOp36
  70
1
  102
RTVSPropertyOp37
  70
1
  102
RTVSPropertyOp38
  70
1
  102
RTVSPropertyOp39
  70
1
  102
RTVSPropertyOp40
  70
1
  102
RTVSPropertyOp41
  70
1
  102
RTVSPropertyOp42
  70
1
  102
RTVSPropertyOp43
  70
1
  102
RTVSPropertyOp44
  70
1
  102
RTVSPropertyOp45
  70
1
  102
RTVSPropertyOp46
  70
1
  102
RTVSPropertyOp47
  70
1
  102
RTVSPropertyOp48
  70
1
  102
RTVSPropertyOp49
  70
1
  102
RTVSPropertyOp50
  70
1
  102
RTVSPropertyOp51
  70
0
  102
RTVSPropertyOp52
  70
0
  102
RTVSPropertyOp53
  70
1
  102
RTVSPropertyOp54
  70
1
  102
RTVSPropertyOp55
  70
1
  102
RTVSPropertyOp56
  70
1
  102
RTVSPropertyOp57
  70
1
  102
RTVSPropertyOp58
  70
1
  102
RTVSPropertyOp59
  70
1
  102
RTVSPropertyOp60
  70
1
  102
RTVSPropertyOp61
  70
1
  102
RTVSPropertyOp62
  70
1
  0
XRECORD
  5
325
  102
{ACAD_REACTORS
  330
324
  102
}
  330
324
  100
AcDbXrecord
  280
1
  102
RTVSPost2010Prop28
  280
0
  102
RTVSPost2010PropOp28
  70
1
  102
RTVSPost2010Prop29
  280
1
  102
RTVSPost2010PropOp29
  70
1
  102
RTVSPost2010Prop30
  280
1
  102
RTVSPost2010PropOp30
  70
1
  102
RTVSPost2010Prop31
  280
0
  102
RTVSPost2010PropOp31
  70
1
  102
RTVSPost2010Prop32
  280
0
  102
RTVSPost2010PropOp32
  70
1
  102
RTVSPost2010Prop33
  280
0
  102
RTVSPost2010PropOp33
  70
1
  102
RTVSPost2010Prop34
  280
0
  102
RTVSPost2010PropOp34
  70
1
  102
RTVSPost2010Prop35
  280
0
  102
RTVSPost2010PropOp35
  70
1
  102
RTVSPost2010Prop36
  280
0
  102
RTVSPost2010PropOp36
  70
1
  102
RTVSPost2010Prop37
  90
50
  102
RTVSPost2010PropOp37
  70
1
  102
RTVSPost2010Prop38
  140
0
  102
RTVSPost2010PropOp38
  70
1
  102
RTVSPost2010Prop39
  140
1
  102
RTVSPost2010PropOp39
  70
1
  102
RTVSPost2010Prop40
  90
0
  102
RTVSPost2010PropOp40
  70
1
  102
RTVSPost2010Prop41ColorIndex
  90
18
  102
RTVSPost2010Prop41ColorRGB
  90
0
  102
RTVSPost2010PropOp41
  70
1
  102
RTVSPost2010Prop42
  90
50
  102
RTVSPost2010PropOp42
  70
1
  102
RTVSPost2010Prop43
  90
3
  102
RTVSPost2010PropOp43
  70
1
  102
RTVSPost2010Prop44ColorIndex
  90
5
  102
RTVSPost2010Prop44ColorRGB
  90
255
  102
RTVSPost2010PropOp44
  70
1
  102
RTVSPost2010Prop45
  280
0
  102
RTVSPost2010PropOp45
  70
1
  102
RTVSPost2010Prop46
  90
50
  102
RTVSPost2010PropOp46
  70
1
  102
RTVSPost2010Prop47
  90
50
  102
RTVSPost2010PropOp47
  70
1
  102
RTVSPost2010Prop48
  90
50
  102
RTVSPost2010PropOp48
  70
1
  102
RTVSPost2010Prop49
  280
0
  102
RTVSPost2010PropOp49
  70
1
  102
RTVSPost2010Prop50
  90
50
  102
RTVSPost2010PropOp50
  70
1
  102
RTVSPost2010Prop51ColorIndex
  90
256
  102
RTVSPost2010Prop51ColorRGB
  90
-16777216
  102
RTVSPost2010PropOp51
  70
0
  102
RTVSPost2010Prop52
  140
1
  102
RTVSPost2010PropOp52
  70
0
  102
RTVSPost2010Prop53
  90
2
  102
RTVSPost2010PropOp53
  70
1
  102
RTVSPost2010Prop54
  1
strokes_ogs.tif
  102
RTVSPost2010PropOp54
  70
1
  102
RTVSPost2010Prop55
  280
0
  102
RTVSPost2010PropOp55
  70
1
  102
RTVSPost2010Prop56
  140
1
  102
RTVSPost2010PropOp56
  70
1
  102
RTVSPost2010Prop57
  140
1
  102
RTVSPost2010PropOp57
  70
1
  102
RTVSPropertyOp0
  70
1
  102
RTVSPropertyOp1
  70
1
  102
RTVSPropertyOp2
  70
1
  102
RTVSPropertyOp3
  70
1
  102
RTVSPropertyOp4
  70
1
  102
RTVSPropertyOp5
  70
1
  102
RTVSPropertyOp6
  70
1
  102
RTVSPropertyOp7
  70
1
  102
RTVSPropertyOp8
  70
1
  102
RTVSPropertyOp9
  70
1
  102
RTVSPropertyOp10
  70
1
  102
RTVSPropertyOp11
  70
1
  102
RTVSPropertyOp12
  70
1
  102
RTVSPropertyOp13
  70
1
  102
RTVSPropertyOp14
  70
1
  102
RTVSPropertyOp15
  70
1
  102
RTVSPropertyOp16
  70
1
  102
RTVSPropertyOp17
  70
1
  102
RTVSPropertyOp18
  70
1
  102
RTVSPropertyOp19
  70
1
  102
RTVSPropertyOp20
  70
1
  102
RTVSPropertyOp21
  70
1
  102
RTVSPropertyOp22
  70
1
  102
RTVSPropertyOp23
  70
1
  102
RTVSPropertyOp24
  70
1
  102
RTVSPropertyOp25
  70
1
  102
RTVSPropertyOp26
  70
1
  102
RTVSPropertyOp27
  70
1
  102
RTVSPropertyOp28
  70
1
  102
RTVSPropertyOp29
  70
1
  102
RTVSPropertyOp30
  70
1
  102
RTVSPropertyOp31
  70
1
  102
RTVSPropertyOp32
  70
1
  102
RTVSPropertyOp33
  70
1
  102
RTVSPropertyOp34
  70
1
  102
RTVSPropertyOp35
  70
1
  102
RTVSPropertyOp36
  70
1
  102
RTVSPropertyOp37
  70
1
  102
RTVSPropertyOp38
  70
1
  102
RTVSPropertyOp39
  70
1
  102
RTVSPropertyOp40
  70
1
  102
RTVSPropertyOp41
  70
1
  102
RTVSPropertyOp42
  70
1
  102
RTVSPropertyOp43
  70
1
  102
RTVSPropertyOp44
  70
1
  102
RTVSPropertyOp45
  70
1
  102
RTVSPropertyOp46
  70
1
  102
RTVSPropertyOp47
  70
1
  102
RTVSPropertyOp48
  70
1
  102
RTVSPropertyOp49
  70
1
  102
RTVSPropertyOp50
  70
1
  102
RTVSPropertyOp51
  70
0
  102
RTVSPropertyOp52
  70
0
  102
RTVSPropertyOp53
  70
1
  102
RTVSPropertyOp54
  70
1
  102
RTVSPropertyOp55
  70
1
  102
RTVSPropertyOp56
  70
1
  102
RTVSPropertyOp57
  70
1
  102
RTVSPropertyOp58
  70
1
  102
RTVSPropertyOp59
  70
1
  102
RTVSPropertyOp60
  70
1
  102
RTVSPropertyOp61
  70
1
  102
RTVSPropertyOp62
  70
1
  0
XRECORD
  5
32D
  102
{ACAD_REACTORS
  330
32C
  102
}
  330
32C
  100
AcDbXrecord
  280
1
  102
RTVSPost2010Prop28
  280
0
  102
RTVSPost2010PropOp28
  70
1
  102
RTVSPost2010Prop29
  280
1
  102
RTVSPost2010PropOp29
  70
1
  102
RTVSPost2010Prop30
  280
1
  102
RTVSPost2010PropOp30
  70
1
  102
RTVSPost2010Prop31
  280
0
  102
RTVSPost2010PropOp31
  70
1
  102
RTVSPost2010Prop32
  280
0
  102
RTVSPost2010PropOp32
  70
1
  102
RTVSPost2010Prop33
  280
0
  102
RTVSPost2010PropOp33
  70
1
  102
RTVSPost2010Prop34
  280
0
  102
RTVSPost2010PropOp34
  70
1
  102
RTVSPost2010Prop35
  280
0
  102
RTVSPost2010PropOp35
  70
1
  102
RTVSPost2010Prop36
  280
0
  102
RTVSPost2010PropOp36
  70
1
  102
RTVSPost2010Prop37
  90
50
  102
RTVSPost2010PropOp37
  70
1
  102
RTVSPost2010Prop38
  140
0
  102
RTVSPost2010PropOp38
  70
1
  102
RTVSPost2010Prop39
  140
1
  102
RTVSPost2010PropOp39
  70
1
  102
RTVSPost2010Prop40
  90
0
  102
RTVSPost2010PropOp40
  70
1
  102
RTVSPost2010Prop41ColorIndex
  90
18
  102
RTVSPost2010Prop41ColorRGB
  90
0
  102
RTVSPost2010PropOp41
  70
1
  102
RTVSPost2010Prop42
  90
50
  102
RTVSPost2010PropOp42
  70
1
  102
RTVSPost2010Prop43
  90
3
  102
RTVSPost2010PropOp43
  70
1
  102
RTVSPost2010Prop44ColorIndex
  90
5
  102
RTVSPost2010Prop44ColorRGB
  90
255
  102
RTVSPost2010PropOp44
  70
1
  102
RTVSPost2010Prop45
  280
0
  102
RTVSPost2010PropOp45
  70
1
  102
RTVSPost2010Prop46
  90
50
  102
RTVSPost2010PropOp46
  70
1
  102
RTVSPost2010Prop47
  90
50
  102
RTVSPost2010PropOp47
  70
1
  102
RTVSPost2010Prop48
  90
50
  102
RTVSPost2010PropOp48
  70
1
  102
RTVSPost2010Prop49
  280
0
  102
RTVSPost2010PropOp49
  70
1
  102
RTVSPost2010Prop50
  90
50
  102
RTVSPost2010PropOp50
  70
1
  102
RTVSPost2010Prop51ColorIndex
  90
256
  102
RTVSPost2010Prop51ColorRGB
  90
-16777216
  102
RTVSPost2010PropOp51
  70
0
  102
RTVSPost2010Prop52
  140
1
  102
RTVSPost2010PropOp52
  70
0
  102
RTVSPost2010Prop53
  90
2
  102
RTVSPost2010PropOp53
  70
1
  102
RTVSPost2010Prop54
  1
strokes_ogs.tif
  102
RTVSPost2010PropOp54
  70
1
  102
RTVSPost2010Prop55
  280
0
  102
RTVSPost2010PropOp55
  70
1
  102
RTVSPost2010Prop56
  140
1
  102
RTVSPost2010PropOp56
  70
1
  102
RTVSPost2010Prop57
  140
1
  102
RTVSPost2010PropOp57
  70
1
  102
RTVSPropertyOp0
  70
0
  102
RTVSPropertyOp1
  70
0
  102
RTVSPropertyOp2
  70
0
  102
RTVSPropertyOp3
  70
0
  102
RTVSPropertyOp4
  70
0
  102
RTVSPropertyOp5
  70
0
  102
RTVSPropertyOp6
  70
0
  102
RTVSPropertyOp7
  70
0
  102
RTVSPropertyOp8
  70
0
  102
RTVSPropertyOp9
  70
0
  102
RTVSPropertyOp10
  70
0
  102
RTVSPropertyOp11
  70
0
  102
RTVSPropertyOp12
  70
0
  102
RTVSPropertyOp13
  70
0
  102
RTVSPropertyOp14
  70
2
  102
RTVSPropertyOp15
  70
0
  102
RTVSPropertyOp16
  70
0
  102
RTVSPropertyOp17
  70
0
  102
RTVSPropertyOp18
  70
0
  102
RTVSPropertyOp19
  70
0
  102
RTVSPropertyOp20
  70
0
  102
RTVSPropertyOp21
  70
0
  102
RTVSPropertyOp22
  70
0
  102
RTVSPropertyOp23
  70
0
  102
RTVSPropertyOp24
  70
0
  102
RTVSPropertyOp25
  70
0
  102
RTVSPropertyOp26
  70
0
  102
RTVSPropertyOp27
  70
0
  102
RTVSPropertyOp28
  70
1
  102
RTVSPropertyOp29
  70
1
  102
RTVSPropertyOp30
  70
1
  102
RTVSPropertyOp31
  70
1
  102
RTVSPropertyOp32
  70
1
  102
RTVSPropertyOp33
  70
1
  102
RTVSPropertyOp34
  70
1
  102
RTVSPropertyOp35
  70
1
  102
RTVSPropertyOp36
  70
1
  102
RTVSPropertyOp37
  70
1
  102
RTVSPropertyOp38
  70
1
  102
RTVSPropertyOp39
  70
1
  102
RTVSPropertyOp40
  70
1
  102
RTVSPropertyOp41
  70
1
  102
RTVSPropertyOp42
  70
1
  102
RTVSPropertyOp43
  70
1
  102
RTVSPropertyOp44
  70
1
  102
RTVSPropertyOp45
  70
1
  102
RTVSPropertyOp46
  70
1
  102
RTVSPropertyOp47
  70
1
  102
RTVSPropertyOp48
  70
1
  102
RTVSPropertyOp49
  70
1
  102
RTVSPropertyOp50
  70
1
  102
RTVSPropertyOp51
  70
0
  102
RTVSPropertyOp52
  70
0
  102
RTVSPropertyOp53
  70
1
  102
RTVSPropertyOp54
  70
1
  102
RTVSPropertyOp55
  70
1
  102
RTVSPropertyOp56
  70
1
  102
RTVSPropertyOp57
  70
1
  102
RTVSPropertyOp58
  70
1
  102
RTVSPropertyOp59
  70
1
  102
RTVSPropertyOp60
  70
1
  102
RTVSPropertyOp61
  70
1
  102
RTVSPropertyOp62
  70
1
  0
XRECORD
  5
31D
  102
{ACAD_REACTORS
  330
31C
  102
}
  330
31C
  100
AcDbXrecord
  280
1
  102
RTVSPost2010Prop28
  280
0
  102
RTVSPost2010PropOp28
  70
1
  102
RTVSPost2010Prop29
  280
1
  102
RTVSPost2010PropOp29
  70
1
  102
RTVSPost2010Prop30
  280
1
  102
RTVSPost2010PropOp30
  70
1
  102
RTVSPost2010Prop31
  280
0
  102
RTVSPost2010PropOp31
  70
1
  102
RTVSPost2010Prop32
  280
0
  102
RTVSPost2010PropOp32
  70
1
  102
RTVSPost2010Prop33
  280
0
  102
RTVSPost2010PropOp33
  70
1
  102
RTVSPost2010Prop34
  280
0
  102
RTVSPost2010PropOp34
  70
1
  102
RTVSPost2010Prop35
  280
0
  102
RTVSPost2010PropOp35
  70
1
  102
RTVSPost2010Prop36
  280
0
  102
RTVSPost2010PropOp36
  70
1
  102
RTVSPost2010Prop37
  90
50
  102
RTVSPost2010PropOp37
  70
1
  102
RTVSPost2010Prop38
  140
0
  102
RTVSPost2010PropOp38
  70
1
  102
RTVSPost2010Prop39
  140
1
  102
RTVSPost2010PropOp39
  70
1
  102
RTVSPost2010Prop40
  90
0
  102
RTVSPost2010PropOp40
  70
1
  102
RTVSPost2010Prop41ColorIndex
  90
18
  102
RTVSPost2010Prop41ColorRGB
  90
0
  102
RTVSPost2010PropOp41
  70
1
  102
RTVSPost2010Prop42
  90
50
  102
RTVSPost2010PropOp42
  70
1
  102
RTVSPost2010Prop43
  90
3
  102
RTVSPost2010PropOp43
  70
1
  102
RTVSPost2010Prop44ColorIndex
  90
5
  102
RTVSPost2010Prop44ColorRGB
  90
255
  102
RTVSPost2010PropOp44
  70
1
  102
RTVSPost2010Prop45
  280
0
  102
RTVSPost2010PropOp45
  70
1
  102
RTVSPost2010Prop46
  90
50
  102
RTVSPost2010PropOp46
  70
1
  102
RTVSPost2010Prop47
  90
50
  102
RTVSPost2010PropOp47
  70
1
  102
RTVSPost2010Prop48
  90
50
  102
RTVSPost2010PropOp48
  70
1
  102
RTVSPost2010Prop49
  280
0
  102
RTVSPost2010PropOp49
  70
1
  102
RTVSPost2010Prop50
  90
50
  102
RTVSPost2010PropOp50
  70
1
  102
RTVSPost2010Prop51ColorIndex
  90
256
  102
RTVSPost2010Prop51ColorRGB
  90
-16777216
  102
RTVSPost2010PropOp51
  70
0
  102
RTVSPost2010Prop52
  140
1
  102
RTVSPost2010PropOp52
  70
0
  102
RTVSPost2010Prop53
  90
2
  102
RTVSPost2010PropOp53
  70
1
  102
RTVSPost2010Prop54
  1
strokes_ogs.tif
  102
RTVSPost2010PropOp54
  70
1
  102
RTVSPost2010Prop55
  280
0
  102
RTVSPost2010PropOp55
  70
1
  102
RTVSPost2010Prop56
  140
1
  102
RTVSPost2010PropOp56
  70
1
  102
RTVSPost2010Prop57
  140
1
  102
RTVSPost2010PropOp57
  70
1
  102
RTVSPropertyOp0
  70
1
  102
RTVSPropertyOp1
  70
1
  102
RTVSPropertyOp2
  70
1
  102
RTVSPropertyOp3
  70
1
  102
RTVSPropertyOp4
  70
1
  102
RTVSPropertyOp5
  70
1
  102
RTVSPropertyOp6
  70
1
  102
RTVSPropertyOp7
  70
1
  102
RTVSPropertyOp8
  70
1
  102
RTVSPropertyOp9
  70
1
  102
RTVSPropertyOp10
  70
1
  102
RTVSPropertyOp11
  70
1
  102
RTVSPropertyOp12
  70
1
  102
RTVSPropertyOp13
  70
1
  102
RTVSPropertyOp14
  70
1
  102
RTVSPropertyOp15
  70
1
  102
RTVSPropertyOp16
  70
1
  102
RTVSPropertyOp17
  70
1
  102
RTVSPropertyOp18
  70
1
  102
RTVSPropertyOp19
  70
1
  102
RTVSPropertyOp20
  70
1
  102
RTVSPropertyOp21
  70
1
  102
RTVSPropertyOp22
  70
1
  102
RTVSPropertyOp23
  70
1
  102
RTVSPropertyOp24
  70
1
  102
RTVSPropertyOp25
  70
1
  102
RTVSPropertyOp26
  70
1
  102
RTVSPropertyOp27
  70
1
  102
RTVSPropertyOp28
  70
1
  102
RTVSPropertyOp29
  70
1
  102
RTVSPropertyOp30
  70
1
  102
RTVSPropertyOp31
  70
1
  102
RTVSPropertyOp32
  70
1
  102
RTVSPropertyOp33
  70
1
  102
RTVSPropertyOp34
  70
1
  102
RTVSPropertyOp35
  70
1
  102
RTVSPropertyOp36
  70
1
  102
RTVSPropertyOp37
  70
1
  102
RTVSPropertyOp38
  70
1
  102
RTVSPropertyOp39
  70
1
  102
RTVSPropertyOp40
  70
1
  102
RTVSPropertyOp41
  70
1
  102
RTVSPropertyOp42
  70
1
  102
RTVSPropertyOp43
  70
1
  102
RTVSPropertyOp44
  70
1
  102
RTVSPropertyOp45
  70
1
  102
RTVSPropertyOp46
  70
1
  102
RTVSPropertyOp47
  70
1
  102
RTVSPropertyOp48
  70
1
  102
RTVSPropertyOp49
  70
1
  102
RTVSPropertyOp50
  70
1
  102
RTVSPropertyOp51
  70
0
  102
RTVSPropertyOp52
  70
0
  102
RTVSPropertyOp53
  70
1
  102
RTVSPropertyOp54
  70
1
  102
RTVSPropertyOp55
  70
1
  102
RTVSPropertyOp56
  70
1
  102
RTVSPropertyOp57
  70
1
  102
RTVSPropertyOp58
  70
1
  102
RTVSPropertyOp59
  70
1
  102
RTVSPropertyOp60
  70
1
  102
RTVSPropertyOp61
  70
1
  102
RTVSPropertyOp62
  70
1
  0
XRECORD
  5
339
  102
{ACAD_REACTORS
  330
338
  102
}
  330
338
  100
AcDbXrecord
  280
1
  102
RTVSPost2010Prop28
  280
0
  102
RTVSPost2010PropOp28
  70
1
  102
RTVSPost2010Prop29
  280
1
  102
RTVSPost2010PropOp29
  70
1
  102
RTVSPost2010Prop30
  280
1
  102
RTVSPost2010PropOp30
  70
1
  102
RTVSPost2010Prop31
  280
0
  102
RTVSPost2010PropOp31
  70
1
  102
RTVSPost2010Prop32
  280
0
  102
RTVSPost2010PropOp32
  70
1
  102
RTVSPost2010Prop33
  280
0
  102
RTVSPost2010PropOp33
  70
1
  102
RTVSPost2010Prop34
  280
0
  102
RTVSPost2010PropOp34
  70
1
  102
RTVSPost2010Prop35
  280
0
  102
RTVSPost2010PropOp35
  70
1
  102
RTVSPost2010Prop36
  280
0
  102
RTVSPost2010PropOp36
  70
1
  102
RTVSPost2010Prop37
  90
50
  102
RTVSPost2010PropOp37
  70
1
  102
RTVSPost2010Prop38
  140
0
  102
RTVSPost2010PropOp38
  70
1
  102
RTVSPost2010Prop39
  140
1
  102
RTVSPost2010PropOp39
  70
1
  102
RTVSPost2010Prop40
  90
0
  102
RTVSPost2010PropOp40
  70
1
  102
RTVSPost2010Prop41ColorIndex
  90
18
  102
RTVSPost2010Prop41ColorRGB
  90
0
  102
RTVSPost2010PropOp41
  70
1
  102
RTVSPost2010Prop42
  90
50
  102
RTVSPost2010PropOp42
  70
1
  102
RTVSPost2010Prop43
  90
3
  102
RTVSPost2010PropOp43
  70
1
  102
RTVSPost2010Prop44ColorIndex
  90
5
  102
RTVSPost2010Prop44ColorRGB
  90
255
  102
RTVSPost2010PropOp44
  70
1
  102
RTVSPost2010Prop45
  280
0
  102
RTVSPost2010PropOp45
  70
1
  102
RTVSPost2010Prop46
  90
50
  102
RTVSPost2010PropOp46
  70
1
  102
RTVSPost2010Prop47
  90
50
  102
RTVSPost2010PropOp47
  70
1
  102
RTVSPost2010Prop48
  90
50
  102
RTVSPost2010PropOp48
  70
1
  102
RTVSPost2010Prop49
  280
0
  102
RTVSPost2010PropOp49
  70
1
  102
RTVSPost2010Prop50
  90
50
  102
RTVSPost2010PropOp50
  70
1
  102
RTVSPost2010Prop51ColorIndex
  90
256
  102
RTVSPost2010Prop51ColorRGB
  90
-16777216
  102
RTVSPost2010PropOp51
  70
0
  102
RTVSPost2010Prop52
  140
1
  102
RTVSPost2010PropOp52
  70
0
  102
RTVSPost2010Prop53
  90
2
  102
RTVSPost2010PropOp53
  70
1
  102
RTVSPost2010Prop54
  1
strokes_ogs.tif
  102
RTVSPost2010PropOp54
  70
1
  102
RTVSPost2010Prop55
  280
0
  102
RTVSPost2010PropOp55
  70
1
  102
RTVSPost2010Prop56
  140
1
  102
RTVSPost2010PropOp56
  70
1
  102
RTVSPost2010Prop57
  140
1
  102
RTVSPost2010PropOp57
  70
1
  102
RTVSPropertyOp0
  70
1
  102
RTVSPropertyOp1
  70
1
  102
RTVSPropertyOp2
  70
1
  102
RTVSPropertyOp3
  70
1
  102
RTVSPropertyOp4
  70
1
  102
RTVSPropertyOp5
  70
1
  102
RTVSPropertyOp6
  70
1
  102
RTVSPropertyOp7
  70
1
  102
RTVSPropertyOp8
  70
1
  102
RTVSPropertyOp9
  70
1
  102
RTVSPropertyOp10
  70
1
  102
RTVSPropertyOp11
  70
1
  102
RTVSPropertyOp12
  70
1
  102
RTVSPropertyOp13
  70
1
  102
RTVSPropertyOp14
  70
1
  102
RTVSPropertyOp15
  70
1
  102
RTVSPropertyOp16
  70
1
  102
RTVSPropertyOp17
  70
1
  102
RTVSPropertyOp18
  70
1
  102
RTVSPropertyOp19
  70
1
  102
RTVSPropertyOp20
  70
1
  102
RTVSPropertyOp21
  70
1
  102
RTVSPropertyOp22
  70
1
  102
RTVSPropertyOp23
  70
1
  102
RTVSPropertyOp24
  70
1
  102
RTVSPropertyOp25
  70
1
  102
RTVSPropertyOp26
  70
1
  102
RTVSPropertyOp27
  70
1
  102
RTVSPropertyOp28
  70
1
  102
RTVSPropertyOp29
  70
1
  102
RTVSPropertyOp30
  70
1
  102
RTVSPropertyOp31
  70
1
  102
RTVSPropertyOp32
  70
1
  102
RTVSPropertyOp33
  70
1
  102
RTVSPropertyOp34
  70
1
  102
RTVSPropertyOp35
  70
1
  102
RTVSPropertyOp36
  70
1
  102
RTVSPropertyOp37
  70
1
  102
RTVSPropertyOp38
  70
1
  102
RTVSPropertyOp39
  70
1
  102
RTVSPropertyOp40
  70
1
  102
RTVSPropertyOp41
  70
1
  102
RTVSPropertyOp42
  70
1
  102
RTVSPropertyOp43
  70
1
  102
RTVSPropertyOp44
  70
1
  102
RTVSPropertyOp45
  70
1
  102
RTVSPropertyOp46
  70
1
  102
RTVSPropertyOp47
  70
1
  102
RTVSPropertyOp48
  70
1
  102
RTVSPropertyOp49
  70
1
  102
RTVSPropertyOp50
  70
1
  102
RTVSPropertyOp51
  70
0
  102
RTVSPropertyOp52
  70
0
  102
RTVSPropertyOp53
  70
1
  102
RTVSPropertyOp54
  70
1
  102
RTVSPropertyOp55
  70
1
  102
RTVSPropertyOp56
  70
1
  102
RTVSPropertyOp57
  70
1
  102
RTVSPropertyOp58
  70
1
  102
RTVSPropertyOp59
  70
1
  102
RTVSPropertyOp60
  70
1
  102
RTVSPropertyOp61
  70
1
  102
RTVSPropertyOp62
  70
1
  0
XRECORD
  5
337
  102
{ACAD_REACTORS
  330
336
  102
}
  330
336
  100
AcDbXrecord
  280
1
  102
RTVSPost2010Prop28
  280
0
  102
RTVSPost2010PropOp28
  70
1
  102
RTVSPost2010Prop29
  280
1
  102
RTVSPost2010PropOp29
  70
1
  102
RTVSPost2010Prop30
  280
1
  102
RTVSPost2010PropOp30
  70
1
  102
RTVSPost2010Prop31
  280
0
  102
RTVSPost2010PropOp31
  70
1
  102
RTVSPost2010Prop32
  280
0
  102
RTVSPost2010PropOp32
  70
1
  102
RTVSPost2010Prop33
  280
0
  102
RTVSPost2010PropOp33
  70
1
  102
RTVSPost2010Prop34
  280
0
  102
RTVSPost2010PropOp34
  70
1
  102
RTVSPost2010Prop35
  280
0
  102
RTVSPost2010PropOp35
  70
1
  102
RTVSPost2010Prop36
  280
0
  102
RTVSPost2010PropOp36
  70
1
  102
RTVSPost2010Prop37
  90
50
  102
RTVSPost2010PropOp37
  70
1
  102
RTVSPost2010Prop38
  140
0
  102
RTVSPost2010PropOp38
  70
1
  102
RTVSPost2010Prop39
  140
1
  102
RTVSPost2010PropOp39
  70
1
  102
RTVSPost2010Prop40
  90
0
  102
RTVSPost2010PropOp40
  70
1
  102
RTVSPost2010Prop41ColorIndex
  90
18
  102
RTVSPost2010Prop41ColorRGB
  90
0
  102
RTVSPost2010PropOp41
  70
1
  102
RTVSPost2010Prop42
  90
50
  102
RTVSPost2010PropOp42
  70
1
  102
RTVSPost2010Prop43
  90
3
  102
RTVSPost2010PropOp43
  70
1
  102
RTVSPost2010Prop44ColorIndex
  90
5
  102
RTVSPost2010Prop44ColorRGB
  90
255
  102
RTVSPost2010PropOp44
  70
1
  102
RTVSPost2010Prop45
  280
0
  102
RTVSPost2010PropOp45
  70
1
  102
RTVSPost2010Prop46
  90
50
  102
RTVSPost2010PropOp46
  70
1
  102
RTVSPost2010Prop47
  90
50
  102
RTVSPost2010PropOp47
  70
1
  102
RTVSPost2010Prop48
  90
50
  102
RTVSPost2010PropOp48
  70
1
  102
RTVSPost2010Prop49
  280
0
  102
RTVSPost2010PropOp49
  70
1
  102
RTVSPost2010Prop50
  90
50
  102
RTVSPost2010PropOp50
  70
1
  102
RTVSPost2010Prop51ColorIndex
  90
256
  102
RTVSPost2010Prop51ColorRGB
  90
-16777216
  102
RTVSPost2010PropOp51
  70
0
  102
RTVSPost2010Prop52
  140
1
  102
RTVSPost2010PropOp52
  70
0
  102
RTVSPost2010Prop53
  90
2
  102
RTVSPost2010PropOp53
  70
1
  102
RTVSPost2010Prop54
  1
strokes_ogs.tif
  102
RTVSPost2010PropOp54
  70
1
  102
RTVSPost2010Prop55
  280
0
  102
RTVSPost2010PropOp55
  70
1
  102
RTVSPost2010Prop56
  140
1
  102
RTVSPost2010PropOp56
  70
1
  102
RTVSPost2010Prop57
  140
1
  102
RTVSPost2010PropOp57
  70
1
  102
RTVSPropertyOp0
  70
1
  102
RTVSPropertyOp1
  70
1
  102
RTVSPropertyOp2
  70
1
  102
RTVSPropertyOp3
  70
1
  102
RTVSPropertyOp4
  70
1
  102
RTVSPropertyOp5
  70
1
  102
RTVSPropertyOp6
  70
1
  102
RTVSPropertyOp7
  70
1
  102
RTVSPropertyOp8
  70
1
  102
RTVSPropertyOp9
  70
1
  102
RTVSPropertyOp10
  70
1
  102
RTVSPropertyOp11
  70
1
  102
RTVSPropertyOp12
  70
1
  102
RTVSPropertyOp13
  70
1
  102
RTVSPropertyOp14
  70
1
  102
RTVSPropertyOp15
  70
1
  102
RTVSPropertyOp16
  70
1
  102
RTVSPropertyOp17
  70
1
  102
RTVSPropertyOp18
  70
1
  102
RTVSPropertyOp19
  70
1
  102
RTVSPropertyOp20
  70
1
  102
RTVSPropertyOp21
  70
1
  102
RTVSPropertyOp22
  70
1
  102
RTVSPropertyOp23
  70
1
  102
RTVSPropertyOp24
  70
1
  102
RTVSPropertyOp25
  70
1
  102
RTVSPropertyOp26
  70
1
  102
RTVSPropertyOp27
  70
1
  102
RTVSPropertyOp28
  70
1
  102
RTVSPropertyOp29
  70
1
  102
RTVSPropertyOp30
  70
1
  102
RTVSPropertyOp31
  70
1
  102
RTVSPropertyOp32
  70
1
  102
RTVSPropertyOp33
  70
1
  102
RTVSPropertyOp34
  70
1
  102
RTVSPropertyOp35
  70
1
  102
RTVSPropertyOp36
  70
1
  102
RTVSPropertyOp37
  70
1
  102
RTVSPropertyOp38
  70
1
  102
RTVSPropertyOp39
  70
1
  102
RTVSPropertyOp40
  70
1
  102
RTVSPropertyOp41
  70
1
  102
RTVSPropertyOp42
  70
1
  102
RTVSPropertyOp43
  70
1
  102
RTVSPropertyOp44
  70
1
  102
RTVSPropertyOp45
  70
1
  102
RTVSPropertyOp46
  70
1
  102
RTVSPropertyOp47
  70
1
  102
RTVSPropertyOp48
  70
1
  102
RTVSPropertyOp49
  70
1
  102
RTVSPropertyOp50
  70
1
  102
RTVSPropertyOp51
  70
0
  102
RTVSPropertyOp52
  70
0
  102
RTVSPropertyOp53
  70
1
  102
RTVSPropertyOp54
  70
1
  102
RTVSPropertyOp55
  70
1
  102
RTVSPropertyOp56
  70
1
  102
RTVSPropertyOp57
  70
1
  102
RTVSPropertyOp58
  70
1
  102
RTVSPropertyOp59
  70
1
  102
RTVSPropertyOp60
  70
1
  102
RTVSPropertyOp61
  70
1
  102
RTVSPropertyOp62
  70
1
  0
XRECORD
  5
331
  102
{ACAD_REACTORS
  330
330
  102
}
  330
330
  100
AcDbXrecord
  280
1
  102
RTVSPost2010Prop28
  280
0
  102
RTVSPost2010PropOp28
  70
1
  102
RTVSPost2010Prop29
  280
1
  102
RTVSPost2010PropOp29
  70
1
  102
RTVSPost2010Prop30
  280
1
  102
RTVSPost2010PropOp30
  70
1
  102
RTVSPost2010Prop31
  280
0
  102
RTVSPost2010PropOp31
  70
1
  102
RTVSPost2010Prop32
  280
0
  102
RTVSPost2010PropOp32
  70
1
  102
RTVSPost2010Prop33
  280
0
  102
RTVSPost2010PropOp33
  70
1
  102
RTVSPost2010Prop34
  280
0
  102
RTVSPost2010PropOp34
  70
1
  102
RTVSPost2010Prop35
  280
0
  102
RTVSPost2010PropOp35
  70
1
  102
RTVSPost2010Prop36
  280
0
  102
RTVSPost2010PropOp36
  70
1
  102
RTVSPost2010Prop37
  90
50
  102
RTVSPost2010PropOp37
  70
1
  102
RTVSPost2010Prop38
  140
0
  102
RTVSPost2010PropOp38
  70
1
  102
RTVSPost2010Prop39
  140
1
  102
RTVSPost2010PropOp39
  70
1
  102
RTVSPost2010Prop40
  90
0
  102
RTVSPost2010PropOp40
  70
1
  102
RTVSPost2010Prop41ColorIndex
  90
18
  102
RTVSPost2010Prop41ColorRGB
  90
0
  102
RTVSPost2010PropOp41
  70
1
  102
RTVSPost2010Prop42
  90
50
  102
RTVSPost2010PropOp42
  70
1
  102
RTVSPost2010Prop43
  90
3
  102
RTVSPost2010PropOp43
  70
1
  102
RTVSPost2010Prop44ColorIndex
  90
5
  102
RTVSPost2010Prop44ColorRGB
  90
255
  102
RTVSPost2010PropOp44
  70
1
  102
RTVSPost2010Prop45
  280
0
  102
RTVSPost2010PropOp45
  70
1
  102
RTVSPost2010Prop46
  90
50
  102
RTVSPost2010PropOp46
  70
1
  102
RTVSPost2010Prop47
  90
50
  102
RTVSPost2010PropOp47
  70
1
  102
RTVSPost2010Prop48
  90
50
  102
RTVSPost2010PropOp48
  70
1
  102
RTVSPost2010Prop49
  280
0
  102
RTVSPost2010PropOp49
  70
1
  102
RTVSPost2010Prop50
  90
50
  102
RTVSPost2010PropOp50
  70
1
  102
RTVSPost2010Prop51ColorIndex
  90
256
  102
RTVSPost2010Prop51ColorRGB
  90
-16777216
  102
RTVSPost2010PropOp51
  70
0
  102
RTVSPost2010Prop52
  140
1
  102
RTVSPost2010PropOp52
  70
0
  102
RTVSPost2010Prop53
  90
2
  102
RTVSPost2010PropOp53
  70
1
  102
RTVSPost2010Prop54
  1
strokes_ogs.tif
  102
RTVSPost2010PropOp54
  70
1
  102
RTVSPost2010Prop55
  280
0
  102
RTVSPost2010PropOp55
  70
1
  102
RTVSPost2010Prop56
  140
1
  102
RTVSPost2010PropOp56
  70
1
  102
RTVSPost2010Prop57
  140
1
  102
RTVSPost2010PropOp57
  70
1
  102
RTVSPropertyOp0
  70
1
  102
RTVSPropertyOp1
  70
1
  102
RTVSPropertyOp2
  70
1
  102
RTVSPropertyOp3
  70
1
  102
RTVSPropertyOp4
  70
1
  102
RTVSPropertyOp5
  70
1
  102
RTVSPropertyOp6
  70
1
  102
RTVSPropertyOp7
  70
1
  102
RTVSPropertyOp8
  70
1
  102
RTVSPropertyOp9
  70
1
  102
RTVSPropertyOp10
  70
1
  102
RTVSPropertyOp11
  70
1
  102
RTVSPropertyOp12
  70
1
  102
RTVSPropertyOp13
  70
1
  102
RTVSPropertyOp14
  70
1
  102
RTVSPropertyOp15
  70
1
  102
RTVSPropertyOp16
  70
1
  102
RTVSPropertyOp17
  70
1
  102
RTVSPropertyOp18
  70
1
  102
RTVSPropertyOp19
  70
1
  102
RTVSPropertyOp20
  70
1
  102
RTVSPropertyOp21
  70
1
  102
RTVSPropertyOp22
  70
1
  102
RTVSPropertyOp23
  70
1
  102
RTVSPropertyOp24
  70
1
  102
RTVSPropertyOp25
  70
1
  102
RTVSPropertyOp26
  70
1
  102
RTVSPropertyOp27
  70
1
  102
RTVSPropertyOp28
  70
1
  102
RTVSPropertyOp29
  70
1
  102
RTVSPropertyOp30
  70
1
  102
RTVSPropertyOp31
  70
1
  102
RTVSPropertyOp32
  70
1
  102
RTVSPropertyOp33
  70
1
  102
RTVSPropertyOp34
  70
1
  102
RTVSPropertyOp35
  70
1
  102
RTVSPropertyOp36
  70
1
  102
RTVSPropertyOp37
  70
1
  102
RTVSPropertyOp38
  70
1
  102
RTVSPropertyOp39
  70
1
  102
RTVSPropertyOp40
  70
1
  102
RTVSPropertyOp41
  70
1
  102
RTVSPropertyOp42
  70
1
  102
RTVSPropertyOp43
  70
1
  102
RTVSPropertyOp44
  70
1
  102
RTVSPropertyOp45
  70
1
  102
RTVSPropertyOp46
  70
1
  102
RTVSPropertyOp47
  70
1
  102
RTVSPropertyOp48
  70
1
  102
RTVSPropertyOp49
  70
1
  102
RTVSPropertyOp50
  70
1
  102
RTVSPropertyOp51
  70
0
  102
RTVSPropertyOp52
  70
0
  102
RTVSPropertyOp53
  70
1
  102
RTVSPropertyOp54
  70
1
  102
RTVSPropertyOp55
  70
1
  102
RTVSPropertyOp56
  70
1
  102
RTVSPropertyOp57
  70
1
  102
RTVSPropertyOp58
  70
1
  102
RTVSPropertyOp59
  70
1
  102
RTVSPropertyOp60
  70
1
  102
RTVSPropertyOp61
  70
1
  102
RTVSPropertyOp62
  70
1
  0
XRECORD
  5
333
  102
{ACAD_REACTORS
  330
332
  102
}
  330
332
  100
AcDbXrecord
  280
1
  102
RTVSPost2010Prop28
  280
0
  102
RTVSPost2010PropOp28
  70
1
  102
RTVSPost2010Prop29
  280
1
  102
RTVSPost2010PropOp29
  70
1
  102
RTVSPost2010Prop30
  280
1
  102
RTVSPost2010PropOp30
  70
1
  102
RTVSPost2010Prop31
  280
0
  102
RTVSPost2010PropOp31
  70
1
  102
RTVSPost2010Prop32
  280
0
  102
RTVSPost2010PropOp32
  70
1
  102
RTVSPost2010Prop33
  280
0
  102
RTVSPost2010PropOp33
  70
1
  102
RTVSPost2010Prop34
  280
0
  102
RTVSPost2010PropOp34
  70
1
  102
RTVSPost2010Prop35
  280
0
  102
RTVSPost2010PropOp35
  70
1
  102
RTVSPost2010Prop36
  280
0
  102
RTVSPost2010PropOp36
  70
1
  102
RTVSPost2010Prop37
  90
50
  102
RTVSPost2010PropOp37
  70
1
  102
RTVSPost2010Prop38
  140
0
  102
RTVSPost2010PropOp38
  70
1
  102
RTVSPost2010Prop39
  140
1
  102
RTVSPost2010PropOp39
  70
1
  102
RTVSPost2010Prop40
  90
0
  102
RTVSPost2010PropOp40
  70
1
  102
RTVSPost2010Prop41ColorIndex
  90
18
  102
RTVSPost2010Prop41ColorRGB
  90
0
  102
RTVSPost2010PropOp41
  70
1
  102
RTVSPost2010Prop42
  90
50
  102
RTVSPost2010PropOp42
  70
1
  102
RTVSPost2010Prop43
  90
3
  102
RTVSPost2010PropOp43
  70
1
  102
RTVSPost2010Prop44ColorIndex
  90
5
  102
RTVSPost2010Prop44ColorRGB
  90
255
  102
RTVSPost2010PropOp44
  70
1
  102
RTVSPost2010Prop45
  280
0
  102
RTVSPost2010PropOp45
  70
1
  102
RTVSPost2010Prop46
  90
50
  102
RTVSPost2010PropOp46
  70
1
  102
RTVSPost2010Prop47
  90
50
  102
RTVSPost2010PropOp47
  70
1
  102
RTVSPost2010Prop48
  90
50
  102
RTVSPost2010PropOp48
  70
1
  102
RTVSPost2010Prop49
  280
0
  102
RTVSPost2010PropOp49
  70
1
  102
RTVSPost2010Prop50
  90
50
  102
RTVSPost2010PropOp50
  70
1
  102
RTVSPost2010Prop51ColorIndex
  90
256
  102
RTVSPost2010Prop51ColorRGB
  90
-16777216
  102
RTVSPost2010PropOp51
  70
0
  102
RTVSPost2010Prop52
  140
1
  102
RTVSPost2010PropOp52
  70
0
  102
RTVSPost2010Prop53
  90
2
  102
RTVSPost2010PropOp53
  70
1
  102
RTVSPost2010Prop54
  1
strokes_ogs.tif
  102
RTVSPost2010PropOp54
  70
1
  102
RTVSPost2010Prop55
  280
0
  102
RTVSPost2010PropOp55
  70
1
  102
RTVSPost2010Prop56
  140
1
  102
RTVSPost2010PropOp56
  70
1
  102
RTVSPost2010Prop57
  140
1
  102
RTVSPost2010PropOp57
  70
1
  102
RTVSPropertyOp0
  70
1
  102
RTVSPropertyOp1
  70
1
  102
RTVSPropertyOp2
  70
1
  102
RTVSPropertyOp3
  70
1
  102
RTVSPropertyOp4
  70
1
  102
RTVSPropertyOp5
  70
1
  102
RTVSPropertyOp6
  70
1
  102
RTVSPropertyOp7
  70
1
  102
RTVSPropertyOp8
  70
1
  102
RTVSPropertyOp9
  70
1
  102
RTVSPropertyOp10
  70
1
  102
RTVSPropertyOp11
  70
1
  102
RTVSPropertyOp12
  70
1
  102
RTVSPropertyOp13
  70
1
  102
RTVSPropertyOp14
  70
1
  102
RTVSPropertyOp15
  70
1
  102
RTVSPropertyOp16
  70
1
  102
RTVSPropertyOp17
  70
1
  102
RTVSPropertyOp18
  70
1
  102
RTVSPropertyOp19
  70
1
  102
RTVSPropertyOp20
  70
1
  102
RTVSPropertyOp21
  70
1
  102
RTVSPropertyOp22
  70
1
  102
RTVSPropertyOp23
  70
1
  102
RTVSPropertyOp24
  70
1
  102
RTVSPropertyOp25
  70
1
  102
RTVSPropertyOp26
  70
1
  102
RTVSPropertyOp27
  70
1
  102
RTVSPropertyOp28
  70
1
  102
RTVSPropertyOp29
  70
1
  102
RTVSPropertyOp30
  70
1
  102
RTVSPropertyOp31
  70
1
  102
RTVSPropertyOp32
  70
1
  102
RTVSPropertyOp33
  70
1
  102
RTVSPropertyOp34
  70
1
  102
RTVSPropertyOp35
  70
1
  102
RTVSPropertyOp36
  70
1
  102
RTVSPropertyOp37
  70
1
  102
RTVSPropertyOp38
  70
1
  102
RTVSPropertyOp39
  70
1
  102
RTVSPropertyOp40
  70
1
  102
RTVSPropertyOp41
  70
1
  102
RTVSPropertyOp42
  70
1
  102
RTVSPropertyOp43
  70
1
  102
RTVSPropertyOp44
  70
1
  102
RTVSPropertyOp45
  70
1
  102
RTVSPropertyOp46
  70
1
  102
RTVSPropertyOp47
  70
1
  102
RTVSPropertyOp48
  70
1
  102
RTVSPropertyOp49
  70
1
  102
RTVSPropertyOp50
  70
1
  102
RTVSPropertyOp51
  70
0
  102
RTVSPropertyOp52
  70
0
  102
RTVSPropertyOp53
  70
1
  102
RTVSPropertyOp54
  70
1
  102
RTVSPropertyOp55
  70
1
  102
RTVSPropertyOp56
  70
1
  102
RTVSPropertyOp57
  70
1
  102
RTVSPropertyOp58
  70
1
  102
RTVSPropertyOp59
  70
1
  102
RTVSPropertyOp60
  70
1
  102
RTVSPropertyOp61
  70
1
  102
RTVSPropertyOp62
  70
1
  0
XRECORD
  5
323
  102
{ACAD_REACTORS
  330
322
  102
}
  330
322
  100
AcDbXrecord
  280
1
  102
RTVSPost2010Prop28
  280
0
  102
RTVSPost2010PropOp28
  70
1
  102
RTVSPost2010Prop29
  280
1
  102
RTVSPost2010PropOp29
  70
1
  102
RTVSPost2010Prop30
  280
1
  102
RTVSPost2010PropOp30
  70
1
  102
RTVSPost2010Prop31
  280
0
  102
RTVSPost2010PropOp31
  70
1
  102
RTVSPost2010Prop32
  280
0
  102
RTVSPost2010PropOp32
  70
1
  102
RTVSPost2010Prop33
  280
0
  102
RTVSPost2010PropOp33
  70
1
  102
RTVSPost2010Prop34
  280
0
  102
RTVSPost2010PropOp34
  70
1
  102
RTVSPost2010Prop35
  280
0
  102
RTVSPost2010PropOp35
  70
1
  102
RTVSPost2010Prop36
  280
0
  102
RTVSPost2010PropOp36
  70
1
  102
RTVSPost2010Prop37
  90
50
  102
RTVSPost2010PropOp37
  70
1
  102
RTVSPost2010Prop38
  140
0
  102
RTVSPost2010PropOp38
  70
1
  102
RTVSPost2010Prop39
  140
1
  102
RTVSPost2010PropOp39
  70
1
  102
RTVSPost2010Prop40
  90
0
  102
RTVSPost2010PropOp40
  70
1
  102
RTVSPost2010Prop41ColorIndex
  90
18
  102
RTVSPost2010Prop41ColorRGB
  90
0
  102
RTVSPost2010PropOp41
  70
1
  102
RTVSPost2010Prop42
  90
50
  102
RTVSPost2010PropOp42
  70
1
  102
RTVSPost2010Prop43
  90
3
  102
RTVSPost2010PropOp43
  70
1
  102
RTVSPost2010Prop44ColorIndex
  90
5
  102
RTVSPost2010Prop44ColorRGB
  90
255
  102
RTVSPost2010PropOp44
  70
1
  102
RTVSPost2010Prop45
  280
0
  102
RTVSPost2010PropOp45
  70
1
  102
RTVSPost2010Prop46
  90
50
  102
RTVSPost2010PropOp46
  70
1
  102
RTVSPost2010Prop47
  90
50
  102
RTVSPost2010PropOp47
  70
1
  102
RTVSPost2010Prop48
  90
50
  102
RTVSPost2010PropOp48
  70
1
  102
RTVSPost2010Prop49
  280
0
  102
RTVSPost2010PropOp49
  70
1
  102
RTVSPost2010Prop50
  90
50
  102
RTVSPost2010PropOp50
  70
1
  102
RTVSPost2010Prop51ColorIndex
  90
256
  102
RTVSPost2010Prop51ColorRGB
  90
-16777216
  102
RTVSPost2010PropOp51
  70
0
  102
RTVSPost2010Prop52
  140
1
  102
RTVSPost2010PropOp52
  70
0
  102
RTVSPost2010Prop53
  90
2
  102
RTVSPost2010PropOp53
  70
1
  102
RTVSPost2010Prop54
  1
strokes_ogs.tif
  102
RTVSPost2010PropOp54
  70
1
  102
RTVSPost2010Prop55
  280
0
  102
RTVSPost2010PropOp55
  70
1
  102
RTVSPost2010Prop56
  140
1
  102
RTVSPost2010PropOp56
  70
1
  102
RTVSPost2010Prop57
  140
1
  102
RTVSPost2010PropOp57
  70
1
  102
RTVSPropertyOp0
  70
1
  102
RTVSPropertyOp1
  70
1
  102
RTVSPropertyOp2
  70
1
  102
RTVSPropertyOp3
  70
1
  102
RTVSPropertyOp4
  70
1
  102
RTVSPropertyOp5
  70
1
  102
RTVSPropertyOp6
  70
1
  102
RTVSPropertyOp7
  70
1
  102
RTVSPropertyOp8
  70
1
  102
RTVSPropertyOp9
  70
1
  102
RTVSPropertyOp10
  70
1
  102
RTVSPropertyOp11
  70
1
  102
RTVSPropertyOp12
  70
1
  102
RTVSPropertyOp13
  70
1
  102
RTVSPropertyOp14
  70
1
  102
RTVSPropertyOp15
  70
1
  102
RTVSPropertyOp16
  70
1
  102
RTVSPropertyOp17
  70
1
  102
RTVSPropertyOp18
  70
1
  102
RTVSPropertyOp19
  70
1
  102
RTVSPropertyOp20
  70
1
  102
RTVSPropertyOp21
  70
1
  102
RTVSPropertyOp22
  70
1
  102
RTVSPropertyOp23
  70
1
  102
RTVSPropertyOp24
  70
1
  102
RTVSPropertyOp25
  70
1
  102
RTVSPropertyOp26
  70
1
  102
RTVSPropertyOp27
  70
1
  102
RTVSPropertyOp28
  70
1
  102
RTVSPropertyOp29
  70
1
  102
RTVSPropertyOp30
  70
1
  102
RTVSPropertyOp31
  70
1
  102
RTVSPropertyOp32
  70
1
  102
RTVSPropertyOp33
  70
1
  102
RTVSPropertyOp34
  70
1
  102
RTVSPropertyOp35
  70
1
  102
RTVSPropertyOp36
  70
1
  102
RTVSPropertyOp37
  70
1
  102
RTVSPropertyOp38
  70
1
  102
RTVSPropertyOp39
  70
1
  102
RTVSPropertyOp40
  70
1
  102
RTVSPropertyOp41
  70
1
  102
RTVSPropertyOp42
  70
1
  102
RTVSPropertyOp43
  70
1
  102
RTVSPropertyOp44
  70
1
  102
RTVSPropertyOp45
  70
1
  102
RTVSPropertyOp46
  70
1
  102
RTVSPropertyOp47
  70
1
  102
RTVSPropertyOp48
  70
1
  102
RTVSPropertyOp49
  70
1
  102
RTVSPropertyOp50
  70
1
  102
RTVSPropertyOp51
  70
0
  102
RTVSPropertyOp52
  70
0
  102
RTVSPropertyOp53
  70
1
  102
RTVSPropertyOp54
  70
1
  102
RTVSPropertyOp55
  70
1
  102
RTVSPropertyOp56
  70
1
  102
RTVSPropertyOp57
  70
1
  102
RTVSPropertyOp58
  70
1
  102
RTVSPropertyOp59
  70
1
  102
RTVSPropertyOp60
  70
1
  102
RTVSPropertyOp61
  70
1
  102
RTVSPropertyOp62
  70
1
  0
XRECORD
  5
317
  102
{ACAD_REACTORS
  330
316
  102
}
  330
316
  100
AcDbXrecord
  280
1
  102
RTVSPost2010Prop28
  280
0
  102
RTVSPost2010PropOp28
  70
1
  102
RTVSPost2010Prop29
  280
1
  102
RTVSPost2010PropOp29
  70
1
  102
RTVSPost2010Prop30
  280
1
  102
RTVSPost2010PropOp30
  70
1
  102
RTVSPost2010Prop31
  280
0
  102
RTVSPost2010PropOp31
  70
1
  102
RTVSPost2010Prop32
  280
0
  102
RTVSPost2010PropOp32
  70
1
  102
RTVSPost2010Prop33
  280
0
  102
RTVSPost2010PropOp33
  70
1
  102
RTVSPost2010Prop34
  280
0
  102
RTVSPost2010PropOp34
  70
1
  102
RTVSPost2010Prop35
  280
0
  102
RTVSPost2010PropOp35
  70
1
  102
RTVSPost2010Prop36
  280
0
  102
RTVSPost2010PropOp36
  70
1
  102
RTVSPost2010Prop37
  90
50
  102
RTVSPost2010PropOp37
  70
1
  102
RTVSPost2010Prop38
  140
0
  102
RTVSPost2010PropOp38
  70
1
  102
RTVSPost2010Prop39
  140
1
  102
RTVSPost2010PropOp39
  70
1
  102
RTVSPost2010Prop40
  90
0
  102
RTVSPost2010PropOp40
  70
1
  102
RTVSPost2010Prop41ColorIndex
  90
18
  102
RTVSPost2010Prop41ColorRGB
  90
0
  102
RTVSPost2010PropOp41
  70
1
  102
RTVSPost2010Prop42
  90
50
  102
RTVSPost2010PropOp42
  70
1
  102
RTVSPost2010Prop43
  90
3
  102
RTVSPost2010PropOp43
  70
1
  102
RTVSPost2010Prop44ColorIndex
  90
5
  102
RTVSPost2010Prop44ColorRGB
  90
255
  102
RTVSPost2010PropOp44
  70
1
  102
RTVSPost2010Prop45
  280
0
  102
RTVSPost2010PropOp45
  70
1
  102
RTVSPost2010Prop46
  90
50
  102
RTVSPost2010PropOp46
  70
1
  102
RTVSPost2010Prop47
  90
50
  102
RTVSPost2010PropOp47
  70
1
  102
RTVSPost2010Prop48
  90
50
  102
RTVSPost2010PropOp48
  70
1
  102
RTVSPost2010Prop49
  280
0
  102
RTVSPost2010PropOp49
  70
1
  102
RTVSPost2010Prop50
  90
50
  102
RTVSPost2010PropOp50
  70
1
  102
RTVSPost2010Prop51ColorIndex
  90
256
  102
RTVSPost2010Prop51ColorRGB
  90
-16777216
  102
RTVSPost2010PropOp51
  70
0
  102
RTVSPost2010Prop52
  140
1
  102
RTVSPost2010PropOp52
  70
0
  102
RTVSPost2010Prop53
  90
2
  102
RTVSPost2010PropOp53
  70
1
  102
RTVSPost2010Prop54
  1
strokes_ogs.tif
  102
RTVSPost2010PropOp54
  70
1
  102
RTVSPost2010Prop55
  280
0
  102
RTVSPost2010PropOp55
  70
1
  102
RTVSPost2010Prop56
  140
1
  102
RTVSPost2010PropOp56
  70
1
  102
RTVSPost2010Prop57
  140
1
  102
RTVSPost2010PropOp57
  70
1
  102
RTVSPropertyOp0
  70
1
  102
RTVSPropertyOp1
  70
1
  102
RTVSPropertyOp2
  70
1
  102
RTVSPropertyOp3
  70
1
  102
RTVSPropertyOp4
  70
1
  102
RTVSPropertyOp5
  70
1
  102
RTVSPropertyOp6
  70
1
  102
RTVSPropertyOp7
  70
1
  102
RTVSPropertyOp8
  70
1
  102
RTVSPropertyOp9
  70
1
  102
RTVSPropertyOp10
  70
1
  102
RTVSPropertyOp11
  70
1
  102
RTVSPropertyOp12
  70
1
  102
RTVSPropertyOp13
  70
1
  102
RTVSPropertyOp14
  70
1
  102
RTVSPropertyOp15
  70
1
  102
RTVSPropertyOp16
  70
1
  102
RTVSPropertyOp17
  70
1
  102
RTVSPropertyOp18
  70
1
  102
RTVSPropertyOp19
  70
1
  102
RTVSPropertyOp20
  70
1
  102
RTVSPropertyOp21
  70
1
  102
RTVSPropertyOp22
  70
1
  102
RTVSPropertyOp23
  70
1
  102
RTVSPropertyOp24
  70
1
  102
RTVSPropertyOp25
  70
1
  102
RTVSPropertyOp26
  70
1
  102
RTVSPropertyOp27
  70
1
  102
RTVSPropertyOp28
  70
1
  102
RTVSPropertyOp29
  70
1
  102
RTVSPropertyOp30
  70
1
  102
RTVSPropertyOp31
  70
1
  102
RTVSPropertyOp32
  70
1
  102
RTVSPropertyOp33
  70
1
  102
RTVSPropertyOp34
  70
1
  102
RTVSPropertyOp35
  70
1
  102
RTVSPropertyOp36
  70
1
  102
RTVSPropertyOp37
  70
1
  102
RTVSPropertyOp38
  70
1
  102
RTVSPropertyOp39
  70
1
  102
RTVSPropertyOp40
  70
1
  102
RTVSPropertyOp41
  70
1
  102
RTVSPropertyOp42
  70
1
  102
RTVSPropertyOp43
  70
1
  102
RTVSPropertyOp44
  70
1
  102
RTVSPropertyOp45
  70
1
  102
RTVSPropertyOp46
  70
1
  102
RTVSPropertyOp47
  70
1
  102
RTVSPropertyOp48
  70
1
  102
RTVSPropertyOp49
  70
1
  102
RTVSPropertyOp50
  70
1
  102
RTVSPropertyOp51
  70
0
  102
RTVSPropertyOp52
  70
0
  102
RTVSPropertyOp53
  70
1
  102
RTVSPropertyOp54
  70
1
  102
RTVSPropertyOp55
  70
1
  102
RTVSPropertyOp56
  70
1
  102
RTVSPropertyOp57
  70
1
  102
RTVSPropertyOp58
  70
1
  102
RTVSPropertyOp59
  70
1
  102
RTVSPropertyOp60
  70
1
  102
RTVSPropertyOp61
  70
1
  102
RTVSPropertyOp62
  70
1
  0
XRECORD
  5
335
  102
{ACAD_REACTORS
  330
334
  102
}
  330
334
  100
AcDbXrecord
  280
1
  102
RTVSPost2010Prop28
  280
0
  102
RTVSPost2010PropOp28
  70
1
  102
RTVSPost2010Prop29
  280
1
  102
RTVSPost2010PropOp29
  70
1
  102
RTVSPost2010Prop30
  280
1
  102
RTVSPost2010PropOp30
  70
1
  102
RTVSPost2010Prop31
  280
0
  102
RTVSPost2010PropOp31
  70
1
  102
RTVSPost2010Prop32
  280
0
  102
RTVSPost2010PropOp32
  70
1
  102
RTVSPost2010Prop33
  280
0
  102
RTVSPost2010PropOp33
  70
1
  102
RTVSPost2010Prop34
  280
0
  102
RTVSPost2010PropOp34
  70
1
  102
RTVSPost2010Prop35
  280
0
  102
RTVSPost2010PropOp35
  70
1
  102
RTVSPost2010Prop36
  280
0
  102
RTVSPost2010PropOp36
  70
1
  102
RTVSPost2010Prop37
  90
50
  102
RTVSPost2010PropOp37
  70
1
  102
RTVSPost2010Prop38
  140
0
  102
RTVSPost2010PropOp38
  70
1
  102
RTVSPost2010Prop39
  140
1
  102
RTVSPost2010PropOp39
  70
1
  102
RTVSPost2010Prop40
  90
0
  102
RTVSPost2010PropOp40
  70
1
  102
RTVSPost2010Prop41ColorIndex
  90
18
  102
RTVSPost2010Prop41ColorRGB
  90
0
  102
RTVSPost2010PropOp41
  70
1
  102
RTVSPost2010Prop42
  90
50
  102
RTVSPost2010PropOp42
  70
1
  102
RTVSPost2010Prop43
  90
3
  102
RTVSPost2010PropOp43
  70
1
  102
RTVSPost2010Prop44ColorIndex
  90
5
  102
RTVSPost2010Prop44ColorRGB
  90
255
  102
RTVSPost2010PropOp44
  70
1
  102
RTVSPost2010Prop45
  280
0
  102
RTVSPost2010PropOp45
  70
1
  102
RTVSPost2010Prop46
  90
50
  102
RTVSPost2010PropOp46
  70
1
  102
RTVSPost2010Prop47
  90
50
  102
RTVSPost2010PropOp47
  70
1
  102
RTVSPost2010Prop48
  90
50
  102
RTVSPost2010PropOp48
  70
1
  102
RTVSPost2010Prop49
  280
0
  102
RTVSPost2010PropOp49
  70
1
  102
RTVSPost2010Prop50
  90
50
  102
RTVSPost2010PropOp50
  70
1
  102
RTVSPost2010Prop51ColorIndex
  90
256
  102
RTVSPost2010Prop51ColorRGB
  90
-16777216
  102
RTVSPost2010PropOp51
  70
0
  102
RTVSPost2010Prop52
  140
1
  102
RTVSPost2010PropOp52
  70
0
  102
RTVSPost2010Prop53
  90
2
  102
RTVSPost2010PropOp53
  70
1
  102
RTVSPost2010Prop54
  1
strokes_ogs.tif
  102
RTVSPost2010PropOp54
  70
1
  102
RTVSPost2010Prop55
  280
0
  102
RTVSPost2010PropOp55
  70
1
  102
RTVSPost2010Prop56
  140
1
  102
RTVSPost2010PropOp56
  70
1
  102
RTVSPost2010Prop57
  140
1
  102
RTVSPost2010PropOp57
  70
1
  102
RTVSPropertyOp0
  70
1
  102
RTVSPropertyOp1
  70
1
  102
RTVSPropertyOp2
  70
1
  102
RTVSPropertyOp3
  70
1
  102
RTVSPropertyOp4
  70
1
  102
RTVSPropertyOp5
  70
1
  102
RTVSPropertyOp6
  70
1
  102
RTVSPropertyOp7
  70
1
  102
RTVSPropertyOp8
  70
1
  102
RTVSPropertyOp9
  70
1
  102
RTVSPropertyOp10
  70
1
  102
RTVSPropertyOp11
  70
1
  102
RTVSPropertyOp12
  70
1
  102
RTVSPropertyOp13
  70
1
  102
RTVSPropertyOp14
  70
1
  102
RTVSPropertyOp15
  70
1
  102
RTVSPropertyOp16
  70
1
  102
RTVSPropertyOp17
  70
1
  102
RTVSPropertyOp18
  70
1
  102
RTVSPropertyOp19
  70
1
  102
RTVSPropertyOp20
  70
1
  102
RTVSPropertyOp21
  70
1
  102
RTVSPropertyOp22
  70
1
  102
RTVSPropertyOp23
  70
1
  102
RTVSPropertyOp24
  70
1
  102
RTVSPropertyOp25
  70
1
  102
RTVSPropertyOp26
  70
1
  102
RTVSPropertyOp27
  70
1
  102
RTVSPropertyOp28
  70
1
  102
RTVSPropertyOp29
  70
1
  102
RTVSPropertyOp30
  70
1
  102
RTVSPropertyOp31
  70
1
  102
RTVSPropertyOp32
  70
1
  102
RTVSPropertyOp33
  70
1
  102
RTVSPropertyOp34
  70
1
  102
RTVSPropertyOp35
  70
1
  102
RTVSPropertyOp36
  70
1
  102
RTVSPropertyOp37
  70
1
  102
RTVSPropertyOp38
  70
1
  102
RTVSPropertyOp39
  70
1
  102
RTVSPropertyOp40
  70
1
  102
RTVSPropertyOp41
  70
1
  102
RTVSPropertyOp42
  70
1
  102
RTVSPropertyOp43
  70
1
  102
RTVSPropertyOp44
  70
1
  102
RTVSPropertyOp45
  70
1
  102
RTVSPropertyOp46
  70
1
  102
RTVSPropertyOp47
  70
1
  102
RTVSPropertyOp48
  70
1
  102
RTVSPropertyOp49
  70
1
  102
RTVSPropertyOp50
  70
1
  102
RTVSPropertyOp51
  70
0
  102
RTVSPropertyOp52
  70
0
  102
RTVSPropertyOp53
  70
1
  102
RTVSPropertyOp54
  70
1
  102
RTVSPropertyOp55
  70
1
  102
RTVSPropertyOp56
  70
1
  102
RTVSPropertyOp57
  70
1
  102
RTVSPropertyOp58
  70
1
  102
RTVSPropertyOp59
  70
1
  102
RTVSPropertyOp60
  70
1
  102
RTVSPropertyOp61
  70
1
  102
RTVSPropertyOp62
  70
1
  0
ENDSEC
  0
EOF